timestamp,timestamp_sample,control[0],control[1],control[2],control[3],control[4],control[5],control[6],control[7]
76833944,76833869,-0.41775194,0.42975637,0.001915819,0.08,0.0,0.0,0.0,-1.0
76933941,76933869,-0.41711557,0.428622,0.0020192224,0.08,0.0,0.0,0.0,-1.0
77037939,77037867,-0.41706324,0.4284398,0.0020523926,0.08,0.0,0.0,0.0,-1.0
77141941,77141869,-0.058887906,0.08973032,0.0003964818,0.08,0.0,0.0,0.0,-1.0
77241981,77241891,-0.004718739,0.019933011,0.0017923707,0.08,0.0,0.0,0.0,-1.0
77345957,77345868,-0.009433388,0.0121845985,0.0037712331,0.08,0.0,0.0,0.0,-1.0
77445964,77445875,-0.008610709,0.016815687,-0.0020166875,0.08,0.0,0.0,0.0,-1.0
77546002,77545910,-0.0056569325,0.01435398,-0.0020650323,0.08,0.0,0.0,0.0,-1.0
77649960,77649880,-0.0010966766,0.01623179,0.0016851015,0.08,0.0,0.0,0.0,-1.0
77750047,77749875,-0.0027769005,0.015214891,0.0005197671,0.08,0.0,0.0,0.0,-1.0
77849973,77849869,-0.0015838806,0.01497067,-0.00051195564,0.08,0.0,0.0,0.0,-1.0
77953965,77953889,0.019829495,0.015259623,-0.00014146102,0.08,0.0,0.0,0.0,-1.0
78053956,78053880,-0.0015078632,0.017728187,-0.0042578946,0.08,0.0,0.0,0.0,-1.0
78157941,78157869,0.020982098,0.011316176,-0.008101973,0.08,0.0,0.0,0.0,-1.0
78262023,78261869,0.012805152,0.012642736,-0.0035296043,0.08,0.0,0.0,0.0,-1.0
78362025,78361869,-0.0041544084,0.013752154,0.00063028367,0.08,0.0,0.0,0.0,-1.0
78465965,78465876,-0.011556745,0.004413964,0.0017600693,0.08,0.0,0.0,0.0,-1.0
78565976,78565904,-0.0006054245,0.020278359,0.00040306328,0.08,0.0,0.0,0.0,-1.0
78665992,78665898,-0.0016343947,-0.0040406347,0.0006101516,0.08,0.0,0.0,0.0,-1.0
78769956,78769869,0.0090591,0.005263845,0.0011564717,0.094406895,0.0,0.0,0.0,-1.0
78869962,78869869,0.0018802834,0.023121541,-0.0023959635,0.16757256,0.0,0.0,0.0,-1.0
78969955,78969869,-0.008581289,0.011958536,-0.0019523685,0.22161254,0.0,0.0,0.0,-1.0
79074022,79073905,-0.02101497,0.04028487,-9.529316e-05,0.21963695,0.0,0.0,0.0,-1.0
79173946,79173872,0.010825011,0.01451049,-0.00018797345,0.21966162,0.0,0.0,0.0,-1.0
79277992,79277875,-0.018811287,0.037239622,3.5605968e-05,0.21966262,0.0,0.0,0.0,-1.0
79381980,79381888,-0.008205537,0.034090776,0.00028543425,0.22075103,0.0,0.0,0.0,-1.0
79481985,79481878,-0.05125709,0.03723464,0.00060915505,0.23980671,0.0,0.0,0.0,-1.0
79585958,79585868,-0.045121193,0.029606473,0.0013875427,0.25157103,0.0,0.0,0.0,-1.0
79685958,79685868,0.010064397,0.014408221,0.0032596593,0.2829477,0.0,0.0,0.0,-1.0
79786144,79785910,-0.01869998,0.025410166,-0.0010871589,0.2813867,0.0,0.0,0.0,-1.0
79889994,79889883,-0.02998089,0.019089172,0.001540009,0.29392257,0.0,0.0,0.0,-1.0
79989950,79989877,-0.066535115,0.029362526,-0.001181599,0.30714527,0.0,0.0,0.0,-1.0
80089942,80089869,0.03178728,-0.006647224,-0.00029343276,0.31163687,0.0,0.0,0.0,-1.0
80193945,80193870,-0.085366234,0.04195295,0.0012653293,0.31281477,0.0,0.0,0.0,-1.0
80293980,80293869,0.024150748,-0.025141926,0.0008512557,0.314062,0.0,0.0,0.0,-1.0
80397942,80397869,0.06586258,-0.006537129,-0.0029403346,0.343588,0.0,0.0,0.0,-1.0
80498003,80497919,0.08581994,0.009548187,-0.004941365,0.34208816,0.0,0.0,0.0,-1.0
80597968,80597892,-0.07297758,0.026452335,-0.004847146,0.34380236,0.0,0.0,0.0,-1.0
80701942,80701869,-0.020444285,-0.0042270226,-0.0038730777,0.3747974,0.0,0.0,0.0,-1.0
80801960,80801869,-0.041643176,-0.0027841947,-0.004127724,0.37348858,0.0,0.0,0.0,-1.0
80901942,80901869,-0.002217591,-0.014916633,-0.0066076396,0.3745478,0.0,0.0,0.0,-1.0
81005942,81005869,0.07204685,0.008336029,-0.0019832943,0.404121,0.0,0.0,0.0,-1.0
81105979,81105890,0.08093214,0.03340002,-0.0015670523,0.4028316,0.0,0.0,0.0,-1.0
81210004,81209894,-0.12802917,-0.023192303,0.0025102869,0.40284276,0.0,0.0,0.0,-1.0
81310000,81309869,0.0839751,-0.07259191,0.0011374574,0.4028434,0.0,0.0,0.0,-1.0
81409967,81409875,-0.11927547,-0.037086226,-0.004742751,0.40389898,0.0,0.0,0.0,-1.0
81513956,81513868,-0.05995764,-0.025647974,-0.0056007546,0.40488622,0.0,0.0,0.0,-1.0
81614033,81613919,-0.055815108,0.017651025,-0.0068121697,0.406133,0.0,0.0,0.0,-1.0
81717172,81717096,-0.07826795,0.02381526,-0.010226831,0.4116595,0.0,0.0,0.0,-1.0
81816357,81816284,-0.21916734,-0.036720596,-0.0019599386,0.4366067,0.0,0.0,0.0,-1.0
81917943,81917869,-0.08185371,-0.05773685,-0.0009837743,0.43524843,0.0,0.0,0.0,-1.0
82021174,82021083,0.12504515,-0.13390559,-0.005094223,0.4352283,0.0,0.0,0.0,-1.0
82121207,82121073,-0.020047916,-0.0589803,-0.0035317107,0.43614239,0.0,0.0,0.0,-1.0
82223544,82223469,0.052072447,-0.10788639,0.0027833278,0.43726504,0.0,0.0,0.0,-1.0
82325993,82325877,-0.1962014,-0.083493926,-0.008247961,0.44183934,0.0,0.0,0.0,-1.0
82425942,82425869,0.009834921,-0.16962159,-0.0033859075,0.46560082,0.0,0.0,0.0,-1.0
82529195,82529097,-0.039149813,-0.07861123,-0.004070901,0.4645961,0.0,0.0,0.0,-1.0
82629987,82629882,-0.03819033,-0.16348372,0.001547889,0.46457806,0.0,0.0,0.0,-1.0
82732378,82732305,-0.07486238,-0.12351329,-0.0008247107,0.4645783,0.0,0.0,0.0,-1.0
82833233,82833111,0.046837278,-0.13821864,0.0060394257,0.4645783,0.0,0.0,0.0,-1.0
82933155,82933078,0.006316227,-0.06385929,0.004322509,0.4645783,0.0,0.0,0.0,-1.0
83037154,83037078,0.07846953,-0.089899994,0.0029522758,0.47951126,0.0,0.0,0.0,-1.0
83137160,83137084,-0.0052058576,-0.13133909,0.00499594,0.49473867,0.0,0.0,0.0,-1.0
83237162,83237080,0.07506317,-0.0951618,0.00692548,0.49515647,0.0,0.0,0.0,-1.0
83341166,83341079,0.026823716,-0.14690427,0.0034261884,0.49594432,0.0,0.0,0.0,-1.0
83441167,83441086,-0.016526861,-0.15736508,0.0065769115,0.49595186,0.0,0.0,0.0,-1.0
83541188,83541074,-0.08567214,-0.14196472,0.005194825,0.5064345,0.0,0.0,0.0,-1.0
83645190,83645070,0.114444226,-0.15417783,0.0039559407,0.53354955,0.0,0.0,0.0,-1.0
83745173,83745077,0.052181564,-0.15507849,0.0036655753,0.5337357,0.0,0.0,0.0,-1.0
83849183,83849071,0.11583108,-0.21399324,0.003576335,0.53398407,0.0,0.0,0.0,-1.0
83953187,83953109,-0.04199082,-0.20699005,-0.002198167,0.53493065,0.0,0.0,0.0,-1.0
84057167,84057072,0.010059413,-0.16204812,-0.0012914547,0.56823903,0.0,0.0,0.0,-1.0
84157198,84157104,-0.021149158,-0.118922405,-0.0016937172,0.5733166,0.0,0.0,0.0,-1.0
84261215,84261107,0.008578653,-0.19957738,-0.00027473687,0.57349133,0.0,0.0,0.0,-1.0
84361156,84361069,-0.030351024,-0.16636312,0.0018516004,0.573494,0.0,0.0,0.0,-1.0
84465171,84465076,0.08393494,-0.15275101,0.0038821925,0.57349396,0.0,0.0,0.0,-1.0
84565163,84565070,0.053001154,-0.20452516,0.01442948,0.57349396,0.0,0.0,0.0,-1.0
84665173,84665077,0.0021815575,-0.16233073,0.02429519,0.57349396,0.0,0.0,0.0,-1.0
84769260,84769071,0.0359822,-0.24319436,0.031501826,0.57349396,0.0,0.0,0.0,-1.0
84869145,84869068,-0.03211067,-0.14255626,0.04290439,0.57349396,0.0,0.0,0.0,-1.0
84969151,84969075,0.0440276,-0.15919542,0.04422503,0.57349396,0.0,0.0,0.0,-1.0
85073176,85073098,0.11404039,-0.19223343,0.047461487,0.57349396,0.0,0.0,0.0,-1.0
85173173,85173069,0.061441246,-0.15432307,0.045747418,0.57349396,0.0,0.0,0.0,-1.0
85277168,85277074,-0.018655665,-0.13938445,0.044848774,0.57349396,0.0,0.0,0.0,-1.0
85377191,85377070,0.029820831,-0.20684695,0.034035068,0.57349396,0.0,0.0,0.0,-1.0
85477194,85477097,-0.0032450792,-0.14556164,0.018075801,0.5743326,0.0,0.0,0.0,-1.0
85577176,85577081,-0.017390369,-0.13322607,-0.005036385,0.57552946,0.0,0.0,0.0,-1.0
85681194,85681085,-0.038992606,-0.09707419,-0.017550558,0.5761444,0.0,0.0,0.0,-1.0
85781233,85781077,-0.05227581,-0.20008327,-0.039538298,0.5813225,0.0,0.0,0.0,-1.0
85885150,85885069,-0.07506235,-0.15292047,-0.04101492,0.58215904,0.0,0.0,0.0,-1.0
85985198,85985069,0.035406347,-0.19256558,-0.029298326,0.615275,0.0,0.0,0.0,-1.0
86089210,86089103,-0.02072035,-0.18800655,-0.03528979,0.613266,0.0,0.0,0.0,-1.0
86189206,86189069,0.06278621,-0.15574284,-0.028484229,0.6132528,0.0,0.0,0.0,-1.0
86289145,86289068,0.085821584,-0.16812989,-0.018343864,0.61325294,0.0,0.0,0.0,-1.0
86393145,86393069,0.031904332,-0.20441143,-0.004284814,0.613253,0.0,0.0,0.0,-1.0
86493155,86493078,0.04316208,-0.2374706,0.009335284,0.613253,0.0,0.0,0.0,-1.0
86593186,86593103,0.04872858,-0.204672,0.025163885,0.613253,0.0,0.0,0.0,-1.0
86697178,86697088,0.043142624,-0.21576123,0.03901396,0.613253,0.0,0.0,0.0,-1.0
86797145,86797069,-0.022076674,-0.114864066,0.04978253,0.613253,0.0,0.0,0.0,-1.0
86901153,86901075,-0.001207243,-0.20548366,0.05124425,0.613253,0.0,0.0,0.0,-1.0
87001145,87001068,-0.047269806,-0.12742494,0.05482011,0.613253,0.0,0.0,0.0,-1.0
87101235,87101072,-0.078902885,-0.24319008,0.05699357,0.613253,0.0,0.0,0.0,-1.0
87205237,87205069,0.029593764,-0.22903855,0.06362619,0.613253,0.0,0.0,0.0,-1.0
87305158,87305080,0.047161978,-0.16797207,0.053079262,0.613253,0.0,0.0,0.0,-1.0
87405164,87405070,-0.012008307,-0.1560133,0.047136858,0.613253,0.0,0.0,0.0,-1.0
87509189,87509111,-0.038380295,-0.18420608,0.031745844,0.613253,0.0,0.0,0.0,-1.0
87609225,87609071,0.06639443,-0.15294908,0.00844828,0.613253,0.0,0.0,0.0,-1.0
87713153,87713075,0.0029624677,-0.16439022,-0.023076043,0.613253,0.0,0.0,0.0,-1.0
87817176,87817072,-0.025951808,-0.13600019,-0.061359186,0.613253,0.0,0.0,0.0,-1.0
87917187,87917069,0.06834728,-0.19708337,-0.08066467,0.613253,0.0,0.0,0.0,-1.0
88021208,88021116,-0.036005784,-0.12323658,-0.103275105,0.613253,0.0,0.0,0.0,-1.0
88121214,88121119,0.06762677,-0.113953315,-0.10594757,0.613253,0.0,0.0,0.0,-1.0
88221202,88221081,0.09676869,-0.22665504,-0.09534745,0.613253,0.0,0.0,0.0,-1.0
88325165,88325072,-0.02561905,-0.19339076,-0.07836051,0.613253,0.0,0.0,0.0,-1.0
88425213,88425118,0.037841216,-0.17793235,-0.063709006,0.613253,0.0,0.0,0.0,-1.0
88524419,88524291,0.04303208,-0.22831097,-0.043418877,0.613253,0.0,0.0,0.0,-1.0
88629201,88629091,0.04610093,-0.19872051,-0.029479716,0.613253,0.0,0.0,0.0,-1.0
88729215,88729071,0.07203131,-0.12589896,-0.0119601,0.613253,0.0,0.0,0.0,-1.0
88833184,88833070,0.03782221,-0.19496626,-0.0038757725,0.613253,0.0,0.0,0.0,-1.0
88935637,88935511,0.12603466,-0.20977634,-0.003853729,0.613253,0.0,0.0,0.0,-1.0
89035618,89035498,0.03493806,-0.25967368,0.0032032616,0.613253,0.0,0.0,0.0,-1.0
89140396,89140269,0.0011747943,-0.20885971,0.0083148135,0.613253,0.0,0.0,0.0,-1.0
89240343,89240269,0.07673949,-0.17899385,0.009220747,0.613253,0.0,0.0,0.0,-1.0
89344483,89344343,0.04664643,-0.17787112,0.0030367216,0.613253,0.0,0.0,0.0,-1.0
89449183,89449071,0.057689525,-0.2169354,0.0005457252,0.613253,0.0,0.0,0.0,-1.0
89552361,89552269,-0.023453515,-0.1880855,0.016046233,0.613253,0.0,0.0,0.0,-1.0
89655614,89655523,-0.021080978,-0.15944336,0.021625321,0.613253,0.0,0.0,0.0,-1.0
89756375,89756281,0.09590424,-0.18770094,0.024555385,0.613253,0.0,0.0,0.0,-1.0
89856397,89856276,0.006366714,-0.2257232,0.028503362,0.613253,0.0,0.0,0.0,-1.0
89960350,89960269,0.030378342,-0.20081583,0.037422836,0.613253,0.0,0.0,0.0,-1.0
90060367,90060289,0.05797154,-0.14609413,0.04295862,0.613253,0.0,0.0,0.0,-1.0
90160356,90160282,0.006992605,-0.14907224,0.042219736,0.613253,0.0,0.0,0.0,-1.0
90264388,90264309,-0.009997591,-0.16688596,0.036506407,0.6145097,0.0,0.0,0.0,-1.0
90368413,90368310,-0.087193295,-0.14426218,0.03177514,0.61444986,0.0,0.0,0.0,-1.0
90468416,90468269,0.06657809,-0.23554613,0.03567934,0.6144577,0.0,0.0,0.0,-1.0
90572342,90572269,0.012859991,-0.12355023,0.035490215,0.6144578,0.0,0.0,0.0,-1.0
90672413,90672284,0.082105294,-0.20530257,0.033895954,0.61445785,0.0,0.0,0.0,-1.0
90772357,90772276,-0.012177536,-0.19471706,0.036552142,0.61445785,0.0,0.0,0.0,-1.0
90876348,90876275,0.035747185,-0.20136423,0.03924299,0.61445785,0.0,0.0,0.0,-1.0
90976361,90976268,0.030493498,-0.16500854,0.027485814,0.61445785,0.0,0.0,0.0,-1.0
91080368,91080269,0.04903559,-0.18985525,0.021120261,0.6144578,0.0,0.0,0.0,-1.0
91184441,91184341,0.025883844,-0.16344672,0.01355659,0.6144578,0.0,0.0,0.0,-1.0
91284431,91284339,0.03367651,-0.20215781,0.013719064,0.61445785,0.0,0.0,0.0,-1.0
91388432,91388268,0.0940955,-0.19422022,0.007941965,0.61445785,0.0,0.0,0.0,-1.0
91488402,91488287,-0.049112715,-0.14476942,0.015579839,0.61445785,0.0,0.0,0.0,-1.0
91588394,91588272,0.09840528,-0.14891717,0.036469985,0.61445785,0.0,0.0,0.0,-1.0
91692342,91692268,0.06370136,-0.17896955,0.046508156,0.61445785,0.0,0.0,0.0,-1.0
91792342,91792268,0.042954784,-0.1862258,0.062197573,0.6144578,0.0,0.0,0.0,-1.0
91892349,91892269,0.023115605,-0.10451774,0.07438965,0.6144578,0.0,0.0,0.0,-1.0
91996430,91996268,0.014104346,-0.1205224,0.08599414,0.61445785,0.0,0.0,0.0,-1.0
92096342,92096269,-0.00027689233,-0.17575593,0.09277171,0.61445785,0.0,0.0,0.0,-1.0
92200398,92200306,-0.009278126,-0.16702609,0.099222,0.61445785,0.0,0.0,0.0,-1.0
92304379,92304291,-0.029395575,-0.2002894,0.10315952,0.61445785,0.0,0.0,0.0,-1.0
92404371,92404298,-0.0015637374,-0.17516804,0.10853321,0.61445785,0.0,0.0,0.0,-1.0
92508423,92508295,0.08298904,-0.14612718,0.1023692,0.6144578,0.0,0.0,0.0,-1.0
92608398,92608269,0.05961837,-0.17483841,0.10768548,0.6144578,0.0,0.0,0.0,-1.0
92708389,92708286,0.09367475,-0.17846842,0.1086325,0.61445785,0.0,0.0,0.0,-1.0
92812403,92812313,0.11576294,-0.14791866,0.10787456,0.61445785,0.0,0.0,0.0,-1.0
92912368,92912278,0.027090201,-0.18126003,0.10135788,0.61445785,0.0,0.0,0.0,-1.0
93012412,93012276,0.041099295,-0.10857694,0.10051185,0.61445785,0.0,0.0,0.0,-1.0
93116360,93116284,0.00019347227,-0.16495278,0.09350225,0.6144578,0.0,0.0,0.0,-1.0
93216343,93216270,-0.014652301,-0.20730475,0.0842654,0.6144578,0.0,0.0,0.0,-1.0
93320425,93320270,0.048406035,-0.19948839,0.072777316,0.61445785,0.0,0.0,0.0,-1.0
93420365,93420291,0.014368684,-0.18945612,0.07174584,0.61445785,0.0,0.0,0.0,-1.0
93520343,93520269,0.033792287,-0.15243842,0.07056997,0.61445785,0.0,0.0,0.0,-1.0
93624422,93624304,0.087058395,-0.15788837,0.0561179,0.61445785,0.0,0.0,0.0,-1.0
93728385,93728281,-0.0011988186,-0.14035381,0.05058574,0.6144578,0.0,0.0,0.0,-1.0
93828372,93828269,-0.07125553,-0.22268099,0.03355716,0.6144578,0.0,0.0,0.0,-1.0
93932384,93932279,0.044850975,-0.083406076,0.014356386,0.61445785,0.0,0.0,0.0,-1.0
94032395,94032269,0.07267028,-0.06960273,-0.0018332563,0.61445785,0.0,0.0,0.0,-1.0
94132367,94132269,-0.06593264,-0.114589036,-0.0075670294,0.61445785,0.0,0.0,0.0,-1.0
94236348,94236275,-0.059444636,-0.11033395,-0.020009156,0.61445785,0.0,0.0,0.0,-1.0
94336343,94336269,-0.009943612,-0.14382929,-0.019925058,0.61445785,0.0,0.0,0.0,-1.0
94440398,94440306,-0.08942137,-0.1083644,-0.012877002,0.61445785,0.0,0.0,0.0,-1.0
94540375,94540275,-0.004935641,-0.1517812,-0.0060925856,0.6144578,0.0,0.0,0.0,-1.0
94640357,94640281,-0.029651765,-0.20113984,-0.002248671,0.6144578,0.0,0.0,0.0,-1.0
94744409,94744319,0.042131845,-0.21916302,-0.0023173578,0.61445785,0.0,0.0,0.0,-1.0
94848445,94848284,0.055097707,-0.14129382,0.00049904734,0.6147067,0.0,0.0,0.0,-1.0
94948388,94948268,-0.070432484,-0.17172068,-0.0041630343,0.61568606,0.0,0.0,0.0,-1.0
95052343,95052270,0.062759385,-0.13617747,0.0021459442,0.6156633,0.0,0.0,0.0,-1.0
95152379,95152269,-0.0688707,-0.13510422,0.0037890635,0.61566263,0.0,0.0,0.0,-1.0
95252349,95252269,0.018999705,-0.1469487,0.0045181643,0.61566263,0.0,0.0,0.0,-1.0
95355579,95355483,0.015428191,-0.11969165,0.005894229,0.61566263,0.0,0.0,0.0,-1.0
95456386,95456312,-0.010127648,-0.11384504,0.0049095843,0.61566263,0.0,0.0,0.0,-1.0
95557151,95557070,0.10165101,-0.1499794,0.0053227916,0.61566263,0.0,0.0,0.0,-1.0
95660346,95660273,0.023093153,-0.1929584,0.011517988,0.61566263,0.0,0.0,0.0,-1.0
95758789,95758716,-0.014561586,-0.10046126,0.016655529,0.61566263,0.0,0.0,0.0,-1.0
95863645,95863515,-0.043903638,-0.21199559,0.02445441,0.61566263,0.0,0.0,0.0,-1.0
95963562,95963469,0.015583514,-0.2000056,0.02648861,0.61566263,0.0,0.0,0.0,-1.0
96064422,96064310,0.05177435,-0.16420895,0.032524724,0.61566263,0.0,0.0,0.0,-1.0
96167542,96167469,-0.012639884,-0.24710537,0.04308646,0.61566263,0.0,0.0,0.0,-1.0
96267570,96267494,0.010106762,-0.15911748,0.04671295,0.61566263,0.0,0.0,0.0,-1.0
96371591,96371518,0.013684992,-0.24084099,0.053052332,0.61566263,0.0,0.0,0.0,-1.0
96475561,96475470,0.00086803833,-0.20622523,0.05693051,0.61566263,0.0,0.0,0.0,-1.0
96575575,96575483,-0.048551068,-0.14758714,0.050711133,0.61566263,0.0,0.0,0.0,-1.0
96679619,96679485,0.031399652,-0.16344549,0.052520208,0.61566263,0.0,0.0,0.0,-1.0
96779578,96779469,0.05877433,-0.11591266,0.050507657,0.61566263,0.0,0.0,0.0,-1.0
97595569,97595469,-0.01339203,-0.18232113,0.09838213,0.6014468,0.0,0.0,0.0,-1.0
97695619,97695501,-0.005210751,-0.15338829,0.10487132,0.59755105,0.0,0.0,0.0,-1.0
97799542,97799469,0.026413172,-0.13358505,0.11586273,0.5943355,0.0,0.0,0.0,-1.0
97899576,97899503,0.03625022,-0.12524383,0.11883301,0.5911466,0.0,0.0,0.0,-1.0
97999595,97999502,-0.0042684576,-0.20554984,0.123374075,0.588153,0.0,0.0,0.0,-1.0
98103542,98103469,-0.061548475,-0.13760702,0.118245915,0.5890698,0.0,0.0,0.0,-1.0
98203561,98203471,0.08242949,-0.17889862,0.10507347,0.5875732,0.0,0.0,0.0,-1.0
98307542,98307469,-0.08554835,-0.11306198,0.090283625,0.5894017,0.0,0.0,0.0,-1.0
98407562,98407471,0.022821233,-0.18600376,0.07908239,0.5927516,0.0,0.0,0.0,-1.0
98507566,98507488,0.04672281,-0.1533517,0.05838727,0.5938477,0.0,0.0,0.0,-1.0
98611635,98611499,0.0031293118,-0.18757527,0.026512127,0.5980134,0.0,0.0,0.0,-1.0
98711557,98711468,0.07451948,-0.12073523,0.02584758,0.59863764,0.0,0.0,0.0,-1.0
98811582,98811476,0.029945439,-0.10882883,0.019566838,0.59854585,0.0,0.0,0.0,-1.0
98915568,98915491,0.0681347,-0.22663787,0.0093961805,0.5981334,0.0,0.0,0.0,-1.0
99015593,99015468,0.0064553893,-0.19851878,0.011950497,0.59928983,0.0,0.0,0.0,-1.0
99119579,99119469,0.08495623,-0.20811437,0.01529216,0.6027916,0.0,0.0,0.0,-1.0
99219556,99219483,0.052464373,-0.21064563,0.017088365,0.6048769,0.0,0.0,0.0,-1.0
99319590,99319514,-0.03992206,-0.1482981,0.017775131,0.6078119,0.0,0.0,0.0,-1.0
99423569,99423469,0.15526648,-0.19174854,0.019294495,0.6108844,0.0,0.0,0.0,-1.0
99523559,99523469,-0.03684277,-0.22388703,0.022883562,0.6156495,0.0,0.0,0.0,-1.0
99623620,99623469,0.062727615,-0.13905057,0.038204037,0.61642677,0.0,0.0,0.0,-1.0
99727567,99727469,-0.004185434,-0.15569295,0.03224252,0.61893034,0.0,0.0,0.0,-1.0
99827542,99827469,-0.0048260847,-0.2070799,0.038289014,0.61722696,0.0,0.0,0.0,-1.0
99931583,99931509,0.113368616,-0.16595568,0.046621885,0.61561495,0.0,0.0,0.0,-1.0
100031587,100031469,-0.02737913,-0.17677975,0.034293856,0.6132311,0.0,0.0,0.0,-1.0
100131581,100131492,0.004768508,-0.18198456,0.038774617,0.6110522,0.0,0.0,0.0,-1.0
100235542,100235469,-0.04613847,-0.17724498,0.02913557,0.612389,0.0,0.0,0.0,-1.0
100335607,100335518,0.053669762,-0.19316311,0.02759051,0.6131062,0.0,0.0,0.0,-1.0
100435562,100435489,-0.000520804,-0.18049636,0.02109786,0.6146955,0.0,0.0,0.0,-1.0
100539549,100539475,0.09344924,-0.2126927,0.015885582,0.61632645,0.0,0.0,0.0,-1.0
100639542,100639469,-0.09580755,-0.16931197,0.014404891,0.6175972,0.0,0.0,0.0,-1.0
100743558,100743468,0.019448996,-0.077140555,0.00889533,0.6176913,0.0,0.0,0.0,-1.0
100843558,100843468,0.094300374,-0.14736028,0.0029839016,0.6143592,0.0,0.0,0.0,-1.0
100943567,100943474,0.06590868,-0.22286193,0.00045527145,0.6136246,0.0,0.0,0.0,-1.0
101043559,101043468,-0.024512164,-0.23930696,-0.001090385,0.61477613,0.0,0.0,0.0,-1.0
101147559,101147468,0.08153139,-0.15091527,-0.0037588011,0.6142893,0.0,0.0,0.0,-1.0
101247562,101247470,0.01296205,-0.11682647,0.0015758686,0.61801934,0.0,0.0,0.0,-1.0
101351619,101351529,0.10437295,-0.24066143,0.0033031218,0.6189604,0.0,0.0,0.0,-1.0
101451623,101451469,-0.016542278,-0.22505254,0.008897562,0.6207367,0.0,0.0,0.0,-1.0
101555589,101555475,0.08770147,-0.20140512,0.009863684,0.62366587,0.0,0.0,0.0,-1.0
101655584,101655492,-0.0014645702,-0.19030067,0.011112557,0.6240297,0.0,0.0,0.0,-1.0
101755549,101755473,0.04348956,-0.19020224,0.009428871,0.6239868,0.0,0.0,0.0,-1.0
101859542,101859469,0.042552233,-0.16452776,0.020668821,0.6252269,0.0,0.0,0.0,-1.0
101959542,101959469,-0.007979428,-0.18429708,0.020003112,0.62504154,0.0,0.0,0.0,-1.0
102059593,102059469,0.11031615,-0.07631568,0.011848325,0.6269174,0.0,0.0,0.0,-1.0
102163584,102163469,0.033199046,-0.13188146,0.01400539,0.62604713,0.0,0.0,0.0,-1.0
102263580,102263470,0.021965664,-0.12783816,0.015696686,0.6280054,0.0,0.0,0.0,-1.0
102367612,102367526,-0.018065015,-0.15198822,0.0026113428,0.62484753,0.0,0.0,0.0,-1.0
102466040,102465919,-0.04794461,-0.14110866,-0.0012406018,0.62302446,0.0,0.0,0.0,-1.0
102567571,102567495,0.071834736,-0.17589723,-0.0022413284,0.622995,0.0,0.0,0.0,-1.0
102671557,102671480,0.088442825,-0.18033682,-0.0048431475,0.62217623,0.0,0.0,0.0,-1.0
102770766,102770679,0.089936346,-0.21524717,-0.013463952,0.62479067,0.0,0.0,0.0,-1.0
102871568,102871494,0.034912877,-0.24485265,-0.01693343,0.627225,0.0,0.0,0.0,-1.0
102973202,102973122,-0.04471661,-0.16650166,-0.011149049,0.63334566,0.0,0.0,0.0,-1.0
103074002,103073915,0.028755585,-0.09950978,-0.0055179885,0.6357002,0.0,0.0,0.0,-1.0
103179643,103179484,-0.0009686963,-0.2117777,-0.009774373,0.63597614,0.0,0.0,0.0,-1.0
103282848,103282720,0.122980475,-0.16298194,0.001497604,0.6360945,0.0,0.0,0.0,-1.0
103383560,103383469,0.06727686,-0.2635501,0.0065438617,0.639503,0.0,0.0,0.0,-1.0
103486803,103486709,0.15192181,-0.18294938,0.008887738,0.6422343,0.0,0.0,0.0,-1.0
103586779,103586689,0.03543273,-0.24143256,0.005970837,0.64094347,0.0,0.0,0.0,-1.0
103690748,103690675,0.07936911,-0.17550159,0.013791964,0.6425601,0.0,0.0,0.0,-1.0
103790742,103790669,0.035747312,-0.21489899,0.0052327756,0.64079267,0.0,0.0,0.0,-1.0
103890775,103890673,0.11399792,-0.14483622,0.00014528818,0.6393376,0.0,0.0,0.0,-1.0
103994809,103994669,0.040220425,-0.21927555,0.00094806775,0.6411638,0.0,0.0,0.0,-1.0
104094742,104094669,0.09581468,-0.17142661,0.006299855,0.63731056,0.0,0.0,0.0,-1.0
104194742,104194669,0.03589081,-0.18848684,0.0015750476,0.64167726,0.0,0.0,0.0,-1.0
104298749,104298675,0.07708296,-0.16360493,0.002366282,0.64440453,0.0,0.0,0.0,-1.0
104398769,104398669,-0.019754855,-0.18829319,0.008348009,0.6454613,0.0,0.0,0.0,-1.0
104502748,104502675,-0.026577428,-0.11582369,0.00058347406,0.64926296,0.0,0.0,0.0,-1.0
104602761,104602667,0.05346083,-0.14781176,0.0037181047,0.65214705,0.0,0.0,0.0,-1.0
104702745,104702669,-0.047614507,-0.21059728,-0.0056217145,0.6525851,0.0,0.0,0.0,-1.0
104806748,104806675,-0.04419901,-0.10554119,-0.00858436,0.654947,0.0,0.0,0.0,-1.0
104910799,104910674,0.016890403,-0.23013878,-0.01017319,0.65627146,0.0,0.0,0.0,-1.0
105010797,105010669,-0.008895118,-0.13436787,-0.0093676625,0.6593993,0.0,0.0,0.0,-1.0
105114744,105114669,0.024298897,-0.2350942,-0.012594366,0.6607112,0.0,0.0,0.0,-1.0
105214742,105214669,0.11211236,-0.22165859,-0.01851247,0.65851927,0.0,0.0,0.0,-1.0
105314801,105314720,-0.00995057,-0.23594984,-0.016926093,0.65944,0.0,0.0,0.0,-1.0
105418748,105418675,0.019426843,-0.14059697,-0.017714174,0.656829,0.0,0.0,0.0,-1.0
105518742,105518668,-0.026002217,-0.12240837,-0.023907067,0.6591246,0.0,0.0,0.0,-1.0
105622761,105622671,0.039968967,-0.2479247,-0.004439575,0.6053003,0.0,0.0,0.0,-1.0
105722742,105722669,-0.007377587,-0.15573023,-0.013677249,0.6617053,0.0,0.0,0.0,-1.0
105822813,105822669,0.12307234,-0.15886703,-0.015350556,0.66652024,0.0,0.0,0.0,-1.0
105926803,105926689,-0.009837311,-0.18614295,-0.017819088,0.66609526,0.0,0.0,0.0,-1.0
106026742,106026669,0.007853765,-0.20795138,-0.019709546,0.66659135,0.0,0.0,0.0,-1.0
106126753,106126669,0.093550004,-0.16407344,-0.022028837,0.665298,0.0,0.0,0.0,-1.0
106230761,106230686,-0.034990765,-0.16680042,-0.023560397,0.660943,0.0,0.0,0.0,-1.0
106330779,106330687,0.05151669,-0.22150472,-0.019011464,0.6540874,0.0,0.0,0.0,-1.0
106434742,106434669,0.04176574,-0.17481717,-0.020120233,0.65227324,0.0,0.0,0.0,-1.0
106534785,106534712,0.106936835,-0.20931636,-0.018078841,0.65142775,0.0,0.0,0.0,-1.0
106634742,106634668,0.032710116,-0.24167958,-0.017524194,0.64882326,0.0,0.0,0.0,-1.0
106738742,106738669,0.09638952,-0.16775848,-0.014205996,0.6508447,0.0,0.0,0.0,-1.0
106838765,106838669,0.12545972,-0.1866004,-0.013946021,0.65291834,0.0,0.0,0.0,-1.0
106938742,106938669,0.028638601,-0.24965808,-0.013607625,0.65445334,0.0,0.0,0.0,-1.0
107042758,107042668,0.07150412,-0.13844241,-0.0052069183,0.65647095,0.0,0.0,0.0,-1.0
107142774,107142683,0.03337583,-0.19175158,0.00245044,0.6597276,0.0,0.0,0.0,-1.0
107246815,107246717,0.024136992,-0.1445853,-0.0062816166,0.66466784,0.0,0.0,0.0,-1.0
107350760,107350669,0.045939203,-0.19436078,0.0013857898,0.67081356,0.0,0.0,0.0,-1.0
107450748,107450675,0.03423431,-0.18609907,0.0040278616,0.67186505,0.0,0.0,0.0,-1.0
107554785,107554669,0.063921474,-0.19790396,0.009824658,0.67534757,0.0,0.0,0.0,-1.0
107654759,107654669,0.0060671424,-0.24983548,0.0071463203,0.6752006,0.0,0.0,0.0,-1.0
107754774,107754676,-0.014937892,-0.13726555,6.4696185e-05,0.67602175,0.0,0.0,0.0,-1.0
107858832,107858719,-0.017453378,-0.15590821,-0.007246768,0.67758256,0.0,0.0,0.0,-1.0
107958807,107958669,0.08335992,-0.19401304,-0.004779008,0.677416,0.0,0.0,0.0,-1.0
108058748,108058675,-0.036126465,-0.24219085,-0.0062261755,0.6760964,0.0,0.0,0.0,-1.0
108162785,108162697,0.033642143,-0.25886124,-0.006227377,0.6744803,0.0,0.0,0.0,-1.0
108262779,108262682,0.10478745,-0.16842914,0.0027122297,0.6759645,0.0,0.0,0.0,-1.0
108366745,108366668,-0.062470656,-0.17176257,0.020472363,0.6765401,0.0,0.0,0.0,-1.0
108470767,108470694,-0.047692202,-0.20440722,0.02769123,0.7242387,0.0,0.0,0.0,-1.0
108570788,108570677,-0.01847049,-0.227082,0.030614506,0.71536344,0.0,0.0,0.0,-1.0
108674775,108674685,0.04372992,-0.19984274,0.032636274,0.70474154,0.0,0.0,0.0,-1.0
108774752,108774679,0.00813514,-0.233682,0.04144494,0.6947226,0.0,0.0,0.0,-1.0
108874770,108874697,-0.00464381,-0.25077316,0.034045205,0.6897657,0.0,0.0,0.0,-1.0
108978765,108978675,0.076695785,-0.18994197,0.03187609,0.69010264,0.0,0.0,0.0,-1.0
109078809,109078669,0.004857774,-0.24223538,0.038408402,0.6899536,0.0,0.0,0.0,-1.0
109178768,109178678,0.0056425254,-0.25330815,0.03408908,0.69432783,0.0,0.0,0.0,-1.0
109281973,109281872,-0.032314062,-0.26061684,0.03384938,0.7009776,0.0,0.0,0.0,-1.0
109382007,109381914,-0.023262348,-0.23551124,0.03249403,0.7054156,0.0,0.0,0.0,-1.0
109485969,109485869,-0.015744966,-0.18112475,0.02803747,0.7122041,0.0,0.0,0.0,-1.0
109586797,109586675,-0.016746327,-0.19175866,0.030180082,0.71989465,0.0,0.0,0.0,-1.0
109685959,109685868,-0.0389763,-0.23151992,0.02427598,0.72453654,0.0,0.0,0.0,-1.0
109790804,109790678,0.009625447,-0.19526085,0.02318558,0.7275739,0.0,0.0,0.0,-1.0
109889985,109889869,0.009072229,-0.18896243,0.018329022,0.7296509,0.0,0.0,0.0,-1.0
109993942,109993869,0.050374944,-0.19824933,0.022051033,0.7313703,0.0,0.0,0.0,-1.0
110097950,110097875,0.043939065,-0.19216906,0.018272245,0.73342717,0.0,0.0,0.0,-1.0
110197942,110197869,0.039131768,-0.18185385,0.015395699,0.73338026,0.0,0.0,0.0,-1.0
110299542,110299469,0.083042644,-0.1539862,0.01156012,0.73508984,0.0,0.0,0.0,-1.0
110402006,110401899,0.116708234,-0.16394661,0.0057148915,0.7375541,0.0,0.0,0.0,-1.0
110502025,110501906,0.043606296,-0.1988852,-0.0027206596,0.7348302,0.0,0.0,0.0,-1.0
110605948,110605875,0.05785837,-0.17977133,0.0006966125,0.73411256,0.0,0.0,0.0,-1.0
110705945,110705868,-0.078725405,-0.23248461,0.0029764054,0.73151904,0.0,0.0,0.0,-1.0
110810032,110809878,0.054435898,-0.24187624,0.0017525265,0.73255074,0.0,0.0,0.0,-1.0
110913947,110913874,0.015730463,-0.21312478,0.013758631,0.73852056,0.0,0.0,0.0,-1.0
111014018,111013869,0.068759866,-0.12986384,0.019476585,0.7415019,0.0,0.0,0.0,-1.0
111113956,111113883,0.07123736,-0.16200174,0.033085838,0.7420986,0.0,0.0,0.0,-1.0
111217955,111217879,0.07823972,-0.22328837,0.04291119,0.74414766,0.0,0.0,0.0,-1.0
111317955,111317882,0.074303254,-0.21451764,0.04923283,0.7432257,0.0,0.0,0.0,-1.0
111421960,111421869,0.066096745,-0.22827266,0.04975065,0.74420416,0.0,0.0,0.0,-1.0
111521942,111521869,0.051989272,-0.17217807,0.045719195,0.74215955,0.0,0.0,0.0,-1.0
111622055,111621912,0.020923361,-0.20717858,0.040574685,0.74308324,0.0,0.0,0.0,-1.0
111726064,111725919,0.04992577,-0.1594218,0.040552996,0.7418557,0.0,0.0,0.0,-1.0
111825942,111825869,0.0058512976,-0.16435513,0.050915502,0.7000445,0.0,0.0,0.0,-1.0
111929965,111929887,0.011722082,-0.19920078,0.04270424,0.6953028,0.0,0.0,0.0,-1.0
112029981,112029869,0.010482731,-0.17136686,0.04831406,0.70367694,0.0,0.0,0.0,-1.0
112129959,112129868,0.045082554,-0.17254023,0.057653096,0.7123622,0.0,0.0,0.0,-1.0
112233961,112233888,0.008229277,-0.23628277,0.054815292,0.72097987,0.0,0.0,0.0,-1.0
112337942,112337869,0.013725651,-0.25485086,0.051494986,0.7252533,0.0,0.0,0.0,-1.0
112437962,112437889,-0.0058778725,-0.20430695,0.051988788,0.72832185,0.0,0.0,0.0,-1.0
112542005,112541883,-0.015945395,-0.20183994,0.053777084,0.73171383,0.0,0.0,0.0,-1.0
112641968,112641869,0.070934996,-0.1413653,0.045403663,0.73346615,0.0,0.0,0.0,-1.0
112742147,112741915,-0.018699974,-0.20637679,0.039720755,0.7337916,0.0,0.0,0.0,-1.0
112845959,112845868,0.0669879,-0.16310951,0.031641535,0.7332883,0.0,0.0,0.0,-1.0
112945997,112945882,0.0077148913,-0.22459693,0.0309757,0.7327716,0.0,0.0,0.0,-1.0
113050154,113049901,-0.039547563,-0.20098,0.025857912,0.733036,0.0,0.0,0.0,-1.0
113154012,113153893,-0.033993457,-0.1744863,0.02941413,0.7325815,0.0,0.0,0.0,-1.0
113253942,113253869,0.0038785841,-0.24269068,0.031325057,0.73681706,0.0,0.0,0.0,-1.0
113353942,113353869,0.05606542,-0.21022911,0.038262274,0.7356474,0.0,0.0,0.0,-1.0
113457980,113457894,-0.02809976,-0.16056179,0.03982133,0.7372648,0.0,0.0,0.0,-1.0
113557974,113557884,0.0069245105,-0.1582853,0.03895071,0.7363628,0.0,0.0,0.0,-1.0
113661965,113661875,-0.028771002,-0.19391263,0.05228312,0.7323227,0.0,0.0,0.0,-1.0
113761969,113761885,-0.024053266,-0.22883092,0.058906876,0.7281352,0.0,0.0,0.0,-1.0
113861988,113861894,0.059408188,-0.18005008,0.05847614,0.7262359,0.0,0.0,0.0,-1.0
113965972,113965882,0.029571138,-0.18152355,0.062048532,0.724102,0.0,0.0,0.0,-1.0
114065942,114065869,0.09193825,-0.14969361,0.06084642,0.7209089,0.0,0.0,0.0,-1.0
114165969,114165869,0.057964694,-0.19413124,0.052389693,0.7169503,0.0,0.0,0.0,-1.0
114269971,114269875,0.08492121,-0.17202356,0.049333926,0.7162574,0.0,0.0,0.0,-1.0
114369950,114369877,0.033778753,-0.2386239,0.04370134,0.71670127,0.0,0.0,0.0,-1.0
114473959,114473884,0.013936964,-0.24035743,0.03263248,0.71267205,0.0,0.0,0.0,-1.0
114577958,114577868,-0.013287773,-0.25066411,0.023863474,0.71405286,0.0,0.0,0.0,-1.0
114681992,114681899,-0.017058125,-0.15990447,0.01348977,0.67581207,0.0,0.0,0.0,-1.0
114781989,114781868,-0.02516371,-0.20541725,0.006814778,0.67146254,0.0,0.0,0.0,-1.0
114886014,114885911,-0.057857394,-0.12905176,0.010418134,0.6803335,0.0,0.0,0.0,-1.0
114985966,114985877,-0.0088166045,-0.2129366,0.010565946,0.6904396,0.0,0.0,0.0,-1.0
115089942,115089869,-0.0519812,-0.25777987,0.006287081,0.69716185,0.0,0.0,0.0,-1.0
115189950,115189877,0.04034745,-0.17307515,-0.0024287775,0.70310926,0.0,0.0,0.0,-1.0
115290002,115289911,0.040774066,-0.21839067,-0.007004682,0.70748997,0.0,0.0,0.0,-1.0
115393942,115393869,0.054805163,-0.18164465,-0.017063744,0.7140853,0.0,0.0,0.0,-1.0
115493942,115493869,-0.037441753,-0.19755475,-0.028196832,0.7186774,0.0,0.0,0.0,-1.0
115593942,115593869,0.012364026,-0.2109876,-0.03494421,0.72204137,0.0,0.0,0.0,-1.0
115698007,115697894,0.0116415555,-0.26277146,-0.03276762,0.7271397,0.0,0.0,0.0,-1.0
115797975,115797875,0.082604416,-0.17411493,-0.029375605,0.72915435,0.0,0.0,0.0,-1.0
115901947,115901874,-0.024531154,-0.23990634,-0.023258615,0.7341595,0.0,0.0,0.0,-1.0
116001980,116001889,0.013384729,-0.18958747,-0.021953782,0.7342089,0.0,0.0,0.0,-1.0
116101983,116101905,0.07301076,-0.25407463,-0.019553624,0.73020214,0.0,0.0,0.0,-1.0
116204408,116204319,-0.019858332,-0.24590781,-0.006188372,0.72774357,0.0,0.0,0.0,-1.0
116304422,116304330,-0.13996945,-0.2025141,-0.0021150103,0.722276,0.0,0.0,0.0,-1.0
116409175,116409097,-0.022896778,-0.22756411,-0.0005116658,0.7162217,0.0,0.0,0.0,-1.0
116509959,116509869,-0.05517181,-0.1816164,0.014088698,0.71021235,0.0,0.0,0.0,-1.0
116609147,116609069,-0.039849583,-0.21175463,0.031500947,0.7053948,0.0,0.0,0.0,-1.0
116713266,116713078,0.019347876,-0.18665029,0.03987254,0.70329314,0.0,0.0,0.0,-1.0
116817165,116817075,-0.056042433,-0.23610981,0.04292656,0.6998789,0.0,0.0,0.0,-1.0
116917154,116917071,-0.0049652,-0.19482751,0.053383987,0.69845694,0.0,0.0,0.0,-1.0
117021198,117021073,-0.0052882964,-0.19805318,0.05072777,0.700193,0.0,0.0,0.0,-1.0
117121171,117121075,-0.01113673,-0.19372003,0.059634507,0.7030212,0.0,0.0,0.0,-1.0
117225201,117225070,0.04976566,-0.19316587,0.05249723,0.7068775,0.0,0.0,0.0,-1.0
117325177,117325084,-0.01402291,-0.16377786,0.04549962,0.70879567,0.0,0.0,0.0,-1.0
117425171,117425075,-0.042747162,-0.17619458,0.046848506,0.70861346,0.0,0.0,0.0,-1.0
117529209,117529091,0.026092472,-0.186019,0.048884783,0.71125257,0.0,0.0,0.0,-1.0
117629206,117629114,0.049843404,-0.17051725,0.040161688,0.7079948,0.0,0.0,0.0,-1.0
117729193,117729075,-0.020443635,-0.16199826,0.041920178,0.71065736,0.0,0.0,0.0,-1.0
117833145,117833069,0.05407792,-0.17197266,0.04199844,0.713211,0.0,0.0,0.0,-1.0
117933191,117933097,0.05735571,-0.176312,0.040970095,0.7125493,0.0,0.0,0.0,-1.0
118037151,118037069,-0.027001763,-0.23742138,0.041237287,0.7148529,0.0,0.0,0.0,-1.0
118137195,118137068,0.025236946,-0.2540181,0.043129664,0.71446395,0.0,0.0,0.0,-1.0
118237165,118237070,0.039062817,-0.21208127,0.044231348,0.71331304,0.0,0.0,0.0,-1.0
118341223,118341071,0.007785145,-0.24404255,0.036019124,0.7139158,0.0,0.0,0.0,-1.0
118441148,118441071,-0.05847203,-0.23857097,0.040775687,0.71272373,0.0,0.0,0.0,-1.0
118541154,118541069,0.064807884,-0.2293226,0.030944863,0.71225554,0.0,0.0,0.0,-1.0
118645207,118645075,-0.0008006938,-0.20306498,0.029378965,0.71415037,0.0,0.0,0.0,-1.0
118745228,118745069,0.031149374,-0.24998505,0.02974201,0.7120093,0.0,0.0,0.0,-1.0
118849233,118849113,0.02007477,-0.16402674,0.0334952,0.71244633,0.0,0.0,0.0,-1.0
118953184,118953080,0.02999108,-0.1743994,0.041217204,0.71392924,0.0,0.0,0.0,-1.0
119053173,119053080,0.07678508,-0.19767338,0.033722483,0.71302146,0.0,0.0,0.0,-1.0
119157187,119157093,0.06200769,-0.19997929,0.036621485,0.7116638,0.0,0.0,0.0,-1.0
119257188,119257075,0.043802682,-0.19093618,0.039540604,0.7148201,0.0,0.0,0.0,-1.0
119357158,119357074,-0.014439035,-0.17550205,0.038418543,0.7164905,0.0,0.0,0.0,-1.0
119461160,119461069,0.026943088,-0.1280656,0.035097457,0.7177859,0.0,0.0,0.0,-1.0
119561195,119561109,-0.02287054,-0.14761259,0.035610497,0.7142627,0.0,0.0,0.0,-1.0
119661236,119661069,-0.027532347,-0.17801955,0.034298047,0.71475697,0.0,0.0,0.0,-1.0
119765163,119765069,-0.038676087,-0.16383617,0.034971885,0.7107735,0.0,0.0,0.0,-1.0
119865197,119865103,0.022087874,-0.16239816,0.038013324,0.7083064,0.0,0.0,0.0,-1.0
119969210,119969079,-0.031571344,-0.12948115,0.03648194,0.7083901,0.0,0.0,0.0,-1.0
120073164,120073078,0.02731924,-0.14018255,0.034074236,0.70793056,0.0,0.0,0.0,-1.0
120173189,120173078,0.03556564,-0.18304801,0.034692526,0.70794576,0.0,0.0,0.0,-1.0
120277251,120277078,0.05693945,-0.16120808,0.043710195,0.7060139,0.0,0.0,0.0,-1.0
120377185,120377089,0.089430496,-0.17201011,0.04654865,0.7096694,0.0,0.0,0.0,-1.0
120477165,120477069,0.009103154,-0.21692364,0.05026401,0.7117269,0.0,0.0,0.0,-1.0
120581162,120581069,0.063815586,-0.18935084,0.051849246,0.7144959,0.0,0.0,0.0,-1.0
120681184,120681073,-0.018640468,-0.16985786,0.050765254,0.71624345,0.0,0.0,0.0,-1.0
120781169,120781071,0.021112377,-0.17968926,0.045054045,0.71445,0.0,0.0,0.0,-1.0
120885239,120885107,-0.021425894,-0.2293378,0.036337446,0.71263856,0.0,0.0,0.0,-1.0
120985175,120985080,-0.027148053,-0.20996033,0.032017455,0.7122263,0.0,0.0,0.0,-1.0
121089178,121089087,0.037569154,-0.16623144,0.02658124,0.7104149,0.0,0.0,0.0,-1.0
121189171,121189079,0.020702818,-0.15125774,0.02748796,0.7087482,0.0,0.0,0.0,-1.0
121289272,121289073,0.053165838,-0.13913895,0.03180064,0.7072017,0.0,0.0,0.0,-1.0
121393153,121393075,-0.017966384,-0.2290545,0.037824597,0.7029136,0.0,0.0,0.0,-1.0
121493158,121493081,-0.0049486207,-0.20355533,0.042881142,0.7002678,0.0,0.0,0.0,-1.0
121593163,121593069,-0.0024230191,-0.1973891,0.045450114,0.6991937,0.0,0.0,0.0,-1.0
121697153,121697075,0.026108086,-0.17841588,0.042860236,0.6957585,0.0,0.0,0.0,-1.0
121797148,121797071,0.01692087,-0.13646309,0.038296506,0.69893986,0.0,0.0,0.0,-1.0
121901153,121901072,0.008461498,-0.19802323,0.04273105,0.7005526,0.0,0.0,0.0,-1.0
122001210,122001086,-0.010262118,-0.22750896,0.049093664,0.70113194,0.0,0.0,0.0,-1.0
122101158,122101069,-0.03587589,-0.23004563,0.043224975,0.70814675,0.0,0.0,0.0,-1.0
122204432,122204299,0.09336144,-0.1588159,0.043970197,0.7134199,0.0,0.0,0.0,-1.0
122304454,122304317,0.09622295,-0.20532876,0.037397504,0.7153324,0.0,0.0,0.0,-1.0
122404441,122404311,0.08686646,-0.24443154,0.031410307,0.71970487,0.0,0.0,0.0,-1.0
122508415,122508270,0.018451681,-0.18604764,0.028495513,0.7201013,0.0,0.0,0.0,-1.0
122610006,122609899,0.048238643,-0.17189781,0.033981998,0.7191365,0.0,0.0,0.0,-1.0
122713162,122713083,0.08410102,-0.23769765,0.039311018,0.71905947,0.0,0.0,0.0,-1.0
122811620,122811514,0.07303106,-0.24721101,0.042110577,0.7180605,0.0,0.0,0.0,-1.0
122916350,122916268,0.018246116,-0.24622588,0.03601364,0.71660656,0.0,0.0,0.0,-1.0
123016342,123016269,0.0043832106,-0.2919286,0.03573879,0.7116758,0.0,0.0,0.0,-1.0
123116362,123116289,0.021308567,-0.25923154,0.036405317,0.70326465,0.0,0.0,0.0,-1.0
123220415,123220300,0.03314667,-0.20172474,0.040104136,0.7019666,0.0,0.0,0.0,-1.0
123320356,123320269,0.011255533,-0.14031173,0.043870196,0.7019577,0.0,0.0,0.0,-1.0
123420354,123420269,0.04924054,-0.20270823,0.048807904,0.70348644,0.0,0.0,0.0,-1.0
123524426,123524336,-0.016138317,-0.22096336,0.04837764,0.70745355,0.0,0.0,0.0,-1.0
123624421,123624292,0.05398414,-0.2240079,0.04671348,0.70759845,0.0,0.0,0.0,-1.0
123728404,123728269,-0.016215801,-0.25617838,0.04511635,0.70831776,0.0,0.0,0.0,-1.0
123828409,123828305,-0.040878437,-0.26671937,0.044606976,0.7083681,0.0,0.0,0.0,-1.0
123928379,123928277,0.045749333,-0.23108147,0.0474088,0.71116096,0.0,0.0,0.0,-1.0
124032342,124032269,0.09119678,-0.18257137,0.04551941,0.70907927,0.0,0.0,0.0,-1.0
124132342,124132269,0.07147875,-0.18263926,0.042470563,0.7077157,0.0,0.0,0.0,-1.0
124232349,124232269,-0.046776723,-0.21574342,0.050561756,0.7053631,0.0,0.0,0.0,-1.0
124336379,124336269,0.05290292,-0.14453611,0.047165666,0.7054704,0.0,0.0,0.0,-1.0
124436342,124436269,0.062172752,-0.121986836,0.040850844,0.70469534,0.0,0.0,0.0,-1.0
124540393,124540299,0.01190101,-0.15358527,0.043598812,0.7035578,0.0,0.0,0.0,-1.0
124640369,124640269,0.023435295,-0.21268386,0.04449215,0.7065578,0.0,0.0,0.0,-1.0
124740354,124740269,0.034424685,-0.21100499,0.046734862,0.70616186,0.0,0.0,0.0,-1.0
124844402,124844299,0.065377094,-0.20971899,0.053949706,0.7071809,0.0,0.0,0.0,-1.0
124944469,124944335,0.0421777,-0.2463931,0.05393953,0.71059877,0.0,0.0,0.0,-1.0
125044455,125044316,0.034512848,-0.1800593,0.050200738,0.7147181,0.0,0.0,0.0,-1.0
125148388,125148268,0.049777932,-0.19297488,0.04735607,0.7137987,0.0,0.0,0.0,-1.0
125248389,125248269,0.10564316,-0.1370159,0.054559503,0.71512747,0.0,0.0,0.0,-1.0
125352349,125352269,0.096799165,-0.23697966,0.0522521,0.715157,0.0,0.0,0.0,-1.0
125452342,125452269,-0.010660401,-0.1459387,0.053200588,0.71784866,0.0,0.0,0.0,-1.0
125552398,125552289,0.03540813,-0.19336742,0.05307505,0.7188813,0.0,0.0,0.0,-1.0
125656342,125656269,0.067692645,-0.2710681,0.051217757,0.7182252,0.0,0.0,0.0,-1.0
125756342,125756269,0.04387119,-0.24176192,0.038518596,0.71837914,0.0,0.0,0.0,-1.0
125856349,125856269,0.07218826,-0.19956441,0.03847943,0.7175346,0.0,0.0,0.0,-1.0
125960377,125960287,0.009779395,-0.1557253,0.035994668,0.7185003,0.0,0.0,0.0,-1.0
126060385,126060269,-0.007965242,-0.21504089,0.033242412,0.71929544,0.0,0.0,0.0,-1.0
126164445,126164321,0.10827233,-0.15105188,0.02871621,0.71483564,0.0,0.0,0.0,-1.0
126264442,126264349,0.06383476,-0.15974751,0.025671327,0.7169732,0.0,0.0,0.0,-1.0
126364425,126364334,0.009576554,-0.22243522,0.031440455,0.717309,0.0,0.0,0.0,-1.0
126468381,126468279,0.019547325,-0.20814839,0.02248967,0.71581197,0.0,0.0,0.0,-1.0
126568373,126568269,0.042273387,-0.17940296,0.018617822,0.7168993,0.0,0.0,0.0,-1.0
126668419,126668269,0.0036168352,-0.14032374,0.015009152,0.7176944,0.0,0.0,0.0,-1.0
126772378,126772269,0.0661394,-0.19188422,0.015486363,0.7193425,0.0,0.0,0.0,-1.0
126872343,126872269,0.08382293,-0.2270146,0.0049919933,0.7208143,0.0,0.0,0.0,-1.0
126976413,126976313,-0.03620727,-0.1991849,0.009032631,0.7219597,0.0,0.0,0.0,-1.0
127080357,127080268,-0.012263861,-0.27339187,0.026692994,0.72248405,0.0,0.0,0.0,-1.0
127184435,127184302,0.06976298,-0.21310012,0.032331176,0.7269638,0.0,0.0,0.0,-1.0
127284383,127284308,0.048125163,-0.2500845,0.03817337,0.72925305,0.0,0.0,0.0,-1.0
127692354,127692280,0.0049186097,-0.14672713,0.041222803,0.72142565,0.0,0.0,0.0,-1.0
127792386,127792303,-0.039745357,-0.13731112,0.03581957,0.7187483,0.0,0.0,0.0,-1.0
127896350,127896275,0.060991015,-0.1613392,0.040807877,0.7181568,0.0,0.0,0.0,-1.0
128000359,128000285,0.067898534,-0.20111579,0.041870825,0.71607614,0.0,0.0,0.0,-1.0
128100349,128100276,0.07762494,-0.17175213,0.032381516,0.718427,0.0,0.0,0.0,-1.0
128204401,128204297,0.037704147,-0.18194704,0.02437808,0.7175247,0.0,0.0,0.0,-1.0
128304405,128304291,0.11085514,-0.17802648,0.026674055,0.7202575,0.0,0.0,0.0,-1.0
128404437,128404339,0.050980195,-0.24563996,0.028730871,0.72263986,0.0,0.0,0.0,-1.0
128508371,128508269,-0.058353845,-0.1983276,0.022910751,0.72379994,0.0,0.0,0.0,-1.0
128608371,128608268,0.010523747,-0.22561464,0.027683396,0.7218358,0.0,0.0,0.0,-1.0
128712407,128712270,-0.011974965,-0.15751559,0.024760151,0.72240907,0.0,0.0,0.0,-1.0
128816342,128816269,0.04793559,-0.2515665,0.030050596,0.72201437,0.0,0.0,0.0,-1.0
128916348,128916275,0.041983813,-0.24250497,0.035164516,0.71956736,0.0,0.0,0.0,-1.0
129020350,129020269,0.029588874,-0.24930355,0.028188806,0.72221977,0.0,0.0,0.0,-1.0
129117942,129117869,0.04393711,-0.24128954,0.032525536,0.72170186,0.0,0.0,0.0,-1.0
129220342,129220269,-0.04732074,-0.23910923,0.02405804,0.72003126,0.0,0.0,0.0,-1.0
129323593,129323499,-0.016882382,-0.19524685,0.013334485,0.72274065,0.0,0.0,0.0,-1.0
129423547,129423469,0.0058885287,-0.16759379,0.015915688,0.7221587,0.0,0.0,0.0,-1.0
129526782,129526705,0.07070696,-0.23107126,0.012533097,0.72433907,0.0,0.0,0.0,-1.0
129627583,129627469,0.040868327,-0.16697297,0.015970625,0.72703934,0.0,0.0,0.0,-1.0
129727607,129727489,-0.00488866,-0.23074602,0.025172787,0.72860545,0.0,0.0,0.0,-1.0
129831560,129831469,-0.06293322,-0.2351209,0.025998995,0.7321739,0.0,0.0,0.0,-1.0
129931559,129931469,0.053966623,-0.20412242,0.018246656,0.7325991,0.0,0.0,0.0,-1.0
130031609,130031499,0.07129446,-0.15428215,0.016971704,0.73352987,0.0,0.0,0.0,-1.0
130135568,130135469,0.05803662,-0.19140981,0.020631514,0.7346305,0.0,0.0,0.0,-1.0
130235547,130235474,-0.020263037,-0.20580007,0.020362124,0.7350904,0.0,0.0,0.0,-1.0
130339563,130339469,0.034937978,-0.15621318,0.020365521,0.7368097,0.0,0.0,0.0,-1.0
130439542,130439469,-0.038004383,-0.20681955,0.02463745,0.740399,0.0,0.0,0.0,-1.0
130539571,130539498,0.095104314,-0.17529526,0.029553168,0.739109,0.0,0.0,0.0,-1.0
130643587,130643469,0.00093369756,-0.17395547,0.026208518,0.7536925,0.0,0.0,0.0,-1.0
130743567,130743477,0.06732338,-0.1271849,0.02363516,0.7874103,0.0,0.0,0.0,-1.0
130847596,130847492,0.043203313,-0.23330715,0.019776195,0.77934426,0.0,0.0,0.0,-1.0
130951577,130951484,-0.00995947,-0.19383037,0.014272585,0.7745416,0.0,0.0,0.0,-1.0
131051599,131051475,-0.081338145,-0.2295941,0.010397258,0.76788145,0.0,0.0,0.0,-1.0
131151542,131151469,0.023821425,-0.14945094,0.013425226,0.76001257,0.0,0.0,0.0,-1.0
131255599,131255468,0.020117931,-0.20794015,0.02036418,0.7499923,0.0,0.0,0.0,-1.0
131355548,131355475,0.0318408,-0.1836568,0.029384427,0.69982964,0.0,0.0,0.0,-1.0
131459579,131459469,0.041630607,-0.19585669,0.036893554,0.69464105,0.0,0.0,0.0,-1.0
131559555,131559482,0.025963658,-0.20586856,0.03751368,0.69896543,0.0,0.0,0.0,-1.0
131659608,131659494,-0.00081162056,-0.27082622,0.03856989,0.7079492,0.0,0.0,0.0,-1.0
131763559,131763469,0.0822151,-0.22838025,0.041949254,0.717637,0.0,0.0,0.0,-1.0
131863575,131863475,-0.024589315,-0.2564043,0.03490352,0.725605,0.0,0.0,0.0,-1.0
131963627,131963512,-0.028559346,-0.21984453,0.024858724,0.73200613,0.0,0.0,0.0,-1.0
132067582,132067469,0.047485657,-0.26344317,0.017599411,0.7367413,0.0,0.0,0.0,-1.0
132167553,132167480,0.000267463,-0.18473527,0.018864108,0.7402106,0.0,0.0,0.0,-1.0
132271594,132271469,0.054558914,-0.2675223,0.015494301,0.7368916,0.0,0.0,0.0,-1.0
132371553,132371469,0.058312885,-0.22044255,0.010263103,0.7358869,0.0,0.0,0.0,-1.0
132471569,132471493,-0.019754536,-0.20057565,0.014013553,0.7383323,0.0,0.0,0.0,-1.0
132575564,132575474,0.03318223,-0.14093299,0.00930676,0.73750037,0.0,0.0,0.0,-1.0
132675584,132675471,0.020462671,-0.22743717,0.01717307,0.7395268,0.0,0.0,0.0,-1.0
132775567,132775476,0.010621836,-0.18760692,0.022931982,0.7417989,0.0,0.0,0.0,-1.0
132879559,132879468,0.06509672,-0.21562771,0.029096656,0.74559975,0.0,0.0,0.0,-1.0
132979568,132979478,0.006335029,-0.21270685,0.035597704,0.7472468,0.0,0.0,0.0,-1.0
133083560,133083469,0.016718915,-0.21129768,0.03946723,0.7497966,0.0,0.0,0.0,-1.0
133183561,133183469,0.014785649,-0.24727279,0.04228665,0.7504431,0.0,0.0,0.0,-1.0
133283579,133283486,0.052581273,-0.29124084,0.040134963,0.752559,0.0,0.0,0.0,-1.0
133387542,133387469,0.05970328,-0.20366724,0.04475662,0.75261205,0.0,0.0,0.0,-1.0
133487545,133487469,-0.006228433,-0.20705782,0.05260528,0.7526639,0.0,0.0,0.0,-1.0
133587542,133587469,0.055530775,-0.17890613,0.052716896,0.7494321,0.0,0.0,0.0,-1.0
133691615,133691496,-0.02941629,-0.2093377,0.04736296,0.7497819,0.0,0.0,0.0,-1.0
133791542,133791469,0.062232286,-0.22879691,0.042070135,0.7498069,0.0,0.0,0.0,-1.0
133895597,133895479,0.014652919,-0.13538508,0.044298798,0.75075924,0.0,0.0,0.0,-1.0
133995541,133995468,0.083266675,-0.21324939,0.03793119,0.748766,0.0,0.0,0.0,-1.0
134095608,134095494,0.083550304,-0.2002363,0.030162284,0.74486643,0.0,0.0,0.0,-1.0
134199542,134199469,-0.0018560216,-0.25034732,0.01480316,0.74256027,0.0,0.0,0.0,-1.0
134299542,134299469,-0.007145911,-0.20686486,0.009034127,0.73174053,0.0,0.0,0.0,-1.0
134399594,134399484,-0.0056517674,-0.15447797,-0.0021514315,0.7151449,0.0,0.0,0.0,-1.0
134503646,134503519,0.012993371,-0.18969736,-0.006584123,0.71187574,0.0,0.0,0.0,-1.0
134603564,134603469,0.014830539,-0.2660611,-0.011361511,0.7122542,0.0,0.0,0.0,-1.0
134707569,134707469,-0.029664475,-0.253483,-0.015287522,0.7128305,0.0,0.0,0.0,-1.0
134807559,134807469,0.025762985,-0.21521063,-0.0051871985,0.7173291,0.0,0.0,0.0,-1.0
134907545,134907469,0.03114115,-0.16496722,0.012449413,0.7235979,0.0,0.0,0.0,-1.0
135011605,135011515,0.057680164,-0.2174523,0.017040057,0.72917753,0.0,0.0,0.0,-1.0
135111629,135111478,0.02191147,-0.25050372,0.021220326,0.73128325,0.0,0.0,0.0,-1.0
135211663,135211480,0.003465359,-0.24675468,0.03174676,0.731463,0.0,0.0,0.0,-1.0
135315558,135315480,0.059013855,-0.20942268,0.03834793,0.7313887,0.0,0.0,0.0,-1.0
135415593,135415519,-0.012020473,-0.21443613,0.052536078,0.72891104,0.0,0.0,0.0,-1.0
135519552,135519475,-0.010623525,-0.25323135,0.05648293,0.72689104,0.0,0.0,0.0,-1.0
135617975,135617899,-0.051244084,-0.21779265,0.05941831,0.7216332,0.0,0.0,0.0,-1.0
135719589,135719513,0.077303484,-0.19544865,0.054347634,0.723102,0.0,0.0,0.0,-1.0
135822762,135822670,-0.042872738,-0.2288155,0.059389584,0.72610843,0.0,0.0,0.0,-1.0
135922758,135922669,0.012895531,-0.24656503,0.062064126,0.72635597,0.0,0.0,0.0,-1.0
136023579,136023489,-0.08224878,-0.23014833,0.05996564,0.7278612,0.0,0.0,0.0,-1.0
136128425,136128304,-0.011508063,-0.1655579,0.058068626,0.72766966,0.0,0.0,0.0,-1.0
136231543,136231469,0.08052788,-0.21032351,0.067913905,0.72795004,0.0,0.0,0.0,-1.0
136333986,136333912,0.07544708,-0.22712825,0.07245894,0.73087174,0.0,0.0,0.0,-1.0
136434742,136434669,-0.026353333,-0.1890471,0.07619418,0.7355586,0.0,0.0,0.0,-1.0
136534742,136534669,0.0025824457,-0.1802417,0.08159662,0.73924875,0.0,0.0,0.0,-1.0
136638743,136638669,-0.01864497,-0.22565234,0.087079525,0.7425663,0.0,0.0,0.0,-1.0
136738028,136737906,0.046951376,-0.21245629,0.09370851,0.744677,0.0,0.0,0.0,-1.0
136842045,136841922,0.004699002,-0.21556084,0.09297575,0.74442184,0.0,0.0,0.0,-1.0
136942815,136942723,0.022454618,-0.28333542,0.09411296,0.7452715,0.0,0.0,0.0,-1.0
137042788,137042669,-0.0063647307,-0.13749471,0.09546685,0.74835247,0.0,0.0,0.0,-1.0
137142773,137142669,-0.0042989026,-0.17796886,0.0818047,0.7480241,0.0,0.0,0.0,-1.0
137246788,137246698,-0.046736967,-0.23770511,0.07998125,0.74557495,0.0,0.0,0.0,-1.0
137346771,137346682,-0.05625551,-0.21138841,0.072974846,0.7422848,0.0,0.0,0.0,-1.0
137450756,137450683,-0.029102124,-0.21662682,0.06417161,0.7412953,0.0,0.0,0.0,-1.0
137550761,137550669,-0.0063121147,-0.20377246,0.05428068,0.7383371,0.0,0.0,0.0,-1.0
137654763,137654690,0.05759846,-0.19114299,0.049190912,0.7337333,0.0,0.0,0.0,-1.0
137754748,137754675,0.022310108,-0.21882038,0.05010573,0.73265755,0.0,0.0,0.0,-1.0
137854744,137854669,0.044355758,-0.21706842,0.04372429,0.730658,0.0,0.0,0.0,-1.0
137958763,137958689,0.030301409,-0.18682005,0.040970054,0.7319112,0.0,0.0,0.0,-1.0
138058830,138058675,0.076101065,-0.16020195,0.04191682,0.7316857,0.0,0.0,0.0,-1.0
138158742,138158669,-0.0048884423,-0.20353492,0.040988415,0.7332606,0.0,0.0,0.0,-1.0
138262794,138262704,0.011853641,-0.15794903,0.044566926,0.7335026,0.0,0.0,0.0,-1.0
138362772,138362681,0.023774317,-0.1506919,0.044171408,0.73515576,0.0,0.0,0.0,-1.0
138466742,138466669,-0.027179092,-0.1766392,0.040207695,0.73591816,0.0,0.0,0.0,-1.0
138566748,138566675,0.024201207,-0.15049376,0.04168555,0.7373837,0.0,0.0,0.0,-1.0
138666779,138666669,-0.004889145,-0.15775344,0.03851189,0.7349317,0.0,0.0,0.0,-1.0
138770779,138770669,0.0282083,-0.22833477,0.03630138,0.73649406,0.0,0.0,0.0,-1.0
138870748,138870675,0.014061692,-0.23432884,0.03812407,0.7350916,0.0,0.0,0.0,-1.0
138970742,138970669,-0.031521574,-0.23085971,0.033722922,0.7340199,0.0,0.0,0.0,-1.0
139074797,139074686,0.006055508,-0.21198133,0.030453226,0.7310577,0.0,0.0,0.0,-1.0
139174750,139174675,-0.03712098,-0.23707509,0.02982947,0.7301522,0.0,0.0,0.0,-1.0
139278786,139278692,0.064211234,-0.1399011,0.02695436,0.73098344,0.0,0.0,0.0,-1.0
139378802,139378709,-0.0046840585,-0.18689738,0.025412064,0.7313815,0.0,0.0,0.0,-1.0
139478864,139478694,-0.012463186,-0.1900834,0.017184356,0.7305726,0.0,0.0,0.0,-1.0
139582760,139582669,0.012714187,-0.18418472,0.02450356,0.7338682,0.0,0.0,0.0,-1.0
139682743,139682669,0.00312025,-0.17603773,0.026396405,0.7318692,0.0,0.0,0.0,-1.0
139782776,139782682,0.03615385,-0.23900707,0.031114668,0.73234266,0.0,0.0,0.0,-1.0
139886760,139886668,0.0134656625,-0.22183086,0.035303794,0.73019373,0.0,0.0,0.0,-1.0
139986769,139986695,0.047570113,-0.18228377,0.053353123,0.7283604,0.0,0.0,0.0,-1.0
140090745,140090669,0.08226947,-0.1779735,0.06088232,0.72893465,0.0,0.0,0.0,-1.0
140190742,140190669,0.012723014,-0.20356877,0.061190836,0.7308075,0.0,0.0,0.0,-1.0
140290748,140290675,-0.0014662348,-0.15631545,0.05986037,0.73221886,0.0,0.0,0.0,-1.0
140394768,140394694,0.004087145,-0.18977691,0.06876566,0.73454475,0.0,0.0,0.0,-1.0
140494759,140494668,0.053740226,-0.17476746,0.06659321,0.7377549,0.0,0.0,0.0,-1.0
140594760,140594687,-0.04230506,-0.25195888,0.06678401,0.7394541,0.0,0.0,0.0,-1.0
140698759,140698686,-0.021632839,-0.18448159,0.06866691,0.7407855,0.0,0.0,0.0,-1.0
140798746,140798673,-0.008389376,-0.19828123,0.07037261,0.7409067,0.0,0.0,0.0,-1.0
140902758,140902668,0.021493902,-0.18273245,0.060318537,0.73999166,0.0,0.0,0.0,-1.0
141006790,141006675,-0.027355691,-0.21121,0.047128174,0.7396778,0.0,0.0,0.0,-1.0
141106742,141106669,0.051338658,-0.20470601,0.038547795,0.735847,0.0,0.0,0.0,-1.0
141210761,141210670,-0.04998545,-0.22362593,0.025772182,0.7340623,0.0,0.0,0.0,-1.0
141310795,141310705,0.007076975,-0.2673008,0.025046991,0.7309344,0.0,0.0,0.0,-1.0
141410796,141410668,0.054530304,-0.17124735,0.026969222,0.72730017,0.0,0.0,0.0,-1.0
141514748,141514675,-0.01653422,-0.18665709,0.030102063,0.72387624,0.0,0.0,0.0,-1.0
141614742,141614669,0.01500176,-0.17943706,0.028133785,0.72333264,0.0,0.0,0.0,-1.0
141714742,141714669,0.03722243,-0.22084926,0.029741816,0.7230456,0.0,0.0,0.0,-1.0
141818778,141818694,-0.015385059,-0.2060814,0.03503759,0.72175956,0.0,0.0,0.0,-1.0
141918744,141918669,0.03456927,-0.13022119,0.039964043,0.72165155,0.0,0.0,0.0,-1.0
142022780,142022677,0.0467852,-0.14266261,0.0459404,0.7205109,0.0,0.0,0.0,-1.0
142126742,142126669,-0.01748247,-0.17529987,0.058109358,0.7221013,0.0,0.0,0.0,-1.0
142226759,142226668,0.046439897,-0.1582963,0.06302074,0.7231936,0.0,0.0,0.0,-1.0
142330759,142330668,0.016623523,-0.2077744,0.059909474,0.726611,0.0,0.0,0.0,-1.0
142430759,142430669,-0.014246804,-0.22343595,0.05239491,0.72924685,0.0,0.0,0.0,-1.0
142529182,142529087,0.054277163,-0.123585336,0.04646594,0.7289383,0.0,0.0,0.0,-1.0
142634816,142634669,-0.055603024,-0.23710786,0.043846022,0.7279496,0.0,0.0,0.0,-1.0
142733942,142733869,0.061566982,-0.17233147,0.037133805,0.7264913,0.0,0.0,0.0,-1.0
142837967,142837894,-0.031074455,-0.24085099,0.02825205,0.72370714,0.0,0.0,0.0,-1.0
142941942,142941869,0.042241763,-0.27069172,0.02158227,0.7218575,0.0,0.0,0.0,-1.0
143041984,143041872,0.078006126,-0.2182071,0.020085052,0.7182022,0.0,0.0,0.0,-1.0
143142020,143141896,0.059802823,-0.15795004,0.01830702,0.7182533,0.0,0.0,0.0,-1.0
143245968,143245878,0.13343231,-0.19351795,0.012424575,0.72061485,0.0,0.0,0.0,-1.0
143346001,143345908,0.10597654,-0.2275055,0.008318517,0.7221191,0.0,0.0,0.0,-1.0
143449962,143449889,0.053992935,-0.12396295,0.008629112,0.7248902,0.0,0.0,0.0,-1.0
143550769,143550669,0.09157994,-0.14056489,0.015800983,0.72944164,0.0,0.0,0.0,-1.0
143649203,143649110,0.07113682,-0.25150928,0.0148368925,0.7316242,0.0,0.0,0.0,-1.0
143754030,143753915,0.023657456,-0.17924564,0.013318565,0.7379115,0.0,0.0,0.0,-1.0
143853972,143853882,0.02872497,-0.15808709,0.020242656,0.7369775,0.0,0.0,0.0,-1.0
143957959,143957869,0.011384731,-0.28838858,0.026769632,0.7375191,0.0,0.0,0.0,-1.0
144057945,144057868,0.032017708,-0.27722734,0.024705386,0.7367041,0.0,0.0,0.0,-1.0
144159555,144159478,0.003483212,-0.21925539,0.02372152,0.7349793,0.0,0.0,0.0,-1.0
144261958,144261869,-0.0017181224,-0.23286918,0.018874992,0.7314513,0.0,0.0,0.0,-1.0
145685963,145685870,-0.01663999,-0.21722211,0.053938307,0.7455137,0.0,0.0,0.0,-1.0
145786002,145785912,0.073145576,-0.23698916,0.03800718,0.7452045,0.0,0.0,0.0,-1.0
145889942,145889869,0.005102985,-0.21016386,0.028614033,0.7447692,0.0,0.0,0.0,-1.0
145989955,145989869,-0.0041804574,-0.1994587,0.0364448,0.7477412,0.0,0.0,0.0,-1.0
146089967,146089891,0.061613157,-0.16811049,0.04395212,0.74742126,0.0,0.0,0.0,-1.0
146193960,146193869,0.0072885416,-0.2553697,0.050772503,0.74800193,0.0,0.0,0.0,-1.0
146293978,146293868,-0.007370353,-0.18149483,0.050864015,0.74499613,0.0,0.0,0.0,-1.0
146398016,146397891,0.033383284,-0.15902881,0.045824606,0.7431317,0.0,0.0,0.0,-1.0
146497969,146497869,-0.039269876,-0.15230006,0.040961828,0.742358,0.0,0.0,0.0,-1.0
146597942,146597869,0.060218014,-0.16800037,0.04025611,0.7409289,0.0,0.0,0.0,-1.0
146701962,146701869,0.033514727,-0.22184637,0.049804244,0.7408465,0.0,0.0,0.0,-1.0
146801990,146801897,0.095412076,-0.23058544,0.05411087,0.7421855,0.0,0.0,0.0,-1.0
146902055,146901884,0.080676034,-0.20720115,0.056508727,0.74262965,0.0,0.0,0.0,-1.0
147005983,147005880,0.0127539225,-0.2628709,0.06110342,0.7445346,0.0,0.0,0.0,-1.0
147105942,147105869,0.02300709,-0.24084695,0.05098509,0.7449607,0.0,0.0,0.0,-1.0
147205960,147205869,-0.0032661182,-0.21926998,0.037516706,0.7455681,0.0,0.0,0.0,-1.0
147309960,147309868,0.044994622,-0.172844,0.03774356,0.74390936,0.0,0.0,0.0,-1.0
147409942,147409869,0.03610014,-0.19455424,0.029828615,0.74413776,0.0,0.0,0.0,-1.0
147513986,147513868,0.105793074,-0.2170789,0.02102158,0.74324137,0.0,0.0,0.0,-1.0
147614001,147613911,0.09364401,-0.19096829,0.016709035,0.74495924,0.0,0.0,0.0,-1.0
147713992,147713915,0.050040346,-0.22599198,0.010186238,0.74171156,0.0,0.0,0.0,-1.0
147817979,147817894,-0.045150474,-0.22005247,0.007954441,0.7412341,0.0,0.0,0.0,-1.0
147917969,147917869,-0.015400027,-0.19954486,0.014823465,0.7390205,0.0,0.0,0.0,-1.0
148017942,148017869,0.045560602,-0.14311571,0.024832778,0.7372878,0.0,0.0,0.0,-1.0
148121974,148121887,0.03241029,-0.23137939,0.034132402,0.7369918,0.0,0.0,0.0,-1.0
148222006,148221907,0.041959684,-0.19904472,0.03272235,0.73609555,0.0,0.0,0.0,-1.0
148325959,148325868,0.053318765,-0.24755117,0.04148419,0.73948044,0.0,0.0,0.0,-1.0
148425961,148425868,0.048597753,-0.2541855,0.04433371,0.7401085,0.0,0.0,0.0,-1.0
148526013,148525916,-0.014822253,-0.281467,0.047953058,0.7425596,0.0,0.0,0.0,-1.0
148629942,148629869,0.09010257,-0.17915748,0.055872113,0.7421461,0.0,0.0,0.0,-1.0
148729978,148729869,0.0033389744,-0.21519615,0.058930494,0.7412521,0.0,0.0,0.0,-1.0
148834018,148833898,0.0318719,-0.24956617,0.06178438,0.7389692,0.0,0.0,0.0,-1.0
148937956,148937883,0.014029252,-0.21253434,0.046596557,0.73294777,0.0,0.0,0.0,-1.0
149037942,149037869,-0.013862295,-0.23066494,0.040049504,0.729708,0.0,0.0,0.0,-1.0
149137952,149137875,0.007282844,-0.23755674,0.032881077,0.7232378,0.0,0.0,0.0,-1.0
149241962,149241869,0.021327876,-0.14037144,0.026744545,0.7197696,0.0,0.0,0.0,-1.0
149341961,149341870,0.07796347,-0.23146349,0.02793692,0.7160713,0.0,0.0,0.0,-1.0
149445974,149445883,-0.0722845,-0.18504046,0.018859345,0.71794426,0.0,0.0,0.0,-1.0
149546000,149545872,0.0060737464,-0.17316973,0.01383337,0.7148617,0.0,0.0,0.0,-1.0
149646000,149645908,-0.030743467,-0.17747973,0.014350427,0.7150682,0.0,0.0,0.0,-1.0
149749206,149749113,0.03880098,-0.16573419,0.011531165,0.71531343,0.0,0.0,0.0,-1.0
149849998,149849907,0.036422815,-0.23960517,0.004680926,0.71445906,0.0,0.0,0.0,-1.0
149952393,149952318,-0.01187781,-0.20644212,0.004919322,0.71529675,0.0,0.0,0.0,-1.0
150053945,150053869,0.030723296,-0.25910485,0.006068742,0.71019334,0.0,0.0,0.0,-1.0
150153186,150153082,0.11775777,-0.14433844,0.0012161862,0.7111463,0.0,0.0,0.0,-1.0
150257153,150257069,0.09644323,-0.13734187,0.0035065655,0.7124873,0.0,0.0,0.0,-1.0
150357942,150357869,0.087650664,-0.20837893,0.0071969405,0.71472085,0.0,0.0,0.0,-1.0
150457988,150457912,0.084924504,-0.19939063,0.010034755,0.7148283,0.0,0.0,0.0,-1.0
150561289,150561069,0.064413965,-0.14482942,0.017531771,0.71494246,0.0,0.0,0.0,-1.0
150664451,150664354,0.05092241,-0.1579723,0.029631786,0.7187495,0.0,0.0,0.0,-1.0
150764448,150764316,0.011373822,-0.20702691,0.031020474,0.7220637,0.0,0.0,0.0,-1.0
150864446,150864327,0.019142937,-0.19834289,0.037302308,0.7237461,0.0,0.0,0.0,-1.0
150964453,150964322,0.0016395968,-0.2283678,0.045696028,0.7274497,0.0,0.0,0.0,-1.0
151068476,151068322,-0.03630683,-0.19829765,0.042580176,0.7336687,0.0,0.0,0.0,-1.0
151169227,151169110,0.027122905,-0.23752657,0.048126392,0.7375991,0.0,0.0,0.0,-1.0
151273158,151273077,0.071236625,-0.17418423,0.055147395,0.7446396,0.0,0.0,0.0,-1.0
151373146,151373069,-0.009340731,-0.17817119,0.06403364,0.75049335,0.0,0.0,0.0,-1.0
151473209,151473090,0.0936267,-0.17203176,0.066550225,0.7601251,0.0,0.0,0.0,-1.0
151577175,151577079,0.017863374,-0.23547973,0.07492525,0.7600704,0.0,0.0,0.0,-1.0
151677170,151677076,-0.029611269,-0.21779835,0.083051205,0.75718087,0.0,0.0,0.0,-1.0
151777168,151777073,0.06911683,-0.21738137,0.0756173,0.7530186,0.0,0.0,0.0,-1.0
151881256,151881122,0.093057804,-0.16758555,0.072002575,0.7477607,0.0,0.0,0.0,-1.0
151981184,151981070,0.0036434473,-0.16554444,0.068253025,0.74499184,0.0,0.0,0.0,-1.0
152085171,152085077,0.037641406,-0.15697733,0.060470648,0.7380706,0.0,0.0,0.0,-1.0
152189165,152189072,0.00034433528,-0.15111522,0.05133308,0.72894305,0.0,0.0,0.0,-1.0
152289146,152289069,0.11235807,-0.181243,0.040411565,0.72152656,0.0,0.0,0.0,-1.0
152393172,152393068,0.0074842614,-0.20532311,0.038601488,0.71762973,0.0,0.0,0.0,-1.0
152493229,152493071,-0.00854926,-0.23723325,0.03952136,0.7137223,0.0,0.0,0.0,-1.0
152593157,152593069,0.034185033,-0.21821116,0.032192674,0.71204823,0.0,0.0,0.0,-1.0
152697147,152697069,0.024578618,-0.18396461,0.033464678,0.70865166,0.0,0.0,0.0,-1.0
152797200,152797116,0.05889991,-0.15843245,0.037658356,0.71089745,0.0,0.0,0.0,-1.0
152897172,152897068,0.107452646,-0.19243917,0.039081722,0.71702844,0.0,0.0,0.0,-1.0
153001188,153001098,0.09036087,-0.1689596,0.047211803,0.7188791,0.0,0.0,0.0,-1.0
153101228,153101078,-0.0033789398,-0.20038451,0.050045755,0.7263542,0.0,0.0,0.0,-1.0
153205157,153205077,0.091160074,-0.22412609,0.039841007,0.7329619,0.0,0.0,0.0,-1.0
153309208,153309115,0.009995236,-0.18917628,0.03517353,0.7374789,0.0,0.0,0.0,-1.0
153413192,153413094,0.069748715,-0.18423854,0.037201405,0.7436537,0.0,0.0,0.0,-1.0
153513155,153513069,0.09052114,-0.21760602,0.032306638,0.7467889,0.0,0.0,0.0,-1.0
153617182,153617079,-0.021479316,-0.19577831,0.03555327,0.7511091,0.0,0.0,0.0,-1.0
153717190,153717069,0.042081714,-0.17178953,0.038166847,0.75176334,0.0,0.0,0.0,-1.0
153821156,153821079,-0.055394843,-0.18487407,0.042729907,0.750745,0.0,0.0,0.0,-1.0
153925148,153925072,0.077241905,-0.25027364,0.04770651,0.74651486,0.0,0.0,0.0,-1.0
154025276,154025083,-0.011585452,-0.25302517,0.06129157,0.7483196,0.0,0.0,0.0,-1.0
154129215,154129079,0.032614324,-0.1967424,0.06291197,0.7429851,0.0,0.0,0.0,-1.0
154229163,154229069,0.08152765,-0.17817993,0.058666024,0.7399071,0.0,0.0,0.0,-1.0
154329171,154329075,-0.00063797313,-0.14046286,0.051513556,0.73553216,0.0,0.0,0.0,-1.0
154433175,154433069,0.05890325,-0.219987,0.057812467,0.73186904,0.0,0.0,0.0,-1.0
154533188,154533069,-0.010975809,-0.22841753,0.05703772,0.73078746,0.0,0.0,0.0,-1.0
154633210,154633097,0.0074105575,-0.22418264,0.058376294,0.7304496,0.0,0.0,0.0,-1.0
154737180,154737090,0.061134998,-0.21586074,0.055390414,0.73112243,0.0,0.0,0.0,-1.0
154837158,154837081,0.010662254,-0.1981998,0.062124163,0.72932017,0.0,0.0,0.0,-1.0
154941147,154941070,0.035180956,-0.20528789,0.06515616,0.7288711,0.0,0.0,0.0,-1.0
155045240,155045120,-0.010830444,-0.20658936,0.06013176,0.7293205,0.0,0.0,0.0,-1.0
155145190,155145069,0.07308786,-0.16318627,0.054747734,0.7265603,0.0,0.0,0.0,-1.0
155249151,155249075,-0.009786996,-0.18744782,0.043533865,0.7260561,0.0,0.0,0.0,-1.0
155349201,155349069,0.085285656,-0.1690242,0.03305733,0.72915083,0.0,0.0,0.0,-1.0
155449160,155449078,0.10671842,-0.20968352,0.02707141,0.7266745,0.0,0.0,0.0,-1.0
155553189,155553092,-0.024230666,-0.16024446,0.020586774,0.7275263,0.0,0.0,0.0,-1.0
155653200,155653069,0.021402134,-0.15460497,0.025809823,0.7304244,0.0,0.0,0.0,-1.0
155753166,155753069,-0.012092719,-0.17519322,0.022061247,0.7309149,0.0,0.0,0.0,-1.0
155857184,155857081,-0.057595134,-0.21737784,0.024690703,0.726838,0.0,0.0,0.0,-1.0
155957192,155957079,-0.005728575,-0.18642956,0.018338354,0.72521234,0.0,0.0,0.0,-1.0
156061203,156061114,0.092042886,-0.2606048,0.010542279,0.7260384,0.0,0.0,0.0,-1.0
156161202,156161075,0.08857018,-0.32737786,0.013638781,0.70877737,0.0,0.0,0.0,-1.0
156261155,156261069,0.009440647,-0.15152016,-0.0020418577,0.6980302,0.0,0.0,0.0,-1.0
156365190,156365072,0.0012850054,-0.16635308,0.011826543,0.7390135,0.0,0.0,0.0,-1.0
156465195,156465085,-0.01941479,-0.20435414,-0.007872403,0.7200114,0.0,0.0,0.0,-1.0
156565230,156565097,0.008807503,-0.16843463,0.01155166,0.74564064,0.0,0.0,0.0,-1.0
156669165,156669089,0.029103462,-0.2383036,-0.00037415698,0.742452,0.0,0.0,0.0,-1.0
156769151,156769075,-0.079615004,-0.10231168,0.0019339938,0.7540559,0.0,0.0,0.0,-1.0
156873163,156873075,0.036136955,-0.18360151,0.0126581,0.7595555,0.0,0.0,0.0,-1.0
156972343,156972269,0.010042479,-0.246767,-0.0019056369,0.7587606,0.0,0.0,0.0,-1.0
157076443,157076268,0.03464011,-0.2102964,0.018273586,0.76199675,0.0,0.0,0.0,-1.0
157177241,157177069,0.021446066,-0.26754746,0.012482344,0.75175613,0.0,0.0,0.0,-1.0
157276361,157276271,-0.053311218,-0.12677498,0.025597751,0.74868315,0.0,0.0,0.0,-1.0
157377167,157377074,0.018295182,-0.25169066,0.035115242,0.7390653,0.0,0.0,0.0,-1.0
157480387,157480269,0.026921669,-0.21340698,0.03676283,0.7283416,0.0,0.0,0.0,-1.0
157580349,157580269,0.0076472796,-0.13031594,0.051260874,0.7267736,0.0,0.0,0.0,-1.0
157684440,157684328,0.025384912,-0.12106554,0.06864835,0.7231682,0.0,0.0,0.0,-1.0
157784391,157784300,0.015240434,-0.05740013,0.07603921,0.7179251,0.0,0.0,0.0,-1.0
157888379,157888269,0.012793368,-0.094552465,0.076563716,0.72162133,0.0,0.0,0.0,-1.0
157989147,157989069,0.013634238,-0.07199532,0.07152627,0.7208712,0.0,0.0,0.0,-1.0
158088414,158088295,0.018726803,-0.14241785,0.061373588,0.72718227,0.0,0.0,0.0,-1.0
158192342,158192268,-0.023366434,-0.1484919,0.05971568,0.71864444,0.0,0.0,0.0,-1.0
158292380,158292269,-0.00082837214,-0.13074541,0.06534683,0.72790843,0.0,0.0,0.0,-1.0
158392356,158392273,0.051408246,-0.11402236,0.053495593,0.72296494,0.0,0.0,0.0,-1.0
158496394,158496269,-0.08031074,-0.07306415,0.057207346,0.7223508,0.0,0.0,0.0,-1.0
158596343,158596269,0.0056872834,-0.10566781,0.053564258,0.72490317,0.0,0.0,0.0,-1.0
158696343,158696269,-0.014406244,-0.072724044,0.057948988,0.72229904,0.0,0.0,0.0,-1.0
158800359,158800285,-0.0054158457,-0.038885266,0.05757866,0.72248495,0.0,0.0,0.0,-1.0
158900381,158900280,0.07025882,-0.1613727,0.062361352,0.72291344,0.0,0.0,0.0,-1.0
159004387,159004297,-0.053062517,-0.055605236,0.073579304,0.71939355,0.0,0.0,0.0,-1.0
159104394,159104302,0.016948575,-0.16144668,0.07494944,0.72117007,0.0,0.0,0.0,-1.0
159204437,159204339,0.033245847,-0.16861874,0.07823681,0.72187114,0.0,0.0,0.0,-1.0
159308388,159308268,0.080518,-0.14297695,0.07666355,0.7184616,0.0,0.0,0.0,-1.0
159408390,159408269,0.03821967,-0.15858859,0.07165177,0.72129345,0.0,0.0,0.0,-1.0
159512439,159512269,0.10382021,-0.102233425,0.06595285,0.7226448,0.0,0.0,0.0,-1.0
159612371,159612281,0.12997133,-0.19481318,0.06392971,0.7226697,0.0,0.0,0.0,-1.0
159712342,159712269,0.0033694024,-0.07492168,0.062913716,0.7266082,0.0,0.0,0.0,-1.0
159816343,159816270,0.0392718,-0.1441089,0.056247097,0.7311152,0.0,0.0,0.0,-1.0
159916384,159916268,0.011275512,-0.006875341,0.065013565,0.7331431,0.0,0.0,0.0,-1.0
160016349,160016269,0.060079396,-0.12089445,0.0710246,0.7375962,0.0,0.0,0.0,-1.0
160120430,160120303,0.08495177,-0.050387442,0.07828969,0.7404403,0.0,0.0,0.0,-1.0
160220409,160220318,0.047445722,-0.021496488,0.0865096,0.74445313,0.0,0.0,0.0,-1.0
160324405,160324307,0.06258433,-0.11596714,0.08483666,0.7495507,0.0,0.0,0.0,-1.0
160424390,160424300,0.10494306,-0.057610966,0.07596935,0.75250036,0.0,0.0,0.0,-1.0
160524421,160524331,0.08450141,-0.017839381,0.07816534,0.75894696,0.0,0.0,0.0,-1.0
160628393,160628272,0.05086436,-0.0011761086,0.065781526,0.75950277,0.0,0.0,0.0,-1.0
160728425,160728269,0.081625335,-0.07200897,0.07862835,0.7642382,0.0,0.0,0.0,-1.0
160828379,160828269,0.055851817,-0.080998905,0.08031478,0.76490545,0.0,0.0,0.0,-1.0
160932385,160932269,-0.010258081,-0.19357578,0.0954793,0.7611746,0.0,0.0,0.0,-1.0
161032358,161032268,0.013829437,-0.13183989,0.103563294,0.76810086,0.0,0.0,0.0,-1.0
161136356,161136276,0.023088923,-0.10149327,0.10256028,0.76345,0.0,0.0,0.0,-1.0
161240361,161240273,0.0481539,-0.07299857,0.106109574,0.76498383,0.0,0.0,0.0,-1.0
161344418,161344328,-0.047642063,-0.06819397,0.10493058,0.7678755,0.0,0.0,0.0,-1.0
161444467,161444344,-0.034449223,-0.11819056,0.11353327,0.76263684,0.0,0.0,0.0,-1.0
161548456,161548279,0.014225857,-0.08676801,0.10346117,0.76194954,0.0,0.0,0.0,-1.0
161648391,161648271,-0.0053445166,-0.07004549,0.09572229,0.76019686,0.0,0.0,0.0,-1.0
161752364,161752269,0.018249234,-0.044438474,0.07800599,0.76159286,0.0,0.0,0.0,-1.0
161852359,161852269,-0.03429548,-0.083418876,0.07231269,0.765284,0.0,0.0,0.0,-1.0
161952342,161952269,0.080775164,-0.058196105,0.054293007,0.7579754,0.0,0.0,0.0,-1.0
162056375,162056275,-0.051513765,-0.11820007,0.051402196,0.7493668,0.0,0.0,0.0,-1.0
162156367,162156269,0.023553258,-0.14345008,0.04830473,0.7466641,0.0,0.0,0.0,-1.0
162256349,162256269,-0.028461492,-0.09700154,0.04071336,0.7389664,0.0,0.0,0.0,-1.0
162360377,162360299,-0.035193857,-0.17157687,0.047330096,0.7335419,0.0,0.0,0.0,-1.0
162460369,162460269,-0.037221886,-0.06513872,0.042593155,0.729204,0.0,0.0,0.0,-1.0
162564400,162564302,-0.010165949,-0.11262239,0.047008656,0.7246526,0.0,0.0,0.0,-1.0
162664398,162664301,-0.02805342,-0.07103151,0.046148717,0.72625667,0.0,0.0,0.0,-1.0
162764458,162764367,-0.022478191,-0.04351094,0.049577072,0.72665507,0.0,0.0,0.0,-1.0
162868402,162868272,-0.008483591,-0.10064049,0.052275613,0.72695476,0.0,0.0,0.0,-1.0
162968382,162968275,-0.00051198824,-0.08654589,0.057521332,0.73071116,0.0,0.0,0.0,-1.0
163068379,163068269,0.035208315,-0.14959897,0.049082845,0.7307744,0.0,0.0,0.0,-1.0
163172344,163172269,-0.015008243,-0.16728641,0.05192514,0.731457,0.0,0.0,0.0,-1.0
163272350,163272275,0.030134847,-0.11714188,0.053346682,0.7349597,0.0,0.0,0.0,-1.0
163376417,163376295,-0.035117887,-0.13182752,0.051766217,0.7383712,0.0,0.0,0.0,-1.0
163484441,163484342,0.034256537,-0.1306636,0.048150413,0.73832965,0.0,0.0,0.0,-1.0
163584489,163584358,0.023627002,-0.09377989,0.056480847,0.7375123,0.0,0.0,0.0,-1.0
163684438,163684314,0.04204736,-0.10988456,0.07189502,0.7410366,0.0,0.0,0.0,-1.0
163788401,163788283,0.015761435,-0.050949037,0.07573717,0.7436483,0.0,0.0,0.0,-1.0
163888395,163888277,-0.03307968,-0.06569126,0.08279334,0.7424623,0.0,0.0,0.0,-1.0
163992350,163992268,0.017210027,-0.11379838,0.08741365,0.7458355,0.0,0.0,0.0,-1.0
164092342,164092269,-0.004687023,-0.056250773,0.07910261,0.7515322,0.0,0.0,0.0,-1.0
164191559,164191469,0.008369599,-0.17028701,0.092214875,0.7484206,0.0,0.0,0.0,-1.0
164295542,164295469,0.05167067,-0.19341357,0.08791367,0.74808,0.0,0.0,0.0,-1.0
164395542,164395469,0.050484426,-0.15728632,0.09703226,0.74922955,0.0,0.0,0.0,-1.0
164497961,164497884,0.088748276,-0.115058474,0.09636042,0.7513143,0.0,0.0,0.0,-1.0
164599542,164599469,0.07831316,-0.053374182,0.092408806,0.7568736,0.0,0.0,0.0,-1.0
164700358,164700269,0.11727757,-0.03143994,0.07313508,0.7688351,0.0,0.0,0.0,-1.0
164803604,164803492,0.10565706,-0.06322574,0.08023758,0.7635136,0.0,0.0,0.0,-1.0
164903619,164903525,0.06776081,-0.06103634,0.064017646,0.76431775,0.0,0.0,0.0,-1.0
165003589,165003469,0.059758052,-0.10253362,0.053636976,0.7632536,0.0,0.0,0.0,-1.0
165107543,165107469,0.06559477,-0.046493616,0.045028716,0.76399344,0.0,0.0,0.0,-1.0
165207576,165207486,0.07736001,-0.077921204,0.03225652,0.758546,0.0,0.0,0.0,-1.0
165308457,165308295,-0.008327453,-0.17022716,0.037599243,0.7548203,0.0,0.0,0.0,-1.0
165412387,165412269,0.047365468,-0.1327868,0.026771672,0.75576186,0.0,0.0,0.0,-1.0
165511583,165511490,0.05478599,-0.08175656,0.030030373,0.7553303,0.0,0.0,0.0,-1.0
165615550,165615477,0.056750212,-0.07378269,0.030861517,0.75430167,0.0,0.0,0.0,-1.0
165715557,165715470,0.029403906,-0.081519574,0.025913205,0.75719917,0.0,0.0,0.0,-1.0
165818856,165818722,0.072086595,-0.12874348,0.03967409,0.7600315,0.0,0.0,0.0,-1.0
165919605,165919494,0.031141207,-0.050466236,0.04368823,0.7625375,0.0,0.0,0.0,-1.0
166019568,166019469,0.0022552211,-0.076586455,0.051144704,0.7634624,0.0,0.0,0.0,-1.0
166123559,166123468,0.07597318,-0.08411719,0.058739547,0.7626606,0.0,0.0,0.0,-1.0
166223570,166223469,0.06891487,-0.16353934,0.062518306,0.7642472,0.0,0.0,0.0,-1.0
166323559,166323469,0.049876783,-0.08943484,0.05658376,0.7640293,0.0,0.0,0.0,-1.0
166427558,166427468,0.043353736,-0.1279482,0.05358392,0.76136047,0.0,0.0,0.0,-1.0
166527554,166527481,0.049453698,-0.036306363,0.061725963,0.75824195,0.0,0.0,0.0,-1.0
166627542,166627469,-0.006020522,-0.10024099,0.059902266,0.7584328,0.0,0.0,0.0,-1.0
166731559,166731468,0.0041639777,-0.043865915,0.0565207,0.7526009,0.0,0.0,0.0,-1.0
166831541,166831468,0.05493167,-0.124515705,0.049668577,0.74591786,0.0,0.0,0.0,-1.0
166935617,166935533,0.049745284,-0.13360523,0.053743865,0.73941773,0.0,0.0,0.0,-1.0
167035545,167035468,0.05292503,-0.10720139,0.061384417,0.7364935,0.0,0.0,0.0,-1.0
167135559,167135483,0.0034831609,-0.020906627,0.058636528,0.7342173,0.0,0.0,0.0,-1.0
167239578,167239504,0.037962925,-0.1198503,0.051642865,0.73152226,0.0,0.0,0.0,-1.0
167339553,167339480,0.035132997,-0.027329508,0.05980444,0.73628473,0.0,0.0,0.0,-1.0
167439569,167439469,0.10345517,-0.11878152,0.05246825,0.7402229,0.0,0.0,0.0,-1.0
167543562,167543469,0.123912394,-0.14571458,0.062073804,0.7488195,0.0,0.0,0.0,-1.0
167643544,167643469,0.043436192,-0.05226382,0.0654308,0.75622284,0.0,0.0,0.0,-1.0
167747592,167747475,-0.03729854,-0.046124756,0.05557906,0.7533168,0.0,0.0,0.0,-1.0
167847559,167847469,0.055978466,-0.13798577,0.043163672,0.7612585,0.0,0.0,0.0,-1.0
167947575,167947482,0.022239564,0.043839257,0.035790004,0.76139975,0.0,0.0,0.0,-1.0
168051562,168051489,-0.03609105,-0.047236305,0.030565087,0.759073,0.0,0.0,0.0,-1.0
168151559,168151469,-0.06843749,0.10426306,0.03647504,0.7568094,0.0,0.0,0.0,-1.0
168251579,168251469,0.12362751,0.083699785,0.06471439,0.7511422,0.0,0.0,0.0,-1.0
168355639,168355512,0.022525672,0.09017581,0.087475374,0.751283,0.0,0.0,0.0,-1.0
168455585,168455469,0.10330247,0.22952461,0.09392732,0.7499084,0.0,0.0,0.0,-1.0
168559565,168559492,0.04935121,0.099065475,0.10857993,0.7528005,0.0,0.0,0.0,-1.0
168663561,168663469,0.027092032,0.27258146,0.11149952,0.75669277,0.0,0.0,0.0,-1.0
168763559,168763469,0.03267642,0.23848125,0.11661843,0.76346743,0.0,0.0,0.0,-1.0
168867546,168867473,0.031425945,0.17123783,0.12880714,0.7735492,0.0,0.0,0.0,-1.0
168967583,168967468,0.107788704,0.36970022,0.10364495,0.7761163,0.0,0.0,0.0,-1.0
169067574,169067498,0.12018386,0.167742,0.10511003,0.7782498,0.0,0.0,0.0,-1.0
169171565,169171490,0.07355947,0.30339968,0.09596959,0.788356,0.0,0.0,0.0,-1.0
169271551,169271478,0.1325349,0.3810073,0.0770301,0.8007588,0.0,0.0,0.0,-1.0
169371569,169371469,0.114383906,0.3305536,0.06441184,0.832184,0.0,0.0,0.0,-1.0
169475577,169475468,0.1588454,0.32385138,0.046904467,0.85829,0.0,0.0,0.0,-1.0
169575561,169575470,0.010057201,0.29948464,0.042770095,0.89072275,0.0,0.0,0.0,-1.0
169679602,169679468,0.05515196,0.307714,0.058751155,0.8856142,0.0,0.0,0.0,-1.0
169783621,169783493,0.056270093,0.15085894,0.059733238,0.8682363,0.0,0.0,0.0,-1.0
169883596,169883505,0.04273618,0.14999767,0.05671633,0.82992435,0.0,0.0,0.0,-1.0
169987543,169987469,0.0974694,0.2992461,0.06781035,0.7977807,0.0,0.0,0.0,-1.0
170087548,170087475,-0.06344631,0.47265238,0.058817957,0.76627916,0.0,0.0,0.0,-1.0
170187561,170187469,-0.0074149217,0.31119597,0.050120715,0.75421274,0.0,0.0,0.0,-1.0
170291542,170291469,0.043962218,0.46628347,0.05412156,0.7489441,0.0,0.0,0.0,-1.0
170391561,170391488,-0.032744013,0.37458998,0.04180313,0.7524694,0.0,0.0,0.0,-1.0
170491560,170491469,0.018569384,0.33106768,0.05064061,0.7694086,0.0,0.0,0.0,-1.0
170595569,170595469,0.041656476,0.33925235,0.06303601,0.7761028,0.0,0.0,0.0,-1.0
170695548,170695475,0.05500571,0.20992579,0.05804494,0.8021933,0.0,0.0,0.0,-1.0
170799542,170799469,0.026430296,0.46847865,0.020616818,0.80903983,0.0,0.0,0.0,-1.0
170903557,170903468,0.07416432,0.12228757,-0.019054431,0.8238891,0.0,0.0,0.0,-1.0
171003542,171003469,0.08171119,0.2665295,-0.007862687,0.831697,0.0,0.0,0.0,-1.0
171107605,171107469,-0.0028965855,0.1943905,-0.04706389,0.83731,0.0,0.0,0.0,-1.0
171207544,171207469,0.07211368,0.16490534,-0.039329868,0.84501505,0.0,0.0,0.0,-1.0
171307598,171307505,0.17914912,0.18785825,-0.07014187,0.84590095,0.0,0.0,0.0,-1.0
171411586,171411471,0.061026223,0.04326246,-0.0580317,0.85032403,0.0,0.0,0.0,-1.0
171511605,171511494,0.107874356,0.1282914,-0.080100805,0.8478762,0.0,0.0,0.0,-1.0
171611634,171611469,0.15353917,-0.010208425,-0.08117167,0.849272,0.0,0.0,0.0,-1.0
171715622,171715509,0.07755788,0.14763327,-0.07562197,0.84733796,0.0,0.0,0.0,-1.0
171815543,171815470,0.005409728,0.02182132,-0.08184941,0.851258,0.0,0.0,0.0,-1.0
171919549,171919476,0.06354822,-0.0127505325,-0.11233165,0.8483942,0.0,0.0,0.0,-1.0
172023554,172023481,0.0798387,0.12500824,-0.075538956,0.8446961,0.0,0.0,0.0,-1.0
172123623,172123468,0.054736517,-0.029018022,-0.042507175,0.8444865,0.0,0.0,0.0,-1.0
172225989,172225915,0.1382357,-0.15343967,-0.057792258,0.8354505,0.0,0.0,0.0,-1.0
172326788,172326715,0.19328992,-0.12634452,-0.066952005,0.8311545,0.0,0.0,0.0,-1.0
172430747,172430668,0.1832566,-0.13932447,-0.10554871,0.8300333,0.0,0.0,0.0,-1.0
172530742,172530668,0.20768063,-0.2128796,-0.12685968,0.82011515,0.0,0.0,0.0,-1.0
172630751,172630673,0.08575999,-0.1249928,-0.11322224,0.814159,0.0,0.0,0.0,-1.0
172734045,172733909,0.12119464,-0.07545136,-0.1010141,0.8177845,0.0,0.0,0.0,-1.0
172834755,172834669,0.06536762,-0.09395006,-0.069603264,0.81776714,0.0,0.0,0.0,-1.0
172934750,172934677,0.042234626,-0.046383098,-0.043534316,0.812732,0.0,0.0,0.0,-1.0
173038780,173038669,-0.021220524,-0.071047455,-0.035105277,0.81916815,0.0,0.0,0.0,-1.0
173137989,173137913,0.08698426,-0.108564064,-0.01073966,0.8199864,0.0,0.0,0.0,-1.0
173238742,173238669,0.10529939,-0.11817159,-0.027763767,0.8290154,0.0,0.0,0.0,-1.0
173342778,173342674,0.05070484,-0.077828586,-0.0060644187,0.8271801,0.0,0.0,0.0,-1.0
173442838,173442669,0.06711711,-0.1201865,0.00071431324,0.82354414,0.0,0.0,0.0,-1.0
173546801,173546669,0.025352577,-0.11428768,0.0027302336,0.81626445,0.0,0.0,0.0,-1.0
173646772,173646677,0.18294966,-0.089094624,-0.009010002,0.8151644,0.0,0.0,0.0,-1.0
173746769,173746678,0.04316504,-0.12743726,0.0028776526,0.79716814,0.0,0.0,0.0,-1.0
173850770,173850696,0.08860241,-0.17355573,0.0017714389,0.7779,0.0,0.0,0.0,-1.0
173950761,173950669,0.019057998,-0.08960348,0.0076966565,0.7575374,0.0,0.0,0.0,-1.0
174054775,174054675,0.042261656,-0.15209208,0.020082906,0.74501145,0.0,0.0,0.0,-1.0
174158742,174158669,0.10114965,-0.15324122,0.028863901,0.7303388,0.0,0.0,0.0,-1.0
174258747,174258674,0.11594246,-0.16379708,0.03229613,0.72396386,0.0,0.0,0.0,-1.0
174362789,174362673,0.12329675,-0.28118548,0.041971065,0.72291344,0.0,0.0,0.0,-1.0
174462770,174462669,0.0012052527,-0.22464044,0.040824026,0.7206056,0.0,0.0,0.0,-1.0
174562760,174562669,0.11171554,0.044069767,0.04789287,0.71793705,0.0,0.0,0.0,-1.0
174666742,174666669,0.17201625,-0.11256676,0.041768696,0.70937,0.0,0.0,0.0,-1.0
174766744,174766669,0.04783461,-0.00839919,0.032060813,0.7182252,0.0,0.0,0.0,-1.0
174866763,174866690,0.02172419,-0.07831247,0.03957938,0.6830534,0.0,0.0,0.0,-1.0
174970754,174970681,-0.058492176,-0.07053171,0.08810673,0.56828874,0.0,0.0,0.0,-1.0
175070795,175070669,0.5937834,1.4282249,0.038999185,0.08041425,0.0,0.0,0.0,-1.0
175174742,175174669,0.5694261,0.80702823,-0.022139085,0.080008015,0.0,0.0,0.0,-1.0
175274760,175274669,-0.01189909,1.3889692,-1.4225578,0.08,0.0,0.0,0.0,-1.0
175374794,175374681,-0.21527538,0.6484767,-1.2380655,0.08,0.0,0.0,0.0,-1.0
175478788,175478669,0.8452245,0.5461114,-1.5194765,0.08,0.0,0.0,0.0,-1.0
175578769,175578677,0.3302406,0.19890867,-1.031634,0.08,0.0,0.0,0.0,-1.0
175678759,175678668,0.5901818,-0.010385869,-0.8682019,0.08,0.0,0.0,0.0,-1.0
175782759,175782668,0.6921935,-0.022924636,-0.5147912,0.08,0.0,0.0,0.0,-1.0
175886786,175886695,0.39904916,0.005085792,-0.58440006,0.08,0.0,0.0,0.0,-1.0
175986771,175986679,0.17086048,-0.15565473,-0.41460395,0.08,0.0,0.0,0.0,-1.0
176090742,176090669,0.30862215,0.13731554,-0.79769576,0.08,0.0,0.0,0.0,-1.0
176190770,176190677,0.30129734,-0.054165978,-0.83026356,0.08,0.0,0.0,0.0,-1.0
176294756,176294679,0.4750909,-0.030115107,-0.704566,0.08,0.0,0.0,0.0,-1.0
176394748,176394675,0.60067046,-0.036151998,-0.6338969,0.08,0.0,0.0,0.0,-1.0
176494742,176494669,0.43817672,-0.10065734,-0.7032718,0.08,0.0,0.0,0.0,-1.0
176598784,176598669,0.49861842,-0.061409302,-0.6942542,0.08,0.0,0.0,0.0,-1.0
176698748,176698675,0.41570306,-0.094990805,-0.6767155,0.08,0.0,0.0,0.0,-1.0
176798750,176798677,0.44247666,-0.08852433,-0.6854314,0.08,0.0,0.0,0.0,-1.0
176902776,176902685,0.10259259,0.25006074,0.6905466,-0.0,0.0,0.0,0.0,-1.0
177002774,177002701,0.06841947,0.25291705,0.6978008,-0.0,0.0,0.0,0.0,-1.0
177102760,177102669,0.06378529,0.26100743,0.7041211,-0.0,0.0,0.0,0.0,-1.0
177206741,177206669,0.07147365,0.27618286,0.70564604,-0.0,0.0,0.0,0.0,-1.0
177306787,177306675,0.0828458,0.2620862,0.6983352,-0.0,0.0,0.0,0.0,-1.0
177410797,177410668,0.059566718,0.25809532,0.7000109,-0.0,0.0,0.0,0.0,-1.0
177510758,177510668,0.07156738,0.28108245,0.7037515,-0.0,0.0,0.0,0.0,-1.0
177610764,177610675,0.053813756,0.2584455,0.70017564,-0.0,0.0,0.0,0.0,-1.0
177714741,177714669,0.078659736,0.26158488,0.70127267,-0.0,0.0,0.0,0.0,-1.0
177814747,177814675,0.06453146,0.2546796,0.7038132,-0.0,0.0,0.0,0.0,-1.0
