timestamp,x,y,z,yaw,yawspeed,vx,vy,vz,acc_x,acc_y,acc_z,jerk_x,jerk_y,jerk_z,thrust[0],thrust[1],thrust[2]
116307667,nan,nan,nan,3.0819957,0.0,nan,nan,-0.7028108,0.0,0.0,0.0,0.0,0.0,0.0,2.770343e-22,-1.6740147e-23,-0.6770376
116327789,nan,nan,nan,3.0819957,0.0,nan,nan,-0.7028108,0.0,0.0,0.0,0.0,0.0,0.0,-5.1624452e-23,2.821168e-24,-0.67724
116427742,nan,nan,nan,3.0819957,0.0,nan,nan,-0.7028108,0.0,0.0,0.0,0.0,0.0,0.0,7.620887e-25,-4.904104e-26,-0.6876289
116527994,nan,nan,nan,3.0819957,0.0,nan,nan,-0.7028108,0.0,0.0,0.0,0.0,0.0,0.0,1.00327145e-25,-5.863676e-27,-0.68558455
116628253,nan,nan,nan,3.0819957,0.0,nan,nan,-0.7028108,0.0,0.0,0.0,0.0,0.0,0.0,-2.279908e-27,1.3983834e-28,-0.6846398
116729410,nan,nan,nan,3.0819957,0.0,nan,nan,-0.7028108,0.0,0.0,0.0,0.0,0.0,0.0,-6.495325e-29,3.8796373e-30,-0.68069565
116828307,nan,nan,nan,3.0819957,0.0,nan,nan,-0.7028108,0.0,0.0,0.0,0.0,0.0,0.0,-1.1831052e-30,6.9622844e-32,-0.67807996
116928431,nan,nan,nan,3.0819957,0.0,nan,nan,-0.7028108,0.0,0.0,0.0,0.0,0.0,0.0,1.425325e-32,-9.045224e-34,-0.6685864
117028427,nan,nan,nan,3.0819957,0.0,nan,nan,-0.7028108,0.0,0.0,0.0,0.0,0.0,0.0,1.5316535e-33,-8.937872e-35,-0.6609022
117128810,nan,nan,nan,3.0819957,0.0,nan,nan,-0.7028108,0.0,0.0,0.0,0.0,0.0,0.0,1.4278474e-35,-8.073672e-37,-0.6553157
117248588,nan,nan,nan,3.0819957,0.0,nan,nan,-0.7028108,0.0,0.0,0.0,0.0,0.0,0.0,-3.2354443e-38,2.612707e-39,-0.64856154
117348789,nan,nan,nan,3.0819957,0.0,nan,nan,-0.7028108,0.0,0.0,0.0,0.0,0.0,0.0,-4.9594e-39,3.02503e-40,-0.6452258
117448924,nan,nan,nan,3.0819957,0.0,nan,nan,-0.7028108,0.0,0.0,0.0,0.0,0.0,0.0,-2.18661e-40,1.2595e-41,-0.6451371
117549233,nan,nan,nan,3.0819957,0.0,nan,nan,-0.7028108,0.0,0.0,0.0,0.0,0.0,0.0,-9.9e-43,5.2e-44,-0.6462786
117649182,nan,nan,nan,3.0819957,0.0,nan,nan,-0.7028108,0.0,0.0,0.0,0.0,0.0,0.0,2.05e-43,-1.3e-44,-0.64634275
117749151,nan,nan,nan,3.0819957,0.0,nan,nan,-0.7028108,0.0,0.0,0.0,0.0,0.0,0.0,3e-45,0.0,-0.65270483
117849258,nan,nan,nan,3.0819957,0.0,nan,nan,-0.7028108,0.0,0.0,0.0,0.0,0.0,0.0,0.0,0.0,-0.65395766
117949351,nan,nan,nan,3.0819957,0.0,nan,nan,-0.7028108,0.0,0.0,0.0,0.0,0.0,0.0,0.0,0.0,-0.6532006
118049385,nan,nan,nan,3.0819957,0.0,nan,nan,-0.7028108,0.0,0.0,0.0,0.0,0.0,0.0,0.0,0.0,-0.65045553
118149544,nan,nan,nan,3.0819957,0.0,nan,nan,-0.7028108,0.0,0.0,0.0,0.0,0.0,0.0,0.0,0.0,-0.6494943
118249992,nan,nan,nan,3.0819957,0.0,nan,nan,-0.7028108,0.0,0.0,0.0,0.0,0.0,0.0,0.0,0.0,-0.6532092
118350097,nan,nan,nan,3.0819957,0.0,nan,nan,-0.7028108,0.0,0.0,0.0,0.0,0.0,0.0,0.0,0.0,-0.6544221
118470158,nan,nan,nan,3.0819957,0.0,nan,nan,-0.7028108,0.0,0.0,0.0,0.0,0.0,0.0,0.0,0.0,-0.6601011
118570613,nan,nan,nan,3.0819957,0.0,nan,nan,-0.7028108,0.0,0.0,0.0,0.0,0.0,0.0,0.0,0.0,-0.6646509
118670380,nan,nan,nan,3.0819957,0.0,nan,nan,-0.7028108,0.0,0.0,0.0,0.0,0.0,0.0,0.0,0.0,-0.6656811
118770094,nan,nan,nan,3.0819957,0.0,nan,nan,-0.7028108,0.0,0.0,0.0,0.0,0.0,0.0,0.0,0.0,-0.6684598
118870234,nan,nan,nan,3.0819957,0.0,nan,nan,-0.7028108,0.0,0.0,0.0,0.0,0.0,0.0,0.0,0.0,-0.66927457
118970395,nan,nan,nan,3.0819957,0.0,nan,nan,-0.7028108,0.0,0.0,0.0,0.0,0.0,0.0,0.0,0.0,-0.6707971
119070515,nan,nan,nan,3.0819957,0.0,nan,nan,-0.7028108,0.0,0.0,0.0,0.0,0.0,0.0,0.0,0.0,-0.67180085
119170624,nan,nan,nan,3.0819957,0.0,nan,nan,-0.7028108,0.0,0.0,0.0,0.0,0.0,0.0,0.0,0.0,-0.67316705
119270895,nan,nan,nan,3.0819957,0.0,nan,nan,-0.7028108,0.0,0.0,0.0,0.0,0.0,0.0,0.0,0.0,-0.6735879
119370735,nan,nan,nan,3.0819957,0.0,nan,nan,-0.7028108,0.0,0.0,0.0,0.0,0.0,0.0,0.0,0.0,-0.6717521
119471373,-0.1674831,0.19541351,nan,3.0644362,0.0,0.0018603809,-0.00060926453,-0.39572,0.0,0.0,0.0,0.0,0.0,0.0,0.0037029546,-0.005362623,-0.61329126
119570968,-0.1674831,0.19541351,nan,3.0644362,0.0,0.009490464,-0.0035755343,-0.7028108,0.0,0.0,0.0,0.0,0.0,0.0,0.0116471555,-0.0068017947,-0.684234
119671013,-0.1674831,0.19541351,nan,3.0644362,0.0,0.018214347,-0.0075340904,-0.7028108,0.0,0.0,0.0,0.0,0.0,0.0,0.008933682,-0.0048274854,-0.687865
119771372,-0.1674831,0.19541351,nan,3.0644362,0.0,0.026637893,-0.01084492,-0.7028108,0.0,0.0,0.0,0.0,0.0,0.0,0.01135626,-0.0059300493,-0.68970394
119871355,-0.1674831,0.19541351,nan,3.0644362,0.0,0.035951164,-0.014319988,-0.7028108,0.0,0.0,0.0,0.0,0.0,0.0,0.014420091,-0.0061063543,-0.6899142
119991541,-0.1674831,0.19541351,nan,3.0644362,0.0,0.04665233,-0.017838743,-0.7028108,0.0,0.0,0.0,0.0,0.0,0.0,0.013193804,-0.005199649,-0.6906607
120091616,-0.1674831,0.19541351,nan,3.0644362,0.0,0.05481839,-0.02025005,-0.7028108,0.0,0.0,0.0,0.0,0.0,0.0,0.015068194,-0.0021934411,-0.6871402
120191669,-0.1674831,0.19541351,nan,3.0644362,0.0,0.062455043,-0.021860575,-0.7028108,0.0,0.0,0.0,0.0,0.0,0.0,0.016537659,-0.0020256187,-0.6836427
120291697,-0.1674831,0.19541351,nan,3.0644362,0.0,0.067949705,-0.02190998,-0.7028108,0.0,0.0,0.0,0.0,0.0,0.0,0.010398971,-0.004006979,-0.67632014
120391995,-0.1674831,0.19541351,nan,3.0644362,0.0,0.072203144,-0.020369712,-0.7028108,0.0,0.0,0.0,0.0,0.0,0.0,0.0068238997,-0.0027813509,-0.6757064
120492108,-0.1674831,0.19541351,nan,3.0644362,0.0,0.07465596,-0.017578227,-0.7028108,0.0,0.0,0.0,0.0,0.0,0.0,0.012079861,0.0024019734,-0.68077576
120592275,-0.1674831,0.19541351,nan,3.0644362,0.0,0.07532258,-0.013503719,-0.7028108,0.0,0.0,0.0,0.0,0.0,0.0,0.0059708925,0.0024901764,-0.6836837
120692292,-0.1674831,0.19541351,nan,3.0644362,0.0,0.07494763,-0.006857995,-0.7028108,0.0,0.0,0.0,0.0,0.0,0.0,0.008727526,0.006456894,-0.6915069
120793207,-0.1674831,0.19541351,nan,3.0644362,0.0,0.07302822,0.0016088977,-0.7028108,0.0,0.0,0.0,0.0,0.0,0.0,0.010133694,0.0065935617,-0.69630843
120892389,-0.1674831,0.19541351,nan,3.0644362,0.0,0.0700675,0.010989864,-0.7028108,0.0,0.0,0.0,0.0,0.0,0.0,0.006856906,0.009691441,-0.70028013
120994538,-0.1674831,0.19541351,nan,3.0644362,0.0,0.06636479,0.021872042,-0.7028108,0.0,0.0,0.0,0.0,0.0,0.0,0.00744336,0.006372789,-0.705685
121092597,-0.1674831,0.19541351,nan,3.0644362,0.0,0.06305147,0.032004952,-0.7028108,0.0,0.0,0.0,0.0,0.0,0.0,0.009555079,0.012105338,-0.70812076
121193389,-0.1674831,0.19541351,nan,3.0644362,0.0,0.059598256,0.04245578,-0.7028108,0.0,0.0,0.0,0.0,0.0,0.0,0.01057726,0.011568187,-0.70858485
121313018,-0.1674831,0.19541351,nan,3.0644362,0.0,0.05572523,0.05318901,-0.7028108,0.0,0.0,0.0,0.0,0.0,0.0,0.010467048,0.012183558,-0.7091847
121412800,-0.1674831,0.19541351,nan,3.0644362,0.0,0.05284111,0.059065122,-0.7028108,0.0,0.0,0.0,0.0,0.0,0.0,0.004233098,0.007193361,-0.70944107
121513003,-0.1674831,0.19541351,nan,3.0644362,0.0,0.05062943,0.06251114,-0.7028108,0.0,0.0,0.0,0.0,0.0,0.0,0.007915767,0.010393241,-0.71054506
121613057,-0.1674831,0.19541351,nan,3.0644362,0.0,0.049848296,0.06336497,-0.7028108,0.0,0.0,0.0,0.0,0.0,0.0,0.0039676214,0.007825827,-0.7107398
121713216,-0.1674831,0.19541351,nan,3.0644362,0.0,0.050662413,0.06280538,-0.7028108,0.0,0.0,0.0,0.0,0.0,0.0,0.0072113895,0.008873105,-0.71523553
121813276,-0.1674831,0.19541351,nan,3.0644362,0.0,0.052765105,0.0612566,-0.7028108,0.0,0.0,0.0,0.0,0.0,0.0,0.0074842093,0.010365702,-0.7132578
121913347,-0.1674831,0.19541351,nan,3.0644362,0.0,0.056674935,0.059609454,-0.7028108,0.0,0.0,0.0,0.0,0.0,0.0,0.015168194,0.012039116,-0.7147264
122013412,-0.1674831,0.19541351,nan,3.0644362,0.0,0.06136369,0.059093747,-0.7028108,0.0,0.0,0.0,0.0,0.0,0.0,0.01172547,0.010611791,-0.7162938
122113591,-0.1674831,0.19541351,nan,3.0644362,0.0,0.06753401,0.05964988,-0.7028108,0.0,0.0,0.0,0.0,0.0,0.0,0.012992774,0.010534842,-0.7196972
122213913,-0.1674831,0.19541351,nan,3.0644362,0.0,0.07322594,0.06191381,-0.7028108,0.0,0.0,0.0,0.0,0.0,0.0,0.015793085,0.009871151,-0.72119725
122314148,-0.1674831,0.19541351,nan,3.0644362,0.0,0.07915398,0.06558859,-0.7028108,0.0,0.0,0.0,0.0,0.0,0.0,0.012423029,0.0062411185,-0.7221423
122414155,-0.1674831,0.19541351,nan,3.0644362,0.0,0.08373427,0.06965215,-0.7028108,0.0,0.0,0.0,0.0,0.0,0.0,0.020626556,0.011456297,-0.72402877
122514129,-0.1674831,0.19541351,nan,3.0644362,0.0,0.087920286,0.07366603,-0.7028108,0.0,0.0,0.0,0.0,0.0,0.0,0.017337898,0.008544726,-0.72362804
122634020,-0.1674831,0.19541351,nan,3.0644362,0.0,0.090285406,0.077505134,-0.7028108,0.0,0.0,0.0,0.0,0.0,0.0,0.011557115,0.007725993,-0.7224344
122735564,-0.1674831,0.19541351,nan,3.0644362,0.0,0.090511136,0.07916846,-0.7028108,0.0,0.0,0.0,0.0,0.0,0.0,0.009262826,0.01085129,-0.7212167
122834183,-0.1674831,0.19541351,nan,3.0644362,0.0,0.088681236,0.07877379,-0.7028108,0.0,0.0,0.0,0.0,0.0,0.0,0.013208138,0.0064509884,-0.72123826
122935005,-0.1674831,0.19541351,nan,3.0644362,0.0,0.08470436,0.07642107,-0.7028108,0.0,0.0,0.0,0.0,0.0,0.0,0.007589007,0.004880517,-0.7184217
123034564,-0.1674831,0.19541351,nan,3.0644362,0.0,0.079258054,0.073393665,-0.7028108,0.0,0.0,0.0,0.0,0.0,0.0,0.012022037,0.004622275,-0.7213884
123134920,-0.1674831,0.19541351,nan,3.0644362,0.0,0.072313055,0.06883456,-0.7028108,0.0,0.0,0.0,0.0,0.0,0.0,0.0074277124,0.0032144843,-0.72516847
123234729,-0.1674831,0.19541351,nan,3.0644362,0.0,0.06618178,0.06334647,-0.7028108,0.0,0.0,0.0,0.0,0.0,0.0,0.005651924,0.003802218,-0.7340678
123335002,-0.1674831,0.19541351,nan,3.0644362,0.0,0.059298303,0.057339948,-0.7028108,0.0,0.0,0.0,0.0,0.0,0.0,0.00435415,0.006851592,-0.74345374
123434916,-0.1674831,0.19541351,nan,3.0644362,0.0,0.05328237,0.052095264,-0.7028108,0.0,0.0,0.0,0.0,0.0,0.0,0.0060068998,0.006666323,-0.746492
123534861,-0.1674831,0.19541351,nan,3.0644362,0.0,0.04694512,0.04629122,-0.7028108,0.0,0.0,0.0,0.0,0.0,0.0,0.0075799027,0.0007719726,-0.7515706
123635006,-0.1674831,0.19541351,nan,3.0644362,0.0,0.041811112,0.041973285,-0.7028108,0.0,0.0,0.0,0.0,0.0,0.0,0.008347113,0.0010462573,-0.75618327
123735163,-0.1674831,0.19541351,nan,3.0644362,0.0,0.037365954,0.038157377,-0.7028108,0.0,0.0,0.0,0.0,0.0,0.0,0.005441549,0.003477527,-0.75365466
123855293,-0.1674831,0.19541351,nan,3.0644362,0.0,0.034041904,0.03516506,-0.7028108,0.0,0.0,0.0,0.0,0.0,0.0,0.004608565,0.004609842,-0.7485591
123955410,-0.1674831,0.19541351,nan,3.0644362,0.0,0.032619838,0.034839768,-0.7028108,0.0,0.0,0.0,0.0,0.0,0.0,0.0069000055,0.005874896,-0.7434558
124055584,-0.1674831,0.19541351,nan,3.0644362,0.0,0.03256757,0.03532545,-0.7028108,0.0,0.0,0.0,0.0,0.0,0.0,0.0038639505,0.0044755256,-0.74080324
124155727,-0.1674831,0.19541351,nan,3.0644362,0.0,0.03330236,0.0360969,-0.7028108,0.0,0.0,0.0,0.0,0.0,0.0,0.015544096,0.010039279,-0.7405509
124255773,-0.1674831,0.19541351,nan,3.0644362,0.0,0.03512687,0.037438206,-0.7028108,0.0,0.0,0.0,0.0,0.0,0.0,0.010602899,0.006316223,-0.7414411
124355800,-0.1674831,0.19541351,nan,3.0644362,0.0,0.038672674,0.038534272,-0.7028108,0.0,0.0,0.0,0.0,0.0,0.0,0.012317762,0.008279048,-0.7387166
124455807,-0.1674831,0.19541351,nan,3.0644362,0.0,0.042681314,0.039564934,-0.7028108,0.0,0.0,0.0,0.0,0.0,0.0,0.014402855,0.009356718,-0.73897725
124555997,-0.1674831,0.19541351,nan,3.0644362,0.0,0.047250707,0.040159844,-0.7028108,0.0,0.0,0.0,0.0,0.0,0.0,0.01601355,0.0071762754,-0.7372007
124657614,-0.1674831,0.19541351,nan,3.0644362,0.0,0.05137598,0.0395969,-0.7028108,0.0,0.0,0.0,0.0,0.0,0.0,0.012893662,0.0075215437,-0.73321015
124777720,-0.1674831,0.19541351,nan,3.0644362,0.0,0.05488443,0.03805711,-0.7028108,0.0,0.0,0.0,0.0,0.0,0.0,0.013274426,0.006424909,-0.73118955
124876352,-0.1674831,0.19541351,nan,3.0644362,0.0,0.056712378,0.036117245,-0.7028108,0.0,0.0,0.0,0.0,0.0,0.0,0.016332086,0.008180522,-0.72971195
124976404,-0.1674831,0.19541351,nan,3.0644362,0.0,0.057502188,0.033566542,-0.7028108,0.0,0.0,0.0,0.0,0.0,0.0,0.013959728,0.0075849043,-0.728291
125076418,-0.1674831,0.19541351,nan,3.0644362,0.0,0.05609101,0.03055364,-0.7028108,0.0,0.0,0.0,0.0,0.0,0.0,0.009503483,0.0026106602,-0.73088527
125177053,-0.1674831,0.19541351,nan,3.0644362,0.0,0.052572865,0.026654964,-0.7028108,0.0,0.0,0.0,0.0,0.0,0.0,0.004276544,0.0029123158,-0.7341464
125276789,-0.1674831,0.19541351,nan,3.0644362,0.0,0.047339536,0.022470392,-0.7028108,0.0,0.0,0.0,0.0,0.0,0.0,0.0058678994,0.0040368536,-0.7386637
125376785,-0.1674831,0.19541351,nan,3.0644362,0.0,0.03998905,0.017745651,-0.7028108,0.0,0.0,0.0,0.0,0.0,0.0,0.0013155383,0.0012933661,-0.74487543
125477138,-0.1674831,0.19541351,nan,3.0644362,0.0,0.031937838,0.012546823,-0.7028108,0.0,0.0,0.0,0.0,0.0,0.0,0.0028312812,0.0028492492,-0.74649906
125577126,-0.1674831,0.19541351,nan,3.0644362,0.0,0.021488737,0.0064533283,-0.7028108,0.0,0.0,0.0,0.0,0.0,0.0,-0.0012500393,0.0011711679,-0.7528546
125697226,-0.1674831,0.19541351,nan,3.0644362,0.0,0.007137224,-0.00093522295,-0.7028108,0.0,0.0,0.0,0.0,0.0,0.0,-0.00047969446,0.0033093318,-0.75850725
125797400,-0.1674831,0.19541351,nan,3.0644362,0.0,-0.005417866,-0.0057808426,-0.7028108,0.0,0.0,0.0,0.0,0.0,0.0,-0.006127103,0.0021131847,-0.7603397
125897339,-0.1674831,0.19541351,nan,3.0644362,0.0,-0.020054951,-0.009607946,-0.7028108,0.0,0.0,0.0,0.0,0.0,0.0,-0.008575626,0.0026311893,-0.7622994
125997591,-0.1674831,0.19541351,nan,3.0644362,0.0,-0.033986043,-0.012156554,-0.7028108,0.0,0.0,0.0,0.0,0.0,0.0,-0.0090999,0.0047280947,-0.75584793
126098182,-0.1674831,0.19541351,nan,3.0644362,0.0,-0.049028475,-0.013889147,-0.7028108,0.0,0.0,0.0,0.0,0.0,0.0,-0.010700714,0.0032093383,-0.749087
126198379,-0.1674831,0.19541351,nan,3.0644362,0.0,-0.06272504,-0.014745776,-0.7028108,0.0,0.0,0.0,0.0,0.0,0.0,-0.013347819,0.0026428238,-0.7397218
126298383,-0.1674831,0.19541351,nan,3.0644362,0.0,-0.07689555,-0.015313789,-0.7028108,0.0,0.0,0.0,0.0,0.0,0.0,-0.012775809,0.0040936447,-0.7366121
126397942,-0.1674831,0.19541351,nan,3.0644362,0.0,-0.088552184,-0.014196419,-0.7028108,0.0,0.0,0.0,0.0,0.0,0.0,-0.012965422,0.0036897517,-0.7320097
126498035,-0.1674831,0.19541351,nan,3.0644362,0.0,-0.0991555,-0.0127584,-0.7028108,0.0,0.0,0.0,0.0,0.0,0.0,-0.014318418,0.0017438533,-0.72984016
126618122,-0.1674831,0.19541351,nan,3.0644362,0.0,-0.10786438,-0.009795032,-0.6946231,0.0,0.0,0.0,0.0,0.0,0.0,-0.011155103,0.0074513555,-0.7300495
126719535,-0.1674831,0.19541351,nan,3.0644362,0.0,-0.112393335,-0.00733766,-0.68080276,0.0,0.0,0.0,0.0,0.0,0.0,-0.012677969,0.0051008947,-0.73057806
126818164,-0.1674831,0.19541351,nan,3.0644362,0.0,-0.11485533,-0.005510065,-0.6787758,0.0,0.0,0.0,0.0,0.0,0.0,-0.009833296,0.0061320513,-0.7346127
126918244,-0.1674831,0.19541351,nan,3.0644362,0.0,-0.116042905,-0.0038967363,-0.65382767,0.0,0.0,0.0,0.0,0.0,0.0,-0.012228067,0.0018982957,-0.740041
127018542,-0.1674831,0.19541351,nan,3.0644362,0.0,-0.1158074,-0.0032605326,-0.40186256,0.0,0.0,0.0,0.0,0.0,0.0,-0.006761807,0.0048477678,-0.69851446
127118592,-0.1674831,0.19541351,nan,3.0644362,0.0,-0.114378564,-0.0030315719,-0.40596014,0.0,0.0,0.0,0.0,0.0,0.0,-0.0076519917,0.00031282357,-0.71142054
127218795,-0.1674831,0.19541351,nan,3.0644362,0.0,-0.11226816,-0.0044421284,-0.40562797,0.0,0.0,0.0,0.0,0.0,0.0,-0.0061327918,0.0028773807,-0.71909714
127318821,-0.1674831,0.19541351,nan,3.0644362,0.0,-0.110327445,-0.0065839044,-0.40562242,0.0,0.0,0.0,0.0,0.0,0.0,-0.007390384,0.0024642195,-0.7276187
127418818,-0.1674831,0.19541351,nan,3.0644362,0.0,-0.10902596,-0.009692273,-0.40562242,0.0,0.0,0.0,0.0,0.0,0.0,-0.00745781,-0.00056883926,-0.73684704
127518951,-0.1674831,0.19541351,nan,3.0644362,0.0,-0.10832448,-0.0139541095,-0.40562242,0.0,0.0,0.0,0.0,0.0,0.0,-0.010572648,0.0027442868,-0.74693036
127619033,-0.1674831,0.19541351,nan,3.0644362,0.0,-0.10722533,-0.016869629,-0.40562242,0.0,0.0,0.0,0.0,0.0,0.0,-0.0057394044,0.0046585877,-0.7544317
127739146,-0.1674831,0.19541351,nan,3.0644362,0.0,-0.105433114,-0.018463196,-0.40562242,0.0,0.0,0.0,0.0,0.0,0.0,-0.010587366,0.0060559716,-0.7597488
127839423,-0.1674831,0.19541351,nan,3.0644362,0.0,-0.10421457,-0.01754537,-0.40562242,0.0,0.0,0.0,0.0,0.0,0.0,-0.0025298712,0.008127813,-0.7644861
127939617,-0.1674831,0.19541351,nan,3.0644362,0.0,-0.10210692,-0.014393699,-0.40562242,0.0,0.0,0.0,0.0,0.0,0.0,-0.006284568,0.0072741034,-0.7645175
128040000,-0.1674831,0.19541351,nan,3.0644362,0.0,-0.098642744,-0.00943626,-0.40562242,0.0,0.0,0.0,0.0,0.0,0.0,-0.0030519566,0.00764946,-0.7665075
128139742,-0.1674831,0.19541351,nan,3.0644362,0.0,-0.094508596,-0.0037853986,-0.40562242,0.0,0.0,0.0,0.0,0.0,0.0,-0.0015816207,0.004180571,-0.76388067
128240003,-0.1674831,0.19541351,nan,3.0644362,0.0,-0.088718005,0.0021423989,-0.40562242,0.0,0.0,0.0,0.0,0.0,0.0,-0.0019004531,0.006067369,-0.7591363
128339744,-0.1674831,0.19541351,nan,3.0644362,0.0,-0.08265598,0.0061646574,-0.40562242,0.0,0.0,0.0,0.0,0.0,0.0,0.00039756804,0.002843033,-0.7567183
128439982,-0.1674831,0.19541351,nan,3.0644362,0.0,-0.075227715,0.008050675,-0.40562242,0.0,0.0,0.0,0.0,0.0,0.0,0.0008866501,-0.0031347475,-0.7513144
128539948,-0.1674831,0.19541351,nan,3.0644362,0.0,-0.06788022,0.0048756166,-0.40562242,0.0,0.0,0.0,0.0,0.0,0.0,0.0049330452,-0.00479296,-0.74818146
128640194,-0.1674831,0.19541351,nan,3.0644362,0.0,-0.059647333,-0.0035397902,-0.40562242,0.0,0.0,0.0,0.0,0.0,0.0,0.0037402506,-0.010276817,-0.7419637
128761225,-0.1674831,0.19541351,nan,3.0644362,0.0,-0.049217593,-0.020322856,-0.40562242,0.0,0.0,0.0,0.0,0.0,0.0,0.0051786224,-0.014867962,-0.73665774
128860403,-0.1674831,0.19541351,nan,3.0644362,0.0,-0.041107185,-0.03792925,-0.40562242,0.0,0.0,0.0,0.0,0.0,0.0,0.0036427605,-0.017793424,-0.7343763
128960484,-0.1674831,0.19541351,nan,3.0644362,0.0,-0.03327852,-0.059083227,-0.40562242,0.0,0.0,0.0,0.0,0.0,0.0,0.0053579966,-0.015138744,-0.7309581
129060497,-0.1674831,0.19541351,nan,3.0644362,0.0,-0.026937095,-0.07900038,-0.40562242,0.0,0.0,0.0,0.0,0.0,0.0,0.0063972548,-0.018844139,-0.73391354
129160657,-0.1674831,0.19541351,nan,3.0644362,0.0,-0.02087156,-0.09844557,-0.40562242,0.0,0.0,0.0,0.0,0.0,0.0,0.004175578,-0.016181555,-0.7371633
129260652,-0.1674831,0.19541351,nan,3.0644362,0.0,-0.01562579,-0.111276016,-0.40562242,0.0,0.0,0.0,0.0,0.0,0.0,0.006936704,-0.011884,-0.7387297
129361050,-0.1674831,0.19541351,nan,3.0644362,0.0,-0.01053449,-0.1186638,-0.40562242,0.0,0.0,0.0,0.0,0.0,0.0,0.0056954264,-0.009341957,-0.7432741
129461051,-0.1674831,0.19541351,nan,3.0644362,0.0,-0.0066694357,-0.11799255,-0.40562242,0.0,0.0,0.0,0.0,0.0,0.0,0.006302311,-0.00023628527,-0.74327385
129561232,-0.1674831,0.19541351,nan,3.0644362,0.0,-0.0030533723,-0.10886246,-0.40562242,0.0,0.0,0.0,0.0,0.0,0.0,0.00891398,0.006199804,-0.7465848
129661289,-0.1674831,0.19541351,nan,3.0644362,0.0,8.216202e-05,-0.09235211,-0.40562242,0.0,0.0,0.0,0.0,0.0,0.0,0.003986059,0.009819039,-0.74907947
129781148,-0.1674831,0.19541351,nan,3.0644362,0.0,0.0033620887,-0.064569935,-0.40562242,0.0,0.0,0.0,0.0,0.0,0.0,0.007950699,0.014682033,-0.75498974
129881224,-0.1674831,0.19541351,nan,3.0644362,0.0,0.0062036575,-0.035922766,-0.40562242,0.0,0.0,0.0,0.0,0.0,0.0,0.0067087812,0.017609177,-0.7625447
129981360,-0.1674831,0.19541351,nan,3.0644362,0.0,0.008657901,-0.007839324,-0.40562242,0.0,0.0,0.0,0.0,0.0,0.0,0.005001981,0.021237062,-0.7694265
130081464,-0.1674831,0.19541351,nan,3.0644362,0.0,0.011575021,0.022210132,-0.40562242,0.0,0.0,0.0,0.0,0.0,0.0,0.007444773,0.024488904,-0.7774524
130181586,-0.1674831,0.19541351,nan,3.0644362,0.0,0.014630799,0.04695806,-0.40562242,0.0,0.0,0.0,0.0,0.0,0.0,0.0055678524,0.024322994,-0.78292537
130281937,-0.1674831,0.19541351,nan,3.0644362,0.0,0.018093495,0.06888886,-0.40562242,0.0,0.0,0.0,0.0,0.0,0.0,0.0067437207,0.028396033,-0.7875451
130382099,-0.1674831,0.19541351,nan,3.0644362,0.0,0.022353875,0.08538398,-0.40562242,0.0,0.0,0.0,0.0,0.0,0.0,0.007649604,0.025156138,-0.79449856
130482184,-0.1674831,0.19541351,nan,3.0644362,0.0,0.02664531,0.09541681,-0.40562242,0.0,0.0,0.0,0.0,0.0,0.0,0.006276061,0.022719266,-0.79869336
130582112,-0.1674831,0.19541351,nan,3.0644362,0.0,0.031553853,0.10122854,-0.40562242,0.0,0.0,0.0,0.0,0.0,0.0,0.011934437,0.023838967,-0.79658294
130682046,-0.1674831,0.19541351,nan,3.0644362,0.0,0.035943802,0.10267906,-0.40562242,0.0,0.0,0.0,0.0,0.0,0.0,0.008342467,0.018128399,-0.7900206
130782129,-0.1674831,0.19541351,nan,3.0644362,0.0,0.040380538,0.10036822,-0.40562242,0.0,0.0,0.0,0.0,0.0,0.0,0.018210758,0.01633924,-0.7864913
130882253,-0.1674831,0.19541351,nan,3.0644362,0.0,0.044720247,0.09600154,-0.40562242,0.0,0.0,0.0,0.0,0.0,0.0,0.013114939,0.01578589,-0.7802114
130982299,-0.1674831,0.19541351,nan,3.0644362,0.0,0.049970802,0.08975952,-0.40562242,0.0,0.0,0.0,0.0,0.0,0.0,0.016549082,0.011273644,-0.7730628
131082519,-0.1674831,0.19541351,nan,3.0644362,0.0,0.055487137,0.08256971,-0.40562242,0.0,0.0,0.0,0.0,0.0,0.0,0.011650292,0.0055138976,-0.7643093
131202740,-0.1674831,0.19541351,nan,3.0644362,0.0,0.06291363,0.07171872,-0.40562242,0.0,0.0,0.0,0.0,0.0,0.0,0.016040683,0.006351571,-0.7585069
131302803,-0.1674831,0.19541351,nan,3.0644362,0.0,0.07005181,0.063829005,-0.40562242,0.0,0.0,0.0,0.0,0.0,0.0,0.018262655,0.004905211,-0.75450987
131402788,-0.1674831,0.19541351,nan,3.0644362,0.0,0.07846282,0.05506261,-0.40562242,0.0,0.0,0.0,0.0,0.0,0.0,0.023215372,0.0051399143,-0.75235415
131502869,-0.1674831,0.19541351,nan,3.0644362,0.0,0.08784512,0.047979888,-0.40562242,0.0,0.0,0.0,0.0,0.0,0.0,0.025172755,0.0020978996,-0.7553921
131602984,-0.1674831,0.19541351,nan,3.0644362,0.0,0.100335725,0.039953858,-0.40562242,0.0,0.0,0.0,0.0,0.0,0.0,0.030664993,0.0038159112,-0.76336294
131703029,-0.1674831,0.19541351,nan,3.0644362,0.0,0.11384467,0.03304397,-0.40562242,0.0,0.0,0.0,0.0,0.0,0.0,0.025351524,-0.0021908772,-0.7687439
131803565,-0.1674831,0.19541351,nan,3.0644362,0.0,0.1306728,0.02553557,-0.40562242,0.0,0.0,0.0,0.0,0.0,0.0,0.03197152,-0.0031694085,-0.78158504
131903690,-0.1674831,0.19541351,nan,3.0644362,0.0,0.1476119,0.018237477,-0.40562242,0.0,0.0,0.0,0.0,0.0,0.0,0.03443613,-0.00410771,-0.78978074
132003794,-0.1674831,0.19541351,nan,3.0644362,0.0,0.16647375,0.009018726,-0.40562242,0.0,0.0,0.0,0.0,0.0,0.0,0.03349669,-0.0072968495,-0.80276054
132103771,-0.1674831,0.19541351,nan,3.0644362,0.0,0.18382646,-0.0008728653,-0.40562242,0.0,0.0,0.0,0.0,0.0,0.0,0.040502332,-0.010166461,-0.8180104
132203756,-0.1674831,0.19541351,nan,3.0644362,0.0,0.2009549,-0.014064895,-0.40562242,0.0,0.0,0.0,0.0,0.0,0.0,0.042131543,-0.012187614,-0.8231245
132303797,-0.1674831,0.19541351,nan,3.0644362,0.0,0.21402758,-0.028351065,-0.40562242,0.0,0.0,0.0,0.0,0.0,0.0,0.036011957,-0.01709364,-0.82473445
132423828,-0.1674831,0.19541351,nan,3.0644362,0.0,0.2256902,-0.04833164,-0.40562242,0.0,0.0,0.0,0.0,0.0,0.0,0.03252928,-0.018580263,-0.81965566
132524111,-0.1674831,0.19541351,nan,3.0644362,0.0,0.2296917,-0.06839342,-0.4142603,0.0,0.0,0.0,0.0,0.0,0.0,0.03218762,-0.020467501,-0.8083416
132624270,-0.1674831,0.19541351,nan,3.0644362,0.0,0.22852294,-0.08869672,-0.4136623,0.0,0.0,0.0,0.0,0.0,0.0,0.03596888,-0.02298877,-0.8001425
132724373,-0.1674831,0.19541351,nan,3.0644362,0.0,0.22348726,-0.10864819,-0.41924527,0.0,0.0,0.0,0.0,0.0,0.0,0.026760828,-0.026477413,-0.7933176
132824395,-0.1674831,0.19541351,nan,3.0644362,0.0,0.2149193,-0.12915672,-0.42163384,0.0,0.0,0.0,0.0,0.0,0.0,0.027124751,-0.026619973,-0.779418
132924468,-0.1674831,0.19541351,nan,3.0644362,0.0,0.2046796,-0.14644736,-0.42168665,0.0,0.0,0.0,0.0,0.0,0.0,0.016884897,-0.03246591,-0.76807654
133024427,-0.1674831,0.19541351,nan,3.0644362,0.0,0.19235654,-0.16215916,-0.42168665,0.0,0.0,0.0,0.0,0.0,0.0,0.01972643,-0.025683956,-0.7607026
133124609,-0.1674831,0.19541351,nan,3.0644362,0.0,0.1809522,-0.17348646,-0.42168665,0.0,0.0,0.0,0.0,0.0,0.0,0.020162057,-0.026091393,-0.75212944
133224627,-0.1674831,0.19541351,nan,3.0644362,0.0,0.16982438,-0.18225843,-0.42168665,0.0,0.0,0.0,0.0,0.0,0.0,0.020118978,-0.022641882,-0.74381506
133324786,-0.1674831,0.19541351,nan,3.0644362,0.0,0.16087772,-0.18722162,-0.42168665,0.0,0.0,0.0,0.0,0.0,0.0,0.019039497,-0.023978323,-0.7389976
133424915,-0.1674831,0.19541351,nan,3.0644362,0.0,0.15270323,-0.18893851,-0.42168665,0.0,0.0,0.0,0.0,0.0,0.0,0.017554536,-0.02170983,-0.73022604
133525102,-0.1674831,0.19541351,nan,3.0644362,0.0,0.14572181,-0.1871332,-0.42168665,0.0,0.0,0.0,0.0,0.0,0.0,0.016969323,-0.017955683,-0.7237955
133645091,-0.1674831,0.19541351,nan,3.0644362,0.0,0.13761602,-0.18172233,-0.42168665,0.0,0.0,0.0,0.0,0.0,0.0,0.012714625,-0.01594164,-0.7159481
133745106,-0.1674831,0.19541351,nan,3.0644362,0.0,0.13032277,-0.17540568,-0.42168665,0.0,0.0,0.0,0.0,0.0,0.0,0.013096514,-0.016492084,-0.7120837
133845225,-0.1674831,0.19541351,nan,3.0644362,0.0,0.122699566,-0.16917004,-0.42168665,0.0,0.0,0.0,0.0,0.0,0.0,0.012438867,-0.013583664,-0.71163607
133945324,-0.1674831,0.19541351,nan,3.0644362,0.0,0.11384399,-0.16157225,-0.42168665,0.0,0.0,0.0,0.0,0.0,0.0,0.01172372,-0.011683151,-0.71721995
134045371,-0.1674831,0.19541351,nan,3.0644362,0.0,0.10478063,-0.1542713,-0.42168665,0.0,0.0,0.0,0.0,0.0,0.0,0.015017498,-0.010537466,-0.7232397
134145570,-0.1674831,0.19541351,nan,3.0644362,0.0,0.094935626,-0.14693739,-0.42168665,0.0,0.0,0.0,0.0,0.0,0.0,0.01467312,-0.0054294737,-0.73009837
134245784,-0.1674831,0.19541351,nan,3.0644362,0.0,0.08497171,-0.1375991,-0.42168665,0.0,0.0,0.0,0.0,0.0,0.0,0.012060494,-0.003188049,-0.7361467
134346242,-0.1674831,0.19541351,nan,3.0644362,0.0,0.07416163,-0.12829873,-0.42168665,0.0,0.0,0.0,0.0,0.0,0.0,0.00759432,-0.0041604075,-0.74249077
134466108,-0.1674831,0.19541351,nan,3.0644362,0.0,0.062410593,-0.11780003,-0.42168665,0.0,0.0,0.0,0.0,0.0,0.0,0.010873632,-0.0009234655,-0.750761
134565982,-0.1674831,0.19541351,nan,3.0644362,0.0,0.052298617,-0.10807818,-0.42168665,0.0,0.0,0.0,0.0,0.0,0.0,0.008711789,-0.00012458954,-0.7538763
134666360,-0.1674831,0.19541351,nan,3.0644362,0.0,0.042822793,-0.09717894,-0.42168665,0.0,0.0,0.0,0.0,0.0,0.0,0.009520755,-0.0031043615,-0.7567285
134766260,-0.1674831,0.19541351,nan,3.0644362,0.0,0.034950186,-0.08700184,-0.42168665,0.0,0.0,0.0,0.0,0.0,0.0,0.011413677,0.0010813321,-0.7622904
134866222,-0.1674831,0.19541351,nan,3.0644362,0.0,0.027209884,-0.07540154,-0.42168665,0.0,0.0,0.0,0.0,0.0,0.0,0.012471778,0.0040234583,-0.7686404
134966513,-0.1674831,0.19541351,nan,3.0644362,0.0,0.020988476,-0.06511183,-0.42168665,0.0,0.0,0.0,0.0,0.0,0.0,0.009077533,0.000860156,-0.7729106
135066668,-0.1674831,0.19541351,nan,3.0644362,0.0,0.014999793,-0.054600388,-0.42168665,0.0,0.0,0.0,0.0,0.0,0.0,0.0065205474,0.0025018475,-0.78206587
135166760,-0.1674831,0.19541351,nan,3.0644362,0.0,0.010771719,-0.04419773,-0.42168665,0.0,0.0,0.0,0.0,0.0,0.0,0.011180322,0.0070167566,-0.7902705
135266777,-0.1674831,0.19541351,nan,3.0644362,0.0,0.007033927,-0.03260061,-0.42168665,0.0,0.0,0.0,0.0,0.0,0.0,0.008151654,0.0029756753,-0.79797906
135366817,-0.1674831,0.19541351,nan,3.0644362,0.0,0.0048025427,-0.021210995,-0.42168665,0.0,0.0,0.0,0.0,0.0,0.0,0.01762738,0.013323106,-0.8078484
135486866,-0.1674831,0.19541351,nan,3.0644362,0.0,0.0033254102,-0.0043770247,-0.42168665,0.0,0.0,0.0,0.0,0.0,0.0,0.013239603,0.012203233,-0.81236625
135586910,-0.1674831,0.19541351,nan,3.0644362,0.0,0.0011603475,0.010691566,-0.42168665,0.0,0.0,0.0,0.0,0.0,0.0,0.011809169,0.015565747,-0.8141421
135687054,-0.1674831,0.19541351,nan,3.0644362,0.0,-0.0015758715,0.026477547,-0.42168665,0.0,0.0,0.0,0.0,0.0,0.0,0.0075827017,0.011976519,-0.8145825
135787165,-0.1674831,0.19541351,nan,3.0644362,0.0,-0.005581454,0.042922974,-0.42168665,0.0,0.0,0.0,0.0,0.0,0.0,0.0054282416,0.01456775,-0.8162678
135887633,-0.1674831,0.19541351,nan,3.0644362,0.0,-0.009251155,0.058770265,-0.42168665,0.0,0.0,0.0,0.0,0.0,0.0,0.011282509,0.018932577,-0.815508
135987757,-0.1674831,0.19541351,nan,3.0644362,0.0,-0.012725827,0.075762555,-0.42168665,0.0,0.0,0.0,0.0,0.0,0.0,0.005612551,0.017346084,-0.81567466
136087794,-0.1674831,0.19541351,nan,3.0644362,0.0,-0.015000642,0.09181622,-0.42168665,0.0,0.0,0.0,0.0,0.0,0.0,0.014858916,0.023984112,-0.81587297
136187788,-0.1674831,0.19541351,nan,3.0644362,0.0,-0.01687106,0.10957244,-0.42168665,0.0,0.0,0.0,0.0,0.0,0.0,0.00744577,0.023904704,-0.8139615
136287778,-0.1674831,0.19541351,nan,3.0644362,0.0,-0.017662287,0.12557998,-0.42168665,0.0,0.0,0.0,0.0,0.0,0.0,0.015157538,0.026115984,-0.8191492
136387807,-0.1674831,0.19541351,nan,3.0644362,0.0,-0.01680512,0.14306536,-0.42168665,0.0,0.0,0.0,0.0,0.0,0.0,0.011739253,0.028964521,-0.82141876
136488444,-0.1674831,0.19541351,nan,3.0644362,0.0,-0.013813341,0.16008715,-0.42168665,0.0,0.0,0.0,0.0,0.0,0.0,0.009989945,0.027858246,-0.8245229
136608105,-0.1674831,0.19541351,nan,3.0644362,0.0,-0.007465235,0.17938194,-0.42168665,0.0,0.0,0.0,0.0,0.0,0.0,0.013091726,0.029176334,-0.82531154
136708233,-0.1674831,0.19541351,nan,3.0644362,0.0,-0.0013433575,0.19255449,-0.42168665,0.0,0.0,0.0,0.0,0.0,0.0,0.017089665,0.03171468,-0.82433
136808231,-0.1674831,0.19541351,nan,3.0644362,0.0,0.0060727415,0.20566787,-0.42168665,0.0,0.0,0.0,0.0,0.0,0.0,0.015328386,0.028215388,-0.82173383
136908377,-0.1674831,0.19541351,nan,3.0644362,0.0,0.012759688,0.21511206,-0.42168665,0.0,0.0,0.0,0.0,0.0,0.0,0.017984502,0.029286854,-0.81620574
137008403,-0.1674831,0.19541351,nan,3.0644362,0.0,0.017835557,0.22182345,-0.42168665,0.0,0.0,0.0,0.0,0.0,0.0,0.014326942,0.028372599,-0.8106679
137108440,-0.1674831,0.19541351,nan,3.0644362,0.0,0.02024058,0.22475812,-0.42168665,0.0,0.0,0.0,0.0,0.0,0.0,0.015193216,0.028462645,-0.80534756
137208576,-0.1674831,0.19541351,nan,3.0644362,0.0,0.020158233,0.22445546,-0.42168665,0.0,0.0,0.0,0.0,0.0,0.0,0.016268661,0.024204,-0.8052724
137308627,-0.1674831,0.19541351,nan,3.0644362,0.0,0.01796803,0.22165662,-0.42168665,0.0,0.0,0.0,0.0,0.0,0.0,0.010487389,0.024365162,-0.8049911
137408796,-0.1674831,0.19541351,nan,3.0644362,0.0,0.014608603,0.21721733,-0.42168665,0.0,0.0,0.0,0.0,0.0,0.0,0.01503651,0.022938073,-0.8062521
137508986,-0.1674831,0.19541351,nan,3.0644362,0.0,0.01124599,0.21221587,-0.42168665,0.0,0.0,0.0,0.0,0.0,0.0,0.009319631,0.022550464,-0.80638325
137609058,-0.1674831,0.19541351,nan,3.0644362,0.0,0.0076995753,0.20676495,-0.42168665,0.0,0.0,0.0,0.0,0.0,0.0,0.0143594,0.025180351,-0.8109144
137709155,-0.1674831,0.19541351,nan,3.0644362,0.0,0.0056445478,0.20284145,-0.42168665,0.0,0.0,0.0,0.0,0.0,0.0,0.008666353,0.024200417,-0.8136209
137809204,-0.1674831,0.19541351,nan,3.0644362,0.0,0.0051407744,0.20048267,-0.42168665,0.0,0.0,0.0,0.0,0.0,0.0,0.018154992,0.025417909,-0.82011193
137909281,-0.1674831,0.19541351,nan,3.0644362,0.0,0.0067536784,0.20041405,-0.42168665,0.0,0.0,0.0,0.0,0.0,0.0,0.014964253,0.025084423,-0.8239398
138009393,-0.1674831,0.19541351,nan,3.0644362,0.0,0.010689712,0.20176443,-0.42168665,0.0,0.0,0.0,0.0,0.0,0.0,0.014211679,0.030506954,-0.82819486
138129545,-0.1674831,0.19541351,nan,3.0644362,0.0,0.017472709,0.20542775,-0.42168665,0.0,0.0,0.0,0.0,0.0,0.0,0.01708896,0.023916226,-0.8361646
138231000,-0.1674831,0.19541351,nan,3.0644362,0.0,0.025017075,0.2084801,-0.42168665,0.0,0.0,0.0,0.0,0.0,0.0,0.019749923,0.025721347,-0.8439102
138329895,-0.1674831,0.19541351,nan,3.0644362,0.0,0.03223509,0.21035773,-0.42168665,0.0,0.0,0.0,0.0,0.0,0.0,0.020095825,0.024635006,-0.8480375
138430172,-0.1674831,0.19541351,nan,3.0644362,0.0,0.038666915,0.21028772,-0.42168665,0.0,0.0,0.0,0.0,0.0,0.0,0.020005118,0.020541176,-0.8523787
138530186,-0.1674831,0.19541351,nan,3.0644362,0.0,0.043085486,0.2067561,-0.42168665,0.0,0.0,0.0,0.0,0.0,0.0,0.02323363,0.015276741,-0.8558939
138630908,-0.1674831,0.19541351,nan,3.0644362,0.0,0.04692451,0.19810805,-0.42168665,0.0,0.0,0.0,0.0,0.0,0.0,0.020293942,0.011952461,-0.8610965
138730069,-0.1674831,0.19541351,nan,3.0644362,0.0,0.049448896,0.18496192,-0.42168665,0.0,0.0,0.0,0.0,0.0,0.0,0.02194193,0.011615819,-0.8661095
138830920,-0.1674831,0.19541351,nan,3.0644362,0.0,0.051200133,0.16573136,-0.42168665,0.0,0.0,0.0,0.0,0.0,0.0,0.02519777,0.005067284,-0.8627193
138930259,-0.1674831,0.19541351,nan,3.0644362,0.0,0.05211711,0.1425594,-0.42168665,0.0,0.0,0.0,0.0,0.0,0.0,0.017316744,-0.0021424796,-0.8605268
139030559,-0.1674831,0.19541351,nan,3.0644362,0.0,0.052562926,0.11631391,-0.42168665,0.0,0.0,0.0,0.0,0.0,0.0,0.022847444,-0.0047979048,-0.8578783
139130626,-0.1674831,0.19541351,nan,3.0644362,0.0,0.05424494,0.08670889,-0.42168665,0.0,0.0,0.0,0.0,0.0,0.0,0.022149917,-0.008820674,-0.8507629
139230745,-0.1674831,0.19541351,nan,3.0644362,0.0,0.05648758,0.058858357,-0.42168665,0.0,0.0,0.0,0.0,0.0,0.0,0.02103101,-0.009541791,-0.8438771
139330765,-0.1674831,0.19541351,nan,3.0644362,0.0,0.05937289,0.03062319,-0.42168665,0.0,0.0,0.0,0.0,0.0,0.0,0.019333228,-0.01154809,-0.8351728
139430789,-0.1674831,0.19541351,nan,3.0644362,0.0,0.06165491,0.005290249,-0.42168665,0.0,0.0,0.0,0.0,0.0,0.0,0.02054562,-0.014244432,-0.8319293
139550904,-0.1674831,0.19541351,nan,3.0644362,0.0,0.06403189,-0.023594812,-0.42168665,0.0,0.0,0.0,0.0,0.0,0.0,0.019084608,-0.018840183,-0.8341564
139650967,-0.1674831,0.19541351,nan,3.0644362,0.0,0.06593034,-0.04631891,-0.42168665,0.0,0.0,0.0,0.0,0.0,0.0,0.018948052,-0.01778309,-0.82971334
139751060,-0.1674831,0.19541351,nan,3.0644362,0.0,0.06608217,-0.06289453,-0.42168665,0.0,0.0,0.0,0.0,0.0,0.0,0.016373826,-0.01612005,-0.8183286
139851575,-0.1674831,0.19541351,nan,3.0644362,0.0,0.063045956,-0.07793567,-0.42168665,0.0,0.0,0.0,0.0,0.0,0.0,0.017705595,-0.011219038,-0.80836874
139951606,-0.1674831,0.19541351,nan,3.0644362,0.0,0.058323584,-0.08788554,-0.42168665,0.0,0.0,0.0,0.0,0.0,0.0,0.012377128,-0.006858077,-0.80766606
140051755,-0.1674831,0.19541351,nan,3.0644362,0.0,0.05179166,-0.09437581,-0.42168665,0.0,0.0,0.0,0.0,0.0,0.0,0.015502242,-0.008054197,-0.8078373
140152189,-0.1674831,0.19541351,nan,3.0644362,0.0,0.04474454,-0.09750433,-0.42168665,0.0,0.0,0.0,0.0,0.0,0.0,0.0108166,-0.0067165988,-0.80642736
140251722,-0.1674831,0.19541351,nan,3.0644362,0.0,0.036572248,-0.09762313,-0.42168665,0.0,0.0,0.0,0.0,0.0,0.0,0.01383345,-0.007536355,-0.8041148
140371690,-0.1674831,0.19541351,nan,3.0644362,0.0,0.026016342,-0.09327109,-0.42168665,0.0,0.0,0.0,0.0,0.0,0.0,0.009764845,-0.0019945442,-0.8041364
140471824,-0.1674831,0.19541351,nan,3.0644362,0.0,0.017257847,-0.08674437,-0.42168665,0.0,0.0,0.0,0.0,0.0,0.0,0.009212013,0.00329965,-0.8052621
140572202,-0.1674831,0.19541351,nan,3.0644362,0.0,0.009211914,-0.07994216,-0.42168665,0.0,0.0,0.0,0.0,0.0,0.0,0.00701138,0.0032986517,-0.80744696
140672209,-0.1674831,0.19541351,nan,3.0644362,0.0,0.00075672864,-0.073171385,-0.42168665,0.0,0.0,0.0,0.0,0.0,0.0,0.008048983,0.0014097332,-0.8149252
140772329,-0.1674831,0.19541351,nan,3.0644362,0.0,-0.0060554002,-0.06801522,-0.42168665,0.0,0.0,0.0,0.0,0.0,0.0,0.0056875907,0.003052202,-0.82217866
140872311,-0.1674831,0.19541351,nan,3.0644362,0.0,-0.0123813385,-0.0644769,-0.42168665,0.0,0.0,0.0,0.0,0.0,0.0,0.008659033,-0.001732165,-0.8320832
140972332,-0.1674831,0.19541351,nan,3.0644362,0.0,-0.016720608,-0.06291282,-0.42168665,0.0,0.0,0.0,0.0,0.0,0.0,0.012277262,-8.1841834e-05,-0.83893996
141072419,-0.1674831,0.19541351,nan,3.0644362,0.0,-0.01941484,-0.06267814,-0.42168665,0.0,0.0,0.0,0.0,0.0,0.0,0.0125816595,0.0037624761,-0.84433997
141172496,-0.1674831,0.19541351,nan,3.0644362,0.0,-0.02051477,-0.06400468,-0.42168665,0.0,0.0,0.0,0.0,0.0,0.0,0.013850303,0.0024454135,-0.85345984
141272928,-0.1674831,0.19541351,nan,3.0644362,0.0,-0.019931128,-0.06531299,-0.42168665,0.0,0.0,0.0,0.0,0.0,0.0,0.01436346,-0.0026927046,-0.85794604
141372795,-0.1674831,0.19541351,nan,3.0644362,0.0,-0.018008487,-0.067161635,-0.42168665,0.0,0.0,0.0,0.0,0.0,0.0,0.017164582,-0.0029783342,-0.866147
141492991,-0.1674831,0.19541351,nan,3.0644362,0.0,-0.013744019,-0.07029883,-0.438703,0.0,0.0,0.0,0.0,0.0,0.0,0.017737484,-0.0028000963,-0.87730885
141593066,-0.1674831,0.19541351,nan,3.0644362,0.0,-0.008460295,-0.0742915,-0.44106933,0.0,0.0,0.0,0.0,0.0,0.0,0.014964309,-0.006091111,-0.8786953
141693251,-0.1674831,0.19541351,nan,3.0644362,0.0,-0.0023700148,-0.0787832,-0.57873106,0.0,0.0,0.0,0.0,0.0,0.0,0.024886623,-0.0074766465,-0.9050936
141793261,-0.1674831,0.19541351,nan,3.0644362,0.0,0.0046996702,-0.08582578,-0.7012909,0.0,0.0,0.0,0.0,0.0,0.0,0.021837546,-0.013007471,-0.93078166
141893370,-0.1674831,0.19541351,nan,3.0644362,0.0,0.011796818,-0.09407703,-0.702804,0.0,0.0,0.0,0.0,0.0,0.0,0.026425228,-0.0103914905,-0.9312681
141993889,-0.1674831,0.19541351,nan,3.0644362,0.0,0.02093035,-0.10442333,-0.7028124,0.0,0.0,0.0,0.0,0.0,0.0,0.02598862,-0.017880859,-0.9277052
142093854,-0.1674831,0.19541351,nan,3.0644362,0.0,0.029787654,-0.11631655,-0.7028112,0.0,0.0,0.0,0.0,0.0,0.0,0.025410952,-0.0178549,-0.9223012
142193878,-0.1674831,0.19541351,nan,3.0644362,0.0,0.039017007,-0.13000184,-0.7028112,0.0,0.0,0.0,0.0,0.0,0.0,0.028850008,-0.017208744,-0.91840506
142293862,-0.1674831,0.19541351,nan,3.0644362,0.0,0.046396714,-0.14286782,-0.7028112,0.0,0.0,0.0,0.0,0.0,0.0,0.024122022,-0.020793606,-0.91490453
142393965,-0.1674831,0.19541351,nan,3.0644362,0.0,0.052856922,-0.15607046,-0.7028112,0.0,0.0,0.0,0.0,0.0,0.0,0.023511233,-0.022160508,-0.9106019
142494656,-0.1674831,0.19541351,nan,3.0644362,0.0,0.05755846,-0.16745219,-0.7028112,0.0,0.0,0.0,0.0,0.0,0.0,0.020614268,-0.02264768,-0.9058186
142594247,-0.1674831,0.19541351,nan,3.0644362,0.0,0.0596931,-0.1766756,-0.7028112,0.0,0.0,0.0,0.0,0.0,0.0,0.02455685,-0.022788603,-0.90534616
142694262,-0.1674831,0.19541351,nan,3.0644362,0.0,0.059701864,-0.1837582,-0.7028112,0.0,0.0,0.0,0.0,0.0,0.0,0.020523991,-0.023284707,-0.9016248
142794112,-0.1674831,0.19541351,nan,3.0644362,0.0,0.05765765,-0.18885936,-0.7028112,0.0,0.0,0.0,0.0,0.0,0.0,0.017378634,-0.023547128,-0.9027962
142894515,-0.1674831,0.19541351,nan,3.0644362,0.0,0.05463514,-0.19088937,-0.7028112,0.0,0.0,0.0,0.0,0.0,0.0,0.023546986,-0.020480303,-0.90162295
143014507,-0.1674831,0.19541351,nan,3.0644362,0.0,0.050237037,-0.19074427,-0.7028112,0.0,0.0,0.0,0.0,0.0,0.0,0.0200341,-0.016765542,-0.8958453
143114668,-0.1674831,0.19541351,nan,3.0644362,0.0,0.04615385,-0.18733491,-0.7028112,0.0,0.0,0.0,0.0,0.0,0.0,0.01756988,-0.012249283,-0.89186925
143214670,-0.1674831,0.19541351,nan,3.0644362,0.0,0.042903636,-0.18173303,-0.7028112,0.0,0.0,0.0,0.0,0.0,0.0,0.020163352,-0.012356001,-0.8944584
143314747,-0.1674831,0.19541351,nan,3.0644362,0.0,0.0412052,-0.17287023,-0.7028112,0.0,0.0,0.0,0.0,0.0,0.0,0.021727625,-0.012080274,-0.8951366
143414778,-0.1674831,0.19541351,nan,3.0644362,0.0,0.041709542,-0.16278492,-0.7028112,0.0,0.0,0.0,0.0,0.0,0.0,0.020614676,-0.004426377,-0.8967578
143514870,-0.1674831,0.19541351,nan,3.0644362,0.0,0.04368719,-0.14984627,-0.7028112,0.0,0.0,0.0,0.0,0.0,0.0,0.021094095,-0.0061382083,-0.90225506
143614927,-0.1674831,0.19541351,nan,3.0644362,0.0,0.04651514,-0.13723554,-0.7028112,0.0,0.0,0.0,0.0,0.0,0.0,0.023988025,-0.0020978297,-0.9079841
143715036,-0.1674831,0.19541351,nan,3.0644362,0.0,0.05025619,-0.123944536,-0.7028112,0.0,0.0,0.0,0.0,0.0,0.0,0.023991972,-0.00060025067,-0.9164282
143815198,-0.1674831,0.19541351,nan,3.0644362,0.0,0.05402507,-0.112338684,-0.7028112,0.0,0.0,0.0,0.0,0.0,0.0,0.022936493,-0.0025710056,-0.9239651
143915548,-0.1674831,0.19541351,nan,3.0644362,0.0,0.057791397,-0.1012403,-0.7028112,0.0,0.0,0.0,0.0,0.0,0.0,0.024727544,-0.0018658938,-0.92837894
144015745,-0.1674831,0.19541351,nan,3.0644362,0.0,0.060303766,-0.09220202,-0.7028112,0.0,0.0,0.0,0.0,0.0,0.0,0.02157305,0.00020184182,-0.93151766
144115728,-0.1674831,0.19541351,nan,3.0644362,0.0,0.062141865,-0.0834963,-0.7028112,0.0,0.0,0.0,0.0,0.0,0.0,0.021643877,-0.0002257023,-0.937532
144216219,-0.1674831,0.19541351,nan,3.0644362,0.0,0.062273532,-0.077342786,-0.7028112,0.0,0.0,0.0,0.0,0.0,0.0,0.023580743,-0.002028405,-0.94625676
144335833,-0.1674831,0.19541351,nan,3.0644362,0.0,0.060820084,-0.07144295,-0.7028112,0.0,0.0,0.0,0.0,0.0,0.0,0.022852652,-0.00041639712,-0.95473254
144435748,-0.1674831,0.19541351,nan,3.0644362,0.0,0.05893633,-0.06835081,-0.7028112,0.0,0.0,0.0,0.0,0.0,0.0,0.019146932,-0.0052068294,-0.9602959
144535851,-0.1674831,0.19541351,nan,3.0644362,0.0,0.055631716,-0.066525824,-0.7028112,0.0,0.0,0.0,0.0,0.0,0.0,0.016492585,-0.0054038195,-0.96393776
144636124,-0.1674831,0.19541351,nan,3.0644362,0.0,0.05143712,-0.066166826,-0.7028112,0.0,0.0,0.0,0.0,0.0,0.0,0.01851743,-0.004786424,-0.9673286
144736286,-0.1674831,0.19541351,nan,3.0644362,0.0,0.04578688,-0.06669321,-0.7028112,0.0,0.0,0.0,0.0,0.0,0.0,0.016771127,-0.007002423,-0.9695349
144836324,-0.1674831,0.19541351,nan,3.0644362,0.0,0.039181773,-0.067606166,-0.7028112,0.0,0.0,0.0,0.0,0.0,0.0,0.015199378,-0.007354038,-0.96879756
144936457,-0.1674831,0.19541351,nan,3.0644362,0.0,0.031685762,-0.068576224,-0.7028112,0.0,0.0,0.0,0.0,0.0,0.0,0.013905466,-0.0065184515,-0.9706482
145036462,-0.1674831,0.19541351,nan,3.0644362,0.0,0.024620125,-0.068610795,-0.7028112,0.0,0.0,0.0,0.0,0.0,0.0,0.014162575,-0.007418725,-0.9677039
145136527,-0.1674831,0.19541351,nan,3.0644362,0.0,0.017471718,-0.06805109,-0.7028112,0.0,0.0,0.0,0.0,0.0,0.0,0.011785774,-0.007672647,-0.9641243
145236640,-0.1674831,0.19541351,nan,3.0644362,0.0,0.010201185,-0.066655636,-0.7028112,0.0,0.0,0.0,0.0,0.0,0.0,0.0098434,-0.008728969,-0.96209
145336809,-0.1674831,0.19541351,nan,3.0644362,0.0,0.0038420937,-0.06533122,-0.7028112,0.0,0.0,0.0,0.0,0.0,0.0,0.010971157,-0.009694077,-0.9592634
145436949,-0.1674831,0.19541351,nan,3.0644362,0.0,-0.0019100971,-0.06417254,-0.7028112,0.0,0.0,0.0,0.0,0.0,0.0,0.013342857,-0.0068719517,-0.9544264
145537127,-0.1674831,0.19541351,nan,3.0644362,0.0,-0.006318152,-0.06388736,-0.7028112,0.0,0.0,0.0,0.0,0.0,0.0,0.015184442,-0.010853239,-0.951553
145657160,-0.1674831,0.19541351,nan,3.0644362,0.0,-0.010692784,-0.065344386,-0.7028112,0.0,0.0,0.0,0.0,0.0,0.0,0.015811905,-0.011034285,-0.9462102
145757218,-0.1674831,0.19541351,nan,3.0644362,0.0,-0.013344986,-0.067956105,-0.7028112,0.0,0.0,0.0,0.0,0.0,0.0,0.013771569,-0.013674272,-0.9424655
145857899,-0.1674831,0.19541351,nan,3.0644362,0.0,-0.014949326,-0.07140595,-0.7028112,0.0,0.0,0.0,0.0,0.0,0.0,0.013914749,-0.014355654,-0.9381181
145957819,-0.1674831,0.19541351,nan,3.0644362,0.0,-0.014918579,-0.07624317,-0.7028112,0.0,0.0,0.0,0.0,0.0,0.0,0.012250915,-0.016952861,-0.935997
146057923,-0.1674831,0.19541351,nan,3.0644362,0.0,-0.013093121,-0.0813435,-0.7028112,0.0,0.0,0.0,0.0,0.0,0.0,0.018384824,-0.015117357,-0.93465286
146157829,-0.1674831,0.19541351,nan,3.0644362,0.0,-0.00974567,-0.08634944,-0.7028112,0.0,0.0,0.0,0.0,0.0,0.0,0.01847258,-0.016590957,-0.9297246
146257803,-0.1674831,0.19541351,nan,3.0644362,0.0,-0.0060313917,-0.09104397,-0.7028112,0.0,0.0,0.0,0.0,0.0,0.0,0.01891847,-0.020332593,-0.9254668
146357992,-0.1674831,0.19541351,nan,3.0644362,0.0,-0.0021254115,-0.09467306,-0.7028112,0.0,0.0,0.0,0.0,0.0,0.0,0.019072602,-0.015936192,-0.9274107
146458152,-0.1674831,0.19541351,nan,3.0644362,0.0,0.00043978766,-0.09692657,-0.7028112,0.0,0.0,0.0,0.0,0.0,0.0,0.0193435,-0.0130888065,-0.9272472
146558014,-0.1674831,0.19541351,nan,3.0644362,0.0,0.0020162538,-0.097774066,-0.69443357,0.0,0.0,0.0,0.0,0.0,0.0,0.015483087,-0.0147066,-0.92842805
146658055,-0.1674831,0.19541351,nan,3.0644362,0.0,0.0025236509,-0.09634438,-0.6875369,0.0,0.0,0.0,0.0,0.0,0.0,0.016021494,-0.013774836,-0.93432343
146778506,-0.1674831,0.19541351,nan,3.0644362,0.0,0.0016950093,-0.09195809,-0.43940556,0.0,0.0,0.0,0.0,0.0,0.0,0.020406606,-0.004362111,-0.8958403
146878199,-0.1674831,0.19541351,nan,3.0644362,0.0,0.00059541984,-0.08563385,-0.39864552,0.0,0.0,0.0,0.0,0.0,0.0,0.014471358,-0.012223292,-0.8938651
146978368,-0.1674831,0.19541351,nan,3.0644362,0.0,-0.0011722669,-0.07775329,-0.39925066,0.0,0.0,0.0,0.0,0.0,0.0,0.015845584,-0.00263956,-0.89944077
147078775,-0.1674831,0.19541351,nan,3.0644362,0.0,-0.002973433,-0.069547534,-0.40577698,0.0,0.0,0.0,0.0,0.0,0.0,0.017528092,-0.0063017937,-0.9031495
147178720,-0.1674831,0.19541351,nan,3.0644362,0.0,-0.0046642236,-0.060826242,-0.40562677,0.0,0.0,0.0,0.0,0.0,0.0,0.018759158,-0.0072054714,-0.9041182
147278811,-0.1674831,0.19541351,nan,3.0644362,0.0,-0.005779356,-0.053498305,-0.40562242,0.0,0.0,0.0,0.0,0.0,0.0,0.017343571,-0.008915876,-0.90667987
147378850,-0.1674831,0.19541351,nan,3.0644362,0.0,-0.007092335,-0.04699717,-0.40562242,0.0,0.0,0.0,0.0,0.0,0.0,0.019543735,-0.005325397,-0.90573716
147478831,-0.1674831,0.19541351,nan,3.0644362,0.0,-0.007971117,-0.041744877,-0.40562242,0.0,0.0,0.0,0.0,0.0,0.0,0.016854104,-0.006063795,-0.9069191
147578968,-0.1674831,0.19541351,nan,3.0644362,0.0,-0.009057315,-0.037600648,-0.40562242,0.0,0.0,0.0,0.0,0.0,0.0,0.014050911,-0.004884421,-0.90403897
147679175,-0.1674831,0.19541351,nan,3.0644362,0.0,-0.010375404,-0.03378071,-0.40562242,0.0,0.0,0.0,0.0,0.0,0.0,0.013435748,-0.0026041097,-0.9026408
147779166,-0.1674831,0.19541351,nan,3.0644362,0.0,-0.012175961,-0.02955177,-0.40562242,0.0,0.0,0.0,0.0,0.0,0.0,0.01369922,-0.0010295557,-0.9005134
147879617,-0.1674831,0.19541351,nan,3.0644362,0.0,-0.014718454,-0.025014697,-0.40562242,0.0,0.0,0.0,0.0,0.0,0.0,0.013292481,0.0011205222,-0.8985913
147999697,-0.1674831,0.19541351,nan,3.0644362,0.0,-0.01905168,-0.016906435,-0.40562242,0.0,0.0,0.0,0.0,0.0,0.0,0.01228633,0.0035743844,-0.90017426
148100177,-0.1674831,0.19541351,nan,3.0644362,0.0,-0.024073387,-0.0070134997,-0.40562242,0.0,0.0,0.0,0.0,0.0,0.0,0.011875792,0.00638037,-0.8981282
148199745,-0.1674831,0.19541351,nan,3.0644362,0.0,-0.02908588,0.0043403604,-0.40562242,0.0,0.0,0.0,0.0,0.0,0.0,0.0062515335,0.0053863456,-0.8955423
148299760,-0.1674831,0.19541351,nan,3.0644362,0.0,-0.03490251,0.019064661,-0.40562242,0.0,0.0,0.0,0.0,0.0,0.0,0.011328554,0.01256438,-0.8974892
148400644,-0.1674831,0.19541351,nan,3.0644362,0.0,-0.040574264,0.035572816,-0.40562242,0.0,0.0,0.0,0.0,0.0,0.0,0.009420525,0.013819954,-0.89922047
148499832,-0.1674831,0.19541351,nan,3.0644362,0.0,-0.044847455,0.05150636,-0.40562242,0.0,0.0,0.0,0.0,0.0,0.0,0.011531265,0.014079328,-0.89914685
148601078,-0.1674831,0.19541351,nan,3.0644362,0.0,-0.048650634,0.06908436,-0.38416037,0.0,0.0,0.0,0.0,0.0,0.0,0.0091276895,0.018966109,-0.8946521
148700157,-0.1674831,0.19541351,nan,3.0644362,0.0,-0.051619656,0.08520513,-0.12461233,0.0,0.0,0.0,0.0,0.0,0.0,0.012247873,0.021500725,-0.8438253
148800231,-0.1674831,0.19541351,nan,3.0644362,0.0,-0.05340888,0.102263026,-0.13245949,0.0,0.0,0.0,0.0,0.0,0.0,0.012888329,0.021137346,-0.8502826
148900379,-0.1674831,0.19541351,nan,3.0644362,0.0,-0.0532781,0.11731167,-0.1325322,0.0,0.0,0.0,0.0,0.0,0.0,0.017932635,0.024640694,-0.85897356
149000410,-0.1674831,0.19541351,nan,3.0644362,0.0,-0.050582934,0.13210592,-0.1325306,0.0,0.0,0.0,0.0,0.0,0.0,0.017945932,0.022905016,-0.8633586
149100421,-0.1674831,0.19541351,nan,3.0644362,0.0,-0.045257166,0.144331,-0.13253021,0.0,0.0,0.0,0.0,0.0,0.0,0.019117886,0.023606477,-0.870633
149200550,-0.1674831,0.19541351,nan,3.0644362,0.0,-0.0382126,0.15633094,-0.13253021,0.0,0.0,0.0,0.0,0.0,0.0,0.018016677,0.02058485,-0.8708415
149300606,-0.1674831,0.19541351,nan,3.0644362,0.0,-0.03192422,0.16529742,-0.13253021,0.0,0.0,0.0,0.0,0.0,0.0,0.019989066,0.022491755,-0.8730298
149420977,-0.1674831,0.19541351,nan,3.0644362,0.0,-0.024239438,0.17488746,-0.13253021,0.0,0.0,0.0,0.0,0.0,0.0,0.0227122,0.021511069,-0.87914073
149520990,-0.1674831,0.19541351,nan,3.0644362,0.0,-0.017615119,0.18104492,-0.13253021,0.0,0.0,0.0,0.0,0.0,0.0,0.021922613,0.019838171,-0.87904084
149621067,-0.1674831,0.19541351,nan,3.0644362,0.0,-0.011808271,0.18428646,-0.13253021,0.0,0.0,0.0,0.0,0.0,0.0,0.018790647,0.018971028,-0.8769639
149721129,-0.1674831,0.19541351,nan,3.0644362,0.0,-0.0068049235,0.18491565,-0.13253021,0.0,0.0,0.0,0.0,0.0,0.0,0.021603253,0.014523376,-0.8736226
149821371,-0.1674831,0.19541351,nan,3.0644362,0.0,-0.0033682466,0.18249804,-0.13253021,0.0,0.0,0.0,0.0,0.0,0.0,0.018414166,0.010638328,-0.87430346
149921586,-0.1674831,0.19541351,nan,3.0644362,0.0,-0.00043146385,0.17626886,-0.13253021,0.0,0.0,0.0,0.0,0.0,0.0,0.020436313,0.008771567,-0.8738675
150021393,-0.1674831,0.19541351,nan,3.0644362,0.0,0.001661785,0.16675092,-0.13253021,0.0,0.0,0.0,0.0,0.0,0.0,0.018913232,0.0060589984,-0.8721316
150121776,-0.1674831,0.19541351,nan,3.0644362,0.0,0.0035598918,0.15220612,-0.13253021,0.0,0.0,0.0,0.0,0.0,0.0,0.01642134,0.00013007224,-0.86762834
150222150,-0.1674831,0.19541351,nan,3.0644362,0.0,0.004792195,0.1339247,-0.13253021,0.0,0.0,0.0,0.0,0.0,0.0,0.019778226,-0.0069374307,-0.8664191
150321862,-0.1674831,0.19541351,nan,3.0644362,0.0,0.0058970503,0.11337526,-0.13253021,0.0,0.0,0.0,0.0,0.0,0.0,0.01870465,-0.009687786,-0.86726177
150422192,-0.1674831,0.19541351,nan,3.0644362,0.0,0.0074796034,0.08883526,-0.13253021,0.0,0.0,0.0,0.0,0.0,0.0,0.019485109,-0.012953114,-0.8666045
150522182,-0.1674831,0.19541351,nan,3.0644362,0.0,0.009621337,0.06289832,-0.13253021,0.0,0.0,0.0,0.0,0.0,0.0,0.019492824,-0.016665429,-0.8662331
150642094,-0.1674831,0.19541351,nan,3.0644362,0.0,0.012816553,0.031572938,-0.13253021,0.0,0.0,0.0,0.0,0.0,0.0,0.021505266,-0.021174649,-0.8691313
150742152,-0.1674831,0.19541351,nan,3.0644362,0.0,0.016077397,0.0073378584,-0.13253021,0.0,0.0,0.0,0.0,0.0,0.0,0.021882137,-0.019113153,-0.8726255
150942249,-0.1674831,0.19541351,nan,3.0644362,0.0,0.024542082,-0.034706842,-0.13253021,0.0,0.0,0.0,0.0,0.0,0.0,0.024725482,-0.017355366,-0.881745
151042508,-0.1674831,0.19541351,nan,3.0644362,0.0,0.030313114,-0.0502409,-0.13253021,0.0,0.0,0.0,0.0,0.0,0.0,0.027493937,-0.017328246,-0.8881587
151142614,-0.1674831,0.19541351,nan,3.0644362,0.0,0.036162417,-0.060782667,-0.13253021,0.0,0.0,0.0,0.0,0.0,0.0,0.022929553,-0.020986939,-0.89082783
151242671,-0.1674831,0.19541351,nan,3.0644362,0.0,0.042898003,-0.067540936,-0.13253021,0.0,0.0,0.0,0.0,0.0,0.0,0.02211988,-0.016243536,-0.89846444
151342750,-0.1674831,0.19541351,nan,3.0644362,0.0,0.049469464,-0.06985265,-0.13253021,0.0,0.0,0.0,0.0,0.0,0.0,0.031627744,-0.012103145,-0.9090318
151442780,-0.1674831,0.19541351,nan,3.0644362,0.0,0.057623874,-0.06859472,-0.13253021,0.0,0.0,0.0,0.0,0.0,0.0,0.028125882,-0.00981415,-0.9174658
151542836,-0.1674831,0.19541351,nan,3.0644362,0.0,0.06583116,-0.065521255,-0.13253021,0.0,0.0,0.0,0.0,0.0,0.0,0.035646014,-0.00764965,-0.9218981
151642960,-0.1674831,0.19541351,nan,3.0644362,0.0,0.07513472,-0.060021408,-0.13253021,0.0,0.0,0.0,0.0,0.0,0.0,0.03195956,-0.0073231785,-0.9292823
151743042,-0.1674831,0.19541351,nan,3.0644362,0.0,0.084001735,-0.05372231,-0.13253021,0.0,0.0,0.0,0.0,0.0,0.0,0.039070193,-0.003167233,-0.933028
151843590,-0.1674831,0.19541351,nan,3.0644362,0.0,0.09398298,-0.045811612,-0.13253021,0.0,0.0,0.0,0.0,0.0,0.0,0.034999162,-0.0019050466,-0.94093716
151943709,-0.1674831,0.19541351,nan,3.0644362,0.0,0.10439513,-0.03786579,-0.13253021,0.0,0.0,0.0,0.0,0.0,0.0,0.042765588,0.0029807587,-0.94264793
152043731,-0.1674831,0.19541351,nan,3.0644362,0.0,0.11642618,-0.029224213,-0.13253021,0.0,0.0,0.0,0.0,0.0,0.0,0.038848363,0.002944071,-0.94140935
152163768,-0.1674831,0.19541351,nan,3.0644362,0.0,0.12966202,-0.021375319,-0.13253021,0.0,0.0,0.0,0.0,0.0,0.0,0.041543998,0.004872208,-0.9381027
152264444,-0.1674831,0.19541351,nan,3.0644362,0.0,0.1403479,-0.016154025,-0.13253021,0.0,0.0,0.0,0.0,0.0,0.0,0.04388609,0.0033973106,-0.93360686
152363839,-0.1674831,0.19541351,nan,3.0644362,0.0,0.14906695,-0.013046208,-0.13253021,0.0,0.0,0.0,0.0,0.0,0.0,0.03998801,-0.0014269759,-0.9265611
152464919,-0.1674831,0.19541351,nan,3.0644362,0.0,0.1561262,-0.010942243,-0.13253021,0.0,0.0,0.0,0.0,0.0,0.0,0.04201112,-0.0007370078,-0.9178561
152564107,-0.1674831,0.19541351,nan,3.0644362,0.0,0.16013606,-0.0109782135,-0.13253021,0.0,0.0,0.0,0.0,0.0,0.0,0.036157772,-0.004501499,-0.9095088
152664759,-0.1674831,0.19541351,nan,3.0644362,0.0,0.16125615,-0.012591315,-0.13253021,0.0,0.0,0.0,0.0,0.0,0.0,0.034301154,-0.0005051921,-0.90185726
152764281,-0.1674831,0.19541351,nan,3.0644362,0.0,0.15887277,-0.015464325,-0.13253021,0.0,0.0,0.0,0.0,0.0,0.0,0.03588606,-0.004348884,-0.895167
152864519,-0.1674831,0.19541351,nan,3.0644362,0.0,0.15354322,-0.020615688,-0.13253021,0.0,0.0,0.0,0.0,0.0,0.0,0.029980881,-0.0075446544,-0.88899255
152964367,-0.1674831,0.19541351,nan,3.0644362,0.0,0.14686777,-0.025526157,-0.13253021,0.0,0.0,0.0,0.0,0.0,0.0,0.03144015,-0.006690814,-0.88532674
153064579,-0.1674831,0.19541351,nan,3.0644362,0.0,0.13835256,-0.031324908,-0.13253021,0.0,0.0,0.0,0.0,0.0,0.0,0.031738594,-0.0069765556,-0.8794373
153164486,-0.1674831,0.19541351,nan,3.0644362,0.0,0.13009304,-0.036737237,-0.13253021,0.0,0.0,0.0,0.0,0.0,0.0,0.030664025,-0.008640967,-0.873109
153264652,-0.1674831,0.19541351,nan,3.0644362,0.0,0.121059775,-0.041307338,-0.13253021,0.0,0.0,0.0,0.0,0.0,0.0,0.027500154,-0.00561444,-0.86673754
153364776,-0.1674831,0.19541351,nan,3.0644362,0.0,0.11372219,-0.044013686,-0.13253021,0.0,0.0,0.0,0.0,0.0,0.0,0.02811081,-0.0073127756,-0.8588389
153464924,-0.1674831,0.19541351,nan,3.0644362,0.0,0.10737513,-0.045346852,-0.13253021,0.0,0.0,0.0,0.0,0.0,0.0,0.030943181,-0.0041912063,-0.8517771
153585004,-0.1674831,0.19541351,nan,3.0644362,0.0,0.101965204,-0.04559739,-0.13253021,0.0,0.0,0.0,0.0,0.0,0.0,0.029905004,-0.007960367,-0.84422344
153685460,-0.1674831,0.19541351,nan,3.0644362,0.0,0.098412335,-0.04513757,-0.13253021,0.0,0.0,0.0,0.0,0.0,0.0,0.02556448,-0.0052671153,-0.84007233
153785346,-0.1674831,0.19541351,nan,3.0644362,0.0,0.095087916,-0.04357012,-0.13253021,0.0,0.0,0.0,0.0,0.0,0.0,0.0262332,-0.0072403373,-0.835323
153885351,-0.1674831,0.19541351,nan,3.0644362,0.0,0.09161084,-0.04192279,-0.13253021,0.0,0.0,0.0,0.0,0.0,0.0,0.022459883,-0.0044351346,-0.8355253
153985428,-0.1674831,0.19541351,nan,3.0644362,0.0,0.08677276,-0.040220376,-0.13253021,0.0,0.0,0.0,0.0,0.0,0.0,0.020303946,-0.009948548,-0.83638036
154085432,-0.1674831,0.19541351,nan,3.0644362,0.0,0.08233092,-0.0397248,-0.13253021,0.0,0.0,0.0,0.0,0.0,0.0,0.028950173,-0.0058650896,-0.8433852
154185807,-0.1674831,0.19541351,nan,3.0644362,0.0,0.077257454,-0.039666023,-0.13253021,0.0,0.0,0.0,0.0,0.0,0.0,0.026710335,-0.006712121,-0.84792477
154286073,-0.1674831,0.19541351,nan,3.0644362,0.0,0.071831435,-0.040551543,-0.13253021,0.0,0.0,0.0,0.0,0.0,0.0,0.025082724,-0.0074968776,-0.85420775
154385831,-0.1674831,0.19541351,nan,3.0644362,0.0,0.06671858,-0.041904118,-0.13253021,0.0,0.0,0.0,0.0,0.0,0.0,0.02507229,-0.0077640074,-0.86250424
154486039,-0.1674831,0.19541351,nan,3.0644362,0.0,0.06176642,-0.043266047,-0.13253021,0.0,0.0,0.0,0.0,0.0,0.0,0.025393754,-0.0013832285,-0.8701684
154585983,-0.1674831,0.19541351,nan,3.0644362,0.0,0.05755291,-0.044206467,-0.13253021,0.0,0.0,0.0,0.0,0.0,0.0,0.02254327,-0.008087527,-0.8735699
154686141,-0.1674831,0.19541351,nan,3.0644362,0.0,0.052985203,-0.044555344,-0.13253021,0.0,0.0,0.0,0.0,0.0,0.0,0.025087135,-0.003421219,-0.8789159
154806108,-0.1674831,0.19541351,nan,3.0644362,0.0,0.04670921,-0.04278665,-0.13253021,0.0,0.0,0.0,0.0,0.0,0.0,0.023128204,-0.0030963565,-0.884834
154906367,-0.1674831,0.19541351,nan,3.0644362,0.0,0.04044751,-0.04001745,-0.13253021,0.0,0.0,0.0,0.0,0.0,0.0,0.019425074,-0.0011320433,-0.87920946
155506852,-0.1674831,0.19541351,nan,3.0644362,0.0,0.00091254484,-0.008828794,-0.13253021,0.0,0.0,0.0,0.0,0.0,0.0,0.013806902,-0.0018377468,-0.8875734
155606935,-0.1674831,0.19541351,nan,3.0644362,0.0,-0.006163001,-0.0048998096,-0.13253021,0.0,0.0,0.0,0.0,0.0,0.0,0.021902364,0.0030684508,-0.8900242
155706996,-0.1674831,0.19541351,nan,3.0644362,0.0,-0.013947555,-0.00069086027,-0.13253021,0.0,0.0,0.0,0.0,0.0,0.0,0.020661844,0.004036596,-0.88976616
155807629,-0.1674831,0.19541351,nan,3.0644362,0.0,-0.020593958,0.0034198172,-0.13253021,0.0,0.0,0.0,0.0,0.0,0.0,0.016168138,0.004763228,-0.8957699
155907600,-0.1674831,0.19541351,nan,3.0644362,0.0,-0.02642364,0.008969703,-0.13253021,0.0,0.0,0.0,0.0,0.0,0.0,0.021204527,0.0064629973,-0.9031631
156028234,-0.1674831,0.19541351,nan,3.0644362,0.0,-0.031116161,0.016801042,-0.13253021,0.0,0.0,0.0,0.0,0.0,0.0,0.023018526,0.007547894,-0.90571624
156127786,-0.1674831,0.19541351,nan,3.0644362,0.0,-0.033063743,0.024764093,-0.13253021,0.0,0.0,0.0,0.0,0.0,0.0,0.017545369,0.009773914,-0.9121342
156228326,-0.1674831,0.19541351,nan,3.0644362,0.0,-0.033859644,0.035240572,-0.13253021,0.0,0.0,0.0,0.0,0.0,0.0,0.017192861,0.009529994,-0.91412777
156328284,-0.1674831,0.19541351,nan,3.0644362,0.0,-0.033237666,0.045719046,-0.13253021,0.0,0.0,0.0,0.0,0.0,0.0,0.02658671,0.014973567,-0.9189392
156427774,-0.1674831,0.19541351,nan,3.0644362,0.0,-0.031287834,0.057813525,-0.13253021,0.0,0.0,0.0,0.0,0.0,0.0,0.029038038,0.01511698,-0.92167675
156527982,-0.1674831,0.19541351,nan,3.0644362,0.0,-0.027911318,0.06842992,-0.13253021,0.0,0.0,0.0,0.0,0.0,0.0,0.023383375,0.012951055,-0.92571664
156627985,-0.1674831,0.19541351,nan,3.0644362,0.0,-0.022234906,0.07897931,-0.13253021,0.0,0.0,0.0,0.0,0.0,0.0,0.02625277,0.009182681,-0.92583543
156728223,-0.1674831,0.19541351,nan,3.0644362,0.0,-0.015513418,0.08664019,-0.13253021,0.0,0.0,0.0,0.0,0.0,0.0,0.027330402,0.011091011,-0.92191684
156828315,-0.1674831,0.19541351,nan,3.0644362,0.0,-0.007130514,0.092103615,-0.13253021,0.0,0.0,0.0,0.0,0.0,0.0,0.030629577,0.009928556,-0.9185538
156928388,-0.1674831,0.19541351,nan,3.0644362,0.0,0.0010495901,0.09430534,-0.13253021,0.0,0.0,0.0,0.0,0.0,0.0,0.03298363,0.008704779,-0.91685414
157028415,-0.1674831,0.19541351,nan,3.0644362,0.0,0.010464205,0.09354562,-0.13253021,0.0,0.0,0.0,0.0,0.0,0.0,0.032091577,0.009156465,-0.90884185
157148481,-0.1674831,0.19541351,nan,3.0644362,0.0,0.021688424,0.088835776,-0.13253021,0.0,0.0,0.0,0.0,0.0,0.0,0.03317813,0.00352134,-0.9043118
157248580,-0.1674831,0.19541351,nan,3.0644362,0.0,0.030341173,0.08191193,-0.13253021,0.0,0.0,0.0,0.0,0.0,0.0,0.03504899,-0.001212534,-0.9016801
157348749,-0.1674831,0.19541351,nan,3.0644362,0.0,0.038026422,0.07273625,-0.13253021,0.0,0.0,0.0,0.0,0.0,0.0,0.032230616,0.0016224551,-0.8964236
157448905,-0.1674831,0.19541351,nan,3.0644362,0.0,0.04227832,0.06289344,-0.13253021,0.0,0.0,0.0,0.0,0.0,0.0,0.028094467,-0.0031661286,-0.89444566
157549039,-0.1674831,0.19541351,nan,3.0644362,0.0,0.043777592,0.052104566,-0.13253021,0.0,0.0,0.0,0.0,0.0,0.0,0.025852954,-0.0050065783,-0.89247966
157649098,-0.1674831,0.19541351,nan,3.0644362,0.0,0.04298297,0.042295337,-0.13253021,0.0,0.0,0.0,0.0,0.0,0.0,0.030769734,-0.0028445045,-0.89324963
157749147,-0.1674831,0.19541351,nan,3.0644362,0.0,0.04031464,0.032196414,-0.13253021,0.0,0.0,0.0,0.0,0.0,0.0,0.028859794,-0.0038794486,-0.8934022
157849357,-0.1674831,0.19541351,nan,3.0644362,0.0,0.036428962,0.024509437,-0.13253021,0.0,0.0,0.0,0.0,0.0,0.0,0.026321445,-0.0023094062,-0.8927222
157949405,-0.1674831,0.19541351,nan,3.0644362,0.0,0.03094057,0.018596519,-0.13253021,0.0,0.0,0.0,0.0,0.0,0.0,0.027578816,-0.0042719236,-0.89596355
158049397,-0.1674831,0.19541351,nan,3.0644362,0.0,0.025787946,0.01616157,-0.13253021,0.0,0.0,0.0,0.0,0.0,0.0,0.026523976,0.0022016072,-0.8970373
158169614,-0.1674831,0.19541351,nan,3.0644362,0.0,0.019806001,0.01656237,-0.13253021,0.0,0.0,0.0,0.0,0.0,0.0,0.022190956,0.003187112,-0.8914244
158269857,-0.1674831,0.19541351,nan,3.0644362,0.0,0.014102918,0.019059962,-0.13253021,0.0,0.0,0.0,0.0,0.0,0.0,0.020577319,0.0025598272,-0.89153993
158370978,-0.1674831,0.19541351,nan,3.0644362,0.0,0.008590291,0.023153806,-0.13253021,0.0,0.0,0.0,0.0,0.0,0.0,0.021333825,0.0012169296,-0.891932
158469971,-0.1674831,0.19541351,nan,3.0644362,0.0,0.0037333465,0.02779926,-0.13253021,0.0,0.0,0.0,0.0,0.0,0.0,0.017395973,0.0038691608,-0.88766557
158571192,-0.1674831,0.19541351,nan,3.0644362,0.0,-0.0020336374,0.034499228,-0.13253021,0.0,0.0,0.0,0.0,0.0,0.0,0.014225547,0.010983729,-0.88263005
158670054,-0.1674831,0.19541351,nan,3.0644362,0.0,-0.008633623,0.041095704,-0.13253021,0.0,0.0,0.0,0.0,0.0,0.0,0.01571605,0.009442641,-0.8790128
158770103,-0.1674831,0.19541351,nan,3.0644362,0.0,-0.01693799,0.047861613,-0.13253021,0.0,0.0,0.0,0.0,0.0,0.0,0.010103747,0.0060164807,-0.876143
158870196,-0.1674831,0.19541351,nan,3.0644362,0.0,-0.02576316,0.05299183,-0.13253021,0.0,0.0,0.0,0.0,0.0,0.0,0.010625946,0.00913511,-0.8741851
158970334,-0.1674831,0.19541351,nan,3.0644362,0.0,-0.03639037,0.057620533,-0.13253021,0.0,0.0,0.0,0.0,0.0,0.0,0.0064654145,0.006714509,-0.8669603
159070615,-0.1674831,0.19541351,nan,3.0644362,0.0,-0.047123276,0.059094254,-0.13253021,0.0,0.0,0.0,0.0,0.0,0.0,0.009846128,0.0074426774,-0.86772966
159170663,-0.1674831,0.19541351,nan,3.0644362,0.0,-0.0583274,0.05919693,-0.13253021,0.0,0.0,0.0,0.0,0.0,0.0,0.0064629912,0.0072397725,-0.86829937
159270719,-0.1674831,0.19541351,nan,3.0644362,0.0,-0.067487575,0.057937462,-0.13253021,0.0,0.0,0.0,0.0,0.0,0.0,0.010972326,0.0063337544,-0.8675557
159370791,-0.1674831,0.19541351,nan,3.0644362,0.0,-0.07570335,0.054976597,-0.13253021,0.0,0.0,0.0,0.0,0.0,0.0,0.011189326,0.0074704154,-0.8667041
159470818,-0.1674831,0.19541351,nan,3.0644362,0.0,-0.08066729,0.051842354,-0.13253021,0.0,0.0,0.0,0.0,0.0,0.0,0.014175458,0.008565268,-0.86574733
159590972,-0.1674831,0.19541351,nan,3.0644362,0.0,-0.082469635,0.048018154,-0.13253021,0.0,0.0,0.0,0.0,0.0,0.0,0.015932715,0.005018973,-0.8670052
159691750,-0.1674831,0.19541351,nan,3.0644362,0.0,-0.08068158,0.044398874,-0.13253021,0.0,0.0,0.0,0.0,0.0,0.0,0.021375697,0.00684891,-0.8687613
159791764,-0.1674831,0.19541351,nan,3.0644362,0.0,-0.076396614,0.041748118,-0.13253021,0.0,0.0,0.0,0.0,0.0,0.0,0.015410677,0.0028760913,-0.8703393
159891948,-0.1674831,0.19541351,nan,3.0644362,0.0,-0.06979278,0.04016266,-0.13253021,0.0,0.0,0.0,0.0,0.0,0.0,0.019449187,0.006921785,-0.8726835
159992002,-0.1674831,0.19541351,nan,3.0644362,0.0,-0.0630753,0.03979493,-0.13253021,0.0,0.0,0.0,0.0,0.0,0.0,0.018916618,0.003177398,-0.8764303
160092149,-0.1674831,0.19541351,nan,3.0644362,0.0,-0.05576693,0.03972047,-0.13253021,0.0,0.0,0.0,0.0,0.0,0.0,0.01610957,0.0007316994,-0.88211095
160192598,-0.1674831,0.19541351,nan,3.0644362,0.0,-0.04853977,0.03932935,-0.13253021,0.0,0.0,0.0,0.0,0.0,0.0,0.01896871,0.0035866997,-0.8900285
160291634,-0.1674831,0.19541351,nan,3.0644362,0.0,-0.042932007,0.038271476,-0.13253021,0.0,0.0,0.0,0.0,0.0,0.0,0.022334153,0.0039595338,-0.895586
160393925,-0.1674831,0.19541351,nan,3.0644362,0.0,-0.038638968,0.035832226,-0.13253021,0.0,0.0,0.0,0.0,0.0,0.0,0.021086281,0.0004403839,-0.89981914
160512501,-0.1674831,0.19541351,nan,3.0644362,0.0,-0.03578132,0.030633835,-0.13253021,0.0,0.0,0.0,0.0,0.0,0.0,0.020887583,0.001313867,-0.90646446
160612100,-0.1674831,0.19541351,nan,3.0644362,0.0,-0.03564903,0.024629623,-0.13253021,0.0,0.0,0.0,0.0,0.0,0.0,0.02108587,-0.0033152727,-0.9095043
160712583,-0.1674831,0.19541351,nan,3.0644362,0.0,-0.037426386,0.016450949,-0.13253021,0.0,0.0,0.0,0.0,0.0,0.0,0.019800793,-0.005560209,-0.9118134
160812341,-0.1674831,0.19541351,nan,3.0644362,0.0,-0.040583566,0.006636197,-0.13253021,0.0,0.0,0.0,0.0,0.0,0.0,0.017387845,-0.008730292,-0.91464686
160912540,-0.1674831,0.19541351,nan,3.0644362,0.0,-0.044650435,-0.0055176807,-0.13253021,0.0,0.0,0.0,0.0,0.0,0.0,0.014612015,-0.007968908,-0.91141176
161012379,-0.1674831,0.19541351,nan,3.0644362,0.0,-0.04851954,-0.01797062,-0.13253021,0.0,0.0,0.0,0.0,0.0,0.0,0.0129771875,-0.0135489665,-0.90923625
161112396,-0.1674831,0.19541351,nan,3.0644362,0.0,-0.052885156,-0.02994221,-0.13253021,0.0,0.0,0.0,0.0,0.0,0.0,0.014459206,-0.01086066,-0.9126839
161212555,-0.1674831,0.19541351,nan,3.0644362,0.0,-0.056885246,-0.041023128,-0.13253021,0.0,0.0,0.0,0.0,0.0,0.0,0.012092828,-0.012618076,-0.9127039
161312596,-0.1674831,0.19541351,nan,3.0644362,0.0,-0.060172852,-0.049621545,-0.13253021,0.0,0.0,0.0,0.0,0.0,0.0,0.01629177,-0.008613017,-0.91515356
161412785,-0.1674831,0.19541351,nan,3.0644362,0.0,-0.06343123,-0.056260414,-0.13253021,0.0,0.0,0.0,0.0,0.0,0.0,0.015599849,-0.0072418554,-0.9203299
161512966,-0.1674831,0.19541351,nan,3.0644362,0.0,-0.06575127,-0.060046013,-0.13253021,0.0,0.0,0.0,0.0,0.0,0.0,0.012259223,-0.009180223,-0.922905
161613020,-0.1674831,0.19541351,nan,3.0644362,0.0,-0.06721612,-0.061821897,-0.13253021,0.0,0.0,0.0,0.0,0.0,0.0,0.009993421,-0.0049982313,-0.9263146
161713251,-0.1674831,0.19541351,nan,3.0644362,0.0,-0.068357855,-0.06151799,-0.13253021,0.0,0.0,0.0,0.0,0.0,0.0,0.013838017,-0.009636025,-0.92829067
161833424,-0.1674831,0.19541351,nan,3.0644362,0.0,-0.07005972,-0.06034632,-0.13253021,0.0,0.0,0.0,0.0,0.0,0.0,0.011068136,-0.0071532116,-0.92489123
161933404,-0.1674831,0.19541351,nan,3.0644362,0.0,-0.07144793,-0.059462443,-0.13253021,0.0,0.0,0.0,0.0,0.0,0.0,0.012590228,-0.0048788697,-0.92617834
162033404,-0.1674831,0.19541351,nan,3.0644362,0.0,-0.07196174,-0.0586323,-0.13253021,0.0,0.0,0.0,0.0,0.0,0.0,0.013894224,-0.0061069,-0.92465514
162133580,-0.1674831,0.19541351,nan,3.0644362,0.0,-0.07171216,-0.059043024,-0.13253021,0.0,0.0,0.0,0.0,0.0,0.0,0.016668588,-0.0065967534,-0.9225125
162234966,-0.1674831,0.19541351,nan,3.0644362,0.0,-0.07001022,-0.059983045,-0.13253021,0.0,0.0,0.0,0.0,0.0,0.0,0.014003774,-0.010496028,-0.9237628
162333932,-0.1674831,0.19541351,nan,3.0644362,0.0,-0.06717546,-0.061893355,-0.13253021,0.0,0.0,0.0,0.0,0.0,0.0,0.019985287,-0.005500016,-0.9284386
162434990,-0.1674831,0.19541351,nan,3.0644362,0.0,-0.062668465,-0.06300265,-0.13253021,0.0,0.0,0.0,0.0,0.0,0.0,0.017441586,-0.0076593896,-0.9318274
162533896,-0.1674831,0.19541351,nan,3.0644362,0.0,-0.057583347,-0.06321752,-0.13253021,0.0,0.0,0.0,0.0,0.0,0.0,0.020216333,-0.005753877,-0.9298069
162634235,-0.1674831,0.19541351,nan,3.0644362,0.0,-0.05141614,-0.06285945,-0.13253021,0.0,0.0,0.0,0.0,0.0,0.0,0.019318372,-0.0060168817,-0.9284365
162734075,-0.1674831,0.19541351,nan,3.0644362,0.0,-0.045829274,-0.061743245,-0.13253021,0.0,0.0,0.0,0.0,0.0,0.0,0.0198629,-0.005237089,-0.9292617
162834136,-0.1674831,0.19541351,nan,3.0644362,0.0,-0.040042773,-0.059516177,-0.13253021,0.0,0.0,0.0,0.0,0.0,0.0,0.016592836,-0.0067865327,-0.9288563
162934227,-0.1674831,0.19541351,nan,3.0644362,0.0,-0.03497098,-0.05636347,-0.13253021,0.0,0.0,0.0,0.0,0.0,0.0,0.019816017,-0.0047959303,-0.9279459
163034544,-0.1674831,0.19541351,nan,3.0644362,0.0,-0.029908137,-0.05189456,-0.13253021,0.0,0.0,0.0,0.0,0.0,0.0,0.020227464,-0.0038247744,-0.9255044
163154748,-0.1674831,0.19541351,nan,3.0644362,0.0,-0.024101375,-0.046522163,-0.13253021,0.0,0.0,0.0,0.0,0.0,0.0,0.026442092,0.00085903134,-0.9232867
163254802,-0.1674831,0.19541351,nan,3.0644362,0.0,-0.019161815,-0.042251382,-0.13253021,0.0,0.0,0.0,0.0,0.0,0.0,0.023599055,-0.0020982358,-0.9170046
163354819,-0.1674831,0.19541351,nan,3.0644362,0.0,-0.01332664,-0.038480267,-0.13253021,0.0,0.0,0.0,0.0,0.0,0.0,0.02729581,-0.0016514958,-0.9144089
163454845,-0.1674831,0.19541351,nan,3.0644362,0.0,-0.0073183654,-0.035438146,-0.13253021,0.0,0.0,0.0,0.0,0.0,0.0,0.024617188,-0.0035681454,-0.90651757
163554949,-0.1674831,0.19541351,nan,3.0644362,0.0,-0.00048010424,-0.032592516,-0.13253021,0.0,0.0,0.0,0.0,0.0,0.0,0.0255104,-0.0003973114,-0.898548
163654970,-0.1674831,0.19541351,nan,3.0644362,0.0,0.0063926415,-0.030414797,-0.13253021,0.0,0.0,0.0,0.0,0.0,0.0,0.025829846,-0.0032084754,-0.8927033
163755055,-0.1674831,0.19541351,nan,3.0644362,0.0,0.01441751,-0.028315702,-0.13253021,0.0,0.0,0.0,0.0,0.0,0.0,0.024734175,-0.002057487,-0.8895585
163855535,-0.1674831,0.19541351,nan,3.0644362,0.0,0.022446213,-0.026182009,-0.13253021,0.0,0.0,0.0,0.0,0.0,0.0,0.03465404,-0.0009336304,-0.89046705
163955719,-0.1674831,0.19541351,nan,3.0644362,0.0,0.031728994,-0.024173046,-0.13253021,0.0,0.0,0.0,0.0,0.0,0.0,0.033360213,-0.00032446627,-0.8905518
164055723,-0.1674831,0.19541351,nan,3.0644362,0.0,0.040277313,-0.022522403,-0.13253021,0.0,0.0,0.0,0.0,0.0,0.0,0.031970777,-0.0048942333,-0.8926056
164155604,-0.1674831,0.19541351,nan,3.0644362,0.0,0.04838611,-0.021063743,-0.13253021,0.0,0.0,0.0,0.0,0.0,0.0,0.035894763,-0.002778013,-0.89773583
164255745,-0.1674831,0.19541351,nan,3.0644362,0.0,0.05566,-0.019730195,-0.13253021,0.0,0.0,0.0,0.0,0.0,0.0,0.034549043,-0.00013396866,-0.90414476
164375674,-0.1674831,0.19541351,nan,3.0644362,0.0,0.06447032,-0.01837949,-0.13253021,0.0,0.0,0.0,0.0,0.0,0.0,0.029597998,-0.0010076673,-0.9104339
164475985,-0.1674831,0.19541351,nan,3.0644362,0.0,0.06991832,-0.01799545,-0.13253021,0.0,0.0,0.0,0.0,0.0,0.0,0.034302317,-0.0030388194,-0.9113904
164575868,-0.1674831,0.19541351,nan,3.0644362,0.0,0.074457616,-0.018539285,-0.13253021,0.0,0.0,0.0,0.0,0.0,0.0,0.034449063,-0.0053672977,-0.9145651
164676120,-0.1674831,0.19541351,nan,3.0644362,0.0,0.07784434,-0.020225136,-0.13253021,0.0,0.0,0.0,0.0,0.0,0.0,0.035427324,-0.0020606515,-0.9184631
164776258,-0.1674831,0.19541351,nan,3.0644362,0.0,0.0819376,-0.021780085,-0.13253021,0.0,0.0,0.0,0.0,0.0,0.0,0.037628554,-0.0041289525,-0.92311656
164876318,-0.1674831,0.19541351,nan,3.0644362,0.0,0.0862168,-0.023634618,-0.13253021,0.0,0.0,0.0,0.0,0.0,0.0,0.034938414,-0.006967829,-0.9165797
164976399,-0.1674831,0.19541351,nan,3.0644362,0.0,0.09055403,-0.026507799,-0.13253021,0.0,0.0,0.0,0.0,0.0,0.0,0.03841633,-0.0034950469,-0.912017
165076498,-0.1674831,0.19541351,nan,3.0644362,0.0,0.09462572,-0.029997857,-0.13253021,0.0,0.0,0.0,0.0,0.0,0.0,0.04160784,-0.006461541,-0.9130278
165176558,-0.1674831,0.19541351,nan,3.0644362,0.0,0.09838895,-0.03339576,-0.13253021,0.0,0.0,0.0,0.0,0.0,0.0,0.034580573,-0.010429995,-0.91476744
165276795,-0.1674831,0.19541351,nan,3.0644362,0.0,0.1031937,-0.03695615,-0.13253021,0.0,0.0,0.0,0.0,0.0,0.0,0.03253282,-0.010322342,-0.9160114
165376909,-0.1674831,0.19541351,nan,3.0644362,0.0,0.1080401,-0.039997388,-0.13253021,0.0,0.0,0.0,0.0,0.0,0.0,0.038442023,-0.008267326,-0.9154073
165476994,-0.1674831,0.19541351,nan,3.0644362,0.0,0.1133242,-0.042986084,-0.13253021,0.0,0.0,0.0,0.0,0.0,0.0,0.040568143,-0.010464232,-0.9190552
165577001,-0.1674831,0.19541351,nan,3.0644362,0.0,0.11751665,-0.045864597,-0.13253021,0.0,0.0,0.0,0.0,0.0,0.0,0.037911613,-0.010506313,-0.91976696
165677209,-0.1674831,0.19541351,nan,3.0644362,0.0,0.121431746,-0.048603024,-0.13253021,0.0,0.0,0.0,0.0,0.0,0.0,0.03964347,-0.0118600475,-0.923477
165777245,-0.1674831,0.19541351,nan,3.0644362,0.0,0.12412344,-0.051120535,-0.13253021,0.0,0.0,0.0,0.0,0.0,0.0,0.03950744,-0.013244292,-0.9240806
165897762,-0.1674831,0.19541351,nan,3.0644362,0.0,0.12586533,-0.0546736,-0.13253021,0.0,0.0,0.0,0.0,0.0,0.0,0.036174376,-0.011672278,-0.9240488
165997551,-0.1674831,0.19541351,nan,3.0644362,0.0,0.12590946,-0.058685556,-0.13253021,0.0,0.0,0.0,0.0,0.0,0.0,0.034888014,-0.016690362,-0.92543113
166097817,-0.1674831,0.19541351,nan,3.0644362,0.0,0.12472309,-0.06322482,-0.13253021,0.0,0.0,0.0,0.0,0.0,0.0,0.036914933,-0.014067827,-0.9235189
166197574,-0.1674831,0.19541351,nan,3.0644362,0.0,0.12236789,-0.068813115,-0.13253021,0.0,0.0,0.0,0.0,0.0,0.0,0.03161091,-0.01400556,-0.9190432
166297767,-0.1674831,0.19541351,nan,3.0644362,0.0,0.11924751,-0.074539654,-0.13253021,0.0,0.0,0.0,0.0,0.0,0.0,0.036190614,-0.016345121,-0.91773754
166397875,-0.1674831,0.19541351,nan,3.0644362,0.0,0.11498268,-0.07983279,-0.13253021,0.0,0.0,0.0,0.0,0.0,0.0,0.031696666,-0.015856937,-0.9097961
166498099,-0.1674831,0.19541351,nan,3.0644362,0.0,0.11051311,-0.0834146,-0.13253021,0.0,0.0,0.0,0.0,0.0,0.0,0.03127135,-0.0131504275,-0.90653837
166598096,-0.1674831,0.19541351,nan,3.0644362,0.0,0.10480914,-0.0854172,-0.13253021,0.0,0.0,0.0,0.0,0.0,0.0,0.030697118,-0.010221422,-0.90107155
166698128,-0.1674831,0.19541351,nan,3.0644362,0.0,0.0987839,-0.08469377,-0.13253021,0.0,0.0,0.0,0.0,0.0,0.0,0.035102863,-0.006387003,-0.90009725
166798097,-0.1674831,0.19541351,nan,3.0644362,0.0,0.0935434,-0.08072768,-0.13253021,0.0,0.0,0.0,0.0,0.0,0.0,0.027305508,-0.008440236,-0.9003978
166898239,-0.1674831,0.19541351,nan,3.0644362,0.0,0.08857452,-0.07372019,-0.13253021,0.0,0.0,0.0,0.0,0.0,0.0,0.028873721,-0.002392475,-0.9015519
167018583,-0.1674831,0.19541351,nan,3.0644362,0.0,0.08400873,-0.0624094,-0.13253021,0.0,0.0,0.0,0.0,0.0,0.0,0.029321063,-0.0044139316,-0.9036844
167118876,-0.1674831,0.19541351,nan,3.0644362,0.0,0.08074541,-0.052460577,-0.13253021,0.0,0.0,0.0,0.0,0.0,0.0,0.03165684,0.0003955015,-0.9065448
167218773,-0.1674831,0.19541351,nan,3.0644362,0.0,0.0769499,-0.041565843,-0.13253021,0.0,0.0,0.0,0.0,0.0,0.0,0.032418124,-0.0006875503,-0.9113047
167318769,-0.1674831,0.19541351,nan,3.0644362,0.0,0.07350088,-0.032384705,-0.13253021,0.0,0.0,0.0,0.0,0.0,0.0,0.026460184,-0.0032969748,-0.91751254
167418866,-0.1674831,0.19541351,nan,3.0644362,0.0,0.06996335,-0.024295809,-0.13253021,0.0,0.0,0.0,0.0,0.0,0.0,0.026935924,-0.0032074812,-0.9245509
167518878,-0.1674831,0.19541351,nan,3.0644362,0.0,0.06690262,-0.018174667,-0.13253021,0.0,0.0,0.0,0.0,0.0,0.0,0.032811455,0.0018615215,-0.92810714
167618996,-0.1674831,0.19541351,nan,3.0644362,0.0,0.06360937,-0.013539364,-0.13253021,0.0,0.0,0.0,0.0,0.0,0.0,0.034997515,0.00012135506,-0.93159044
167719033,-0.1674831,0.19541351,nan,3.0644362,0.0,0.06054445,-0.010988449,-0.13253021,0.0,0.0,0.0,0.0,0.0,0.0,0.030729078,8.7778084e-05,-0.9360267
167819781,-0.1674831,0.19541351,nan,3.0644362,0.0,0.057712223,-0.009466426,-0.13253021,0.0,0.0,0.0,0.0,0.0,0.0,0.0340506,0.00026190048,-0.9396934
167919546,-0.1674831,0.19541351,nan,3.0644362,0.0,0.05552004,-0.008326874,-0.13253021,0.0,0.0,0.0,0.0,0.0,0.0,0.02788897,-0.000999976,-0.9428004
168020156,-0.1674831,0.19541351,nan,3.0644362,0.0,0.053361755,-0.0070370696,-0.13253021,0.0,0.0,0.0,0.0,0.0,0.0,0.031031568,0.0006317212,-0.9458829
168119771,-0.1674831,0.19541351,nan,3.0644362,0.0,0.051297456,-0.0050774687,-0.13253021,0.0,0.0,0.0,0.0,0.0,0.0,0.027209135,0.00013407599,-0.95038015
168240328,-0.1674831,0.19541351,nan,3.0644362,0.0,0.04841264,-0.0013759449,-0.13253021,0.0,0.0,0.0,0.0,0.0,0.0,0.025905034,-0.00094408426,-0.95568776
168339842,-0.1674831,0.19541351,nan,3.0644362,0.0,0.04644612,0.0027906068,-0.13253021,0.0,0.0,0.0,0.0,0.0,0.0,0.03157867,-0.00032891333,-0.9577035
168439966,-0.1674831,0.19541351,nan,3.0644362,0.0,0.04361917,0.008960926,-0.13253021,0.0,0.0,0.0,0.0,0.0,0.0,0.023823654,0.003051647,-0.9582118
168540140,-0.1674831,0.19541351,nan,3.0644362,0.0,0.04008745,0.014868537,-0.13253021,0.0,0.0,0.0,0.0,0.0,0.0,0.027413879,0.002813673,-0.9564072
168640012,-0.1674831,0.19541351,nan,3.0644362,0.0,0.03631131,0.02204108,-0.13253021,0.0,0.0,0.0,0.0,0.0,0.0,0.023485985,0.004922934,-0.96173924
168740301,-0.1674831,0.19541351,nan,3.0644362,0.0,0.032631643,0.028700946,-0.13253021,0.0,0.0,0.0,0.0,0.0,0.0,0.026536303,0.0045352015,-0.9630362
168840275,-0.1674831,0.19541351,nan,3.0644362,0.0,0.028638376,0.035937816,-0.13253021,0.0,0.0,0.0,0.0,0.0,0.0,0.025246399,0.00612366,-0.9639178
168940338,-0.1674831,0.19541351,nan,3.0644362,0.0,0.024712691,0.04157513,-0.13253021,0.0,0.0,0.0,0.0,0.0,0.0,0.02750306,0.0034105438,-0.96537256
169040417,-0.1674831,0.19541351,nan,3.0644362,0.0,0.019996699,0.04633608,-0.13253021,0.0,0.0,0.0,0.0,0.0,0.0,0.028086547,7.204758e-05,-0.96570706
169140531,-0.1674831,0.19541351,nan,3.0644362,0.0,0.015665172,0.048339367,-0.13253021,0.0,0.0,0.0,0.0,0.0,0.0,0.02967065,0.0039926134,-0.96621716
169240533,-0.1674831,0.19541351,nan,3.0644362,0.0,0.011210374,0.04899004,-0.13253021,0.0,0.0,0.0,0.0,0.0,0.0,0.027974516,0.0017549356,-0.9648303
169340725,-0.1674831,0.19541351,nan,3.0644362,0.0,0.0076258783,0.047510173,-0.13253021,0.0,0.0,0.0,0.0,0.0,0.0,0.0270223,0.000694955,-0.9558561
169440809,-0.1674831,0.19541351,nan,3.0644362,0.0,0.004266338,0.04452726,-0.13253021,0.0,0.0,0.0,0.0,0.0,0.0,0.023655094,-0.0016675477,-0.9475173
169561090,-0.1674831,0.19541351,nan,3.0644362,0.0,0.0016644038,0.040026195,-0.13253021,0.0,0.0,0.0,0.0,0.0,0.0,0.027662778,-0.00071054895,-0.9343827
169661032,-0.1674831,0.19541351,nan,3.0644362,0.0,0.0006497934,0.035758443,-0.13253021,0.0,0.0,0.0,0.0,0.0,0.0,0.027393233,-0.001414791,-0.9251633
169761163,-0.1674831,0.19541351,nan,3.0644362,0.0,6.565601e-05,0.031959355,-0.13253021,0.0,0.0,0.0,0.0,0.0,0.0,0.029134179,0.0028524804,-0.916198
169861608,-0.1674831,0.19541351,nan,3.0644362,0.0,-0.00023804903,0.030390618,-0.13253021,0.0,0.0,0.0,0.0,0.0,0.0,0.02408867,-0.00041507627,-0.90963006
169961909,-0.1674831,0.19541351,nan,3.0644362,0.0,-9.9177654e-05,0.029821275,-0.13253021,0.0,0.0,0.0,0.0,0.0,0.0,0.026544206,0.001044611,-0.90623635
170061621,-0.1674831,0.19541351,nan,3.0644362,0.0,0.0012495733,0.030480737,-0.13253021,0.0,0.0,0.0,0.0,0.0,0.0,0.027326247,0.0028067026,-0.9024152
170161749,-0.1674831,0.19541351,nan,3.0644362,0.0,0.004449277,0.032332893,-0.13253021,0.0,0.0,0.0,0.0,0.0,0.0,0.03213396,0.0031357787,-0.9019921
170261780,-0.1674831,0.19541351,nan,3.0644362,0.0,0.007888658,0.03448118,-0.13253021,0.0,0.0,0.0,0.0,0.0,0.0,0.031891055,-0.0026829664,-0.8976754
170361769,-0.1674831,0.19541351,nan,3.0644362,0.0,0.011946066,0.036450494,-0.13253021,0.0,0.0,0.0,0.0,0.0,0.0,0.031324398,0.0003715104,-0.8992992
170462753,-0.1674831,0.19541351,nan,3.0644362,0.0,0.01682835,0.03803991,-0.13253021,0.0,0.0,0.0,0.0,0.0,0.0,0.033347014,-0.0009561548,-0.9060079
170561953,-0.1674831,0.19541351,nan,3.0644362,0.0,0.022050833,0.03805009,-0.13253021,0.0,0.0,0.0,0.0,0.0,0.0,0.03137296,-0.0014724289,-0.90502787
170662681,-0.1674831,0.19541351,nan,3.0644362,0.0,0.028856225,0.03684079,-0.13253021,0.0,0.0,0.0,0.0,0.0,0.0,0.032736514,-0.0015477684,-0.90750974
170762130,-0.1674831,0.19541351,nan,3.0644362,0.0,0.035150226,0.034299176,-0.13253021,0.0,0.0,0.0,0.0,0.0,0.0,0.038609385,-0.002564733,-0.90876406
170882230,-0.1674831,0.19541351,nan,3.0644362,0.0,0.041531615,0.029426489,-0.13253021,0.0,0.0,0.0,0.0,0.0,0.0,0.033610497,-0.0034405128,-0.90415335
170982494,-0.1674831,0.19541351,nan,3.0644362,0.0,0.044189565,0.024103299,-0.13253021,0.0,0.0,0.0,0.0,0.0,0.0,0.032795735,-0.002052449,-0.903698
171082684,-0.1674831,0.19541351,nan,3.0644362,0.0,0.04435952,0.018435324,-0.13253021,0.0,0.0,0.0,0.0,0.0,0.0,0.0356471,-0.0054197507,-0.90367043
171182648,-0.1674831,0.19541351,nan,3.0644362,0.0,0.04269325,0.011461007,-0.13253021,0.0,0.0,0.0,0.0,0.0,0.0,0.029705148,-0.0067201145,-0.9007727
171282705,-0.1674831,0.19541351,nan,3.0644362,0.0,0.038769476,0.0046131485,-0.13253021,0.0,0.0,0.0,0.0,0.0,0.0,0.028236525,-0.009837899,-0.8975187
171382896,-0.1674831,0.19541351,nan,3.0644362,0.0,0.031958506,-0.0038457601,-0.13253021,0.0,0.0,0.0,0.0,0.0,0.0,0.02519291,-0.009887425,-0.8927319
171482829,-0.1674831,0.19541351,nan,3.0644362,0.0,0.02399955,-0.0122684715,-0.13253021,0.0,0.0,0.0,0.0,0.0,0.0,0.026313417,-0.010702655,-0.89201474
171582866,-0.1674831,0.19541351,nan,3.0644362,0.0,0.014550648,-0.021266388,-0.13253021,0.0,0.0,0.0,0.0,0.0,0.0,0.021106414,-0.014146009,-0.89146906
171682982,-0.1674831,0.19541351,nan,3.0644362,0.0,0.003261,-0.031150773,-0.13253021,0.0,0.0,0.0,0.0,0.0,0.0,0.017912041,-0.016238833,-0.88847977
171783070,-0.1674831,0.19541351,nan,3.0644362,0.0,-0.0076273223,-0.03994139,-0.13253021,0.0,0.0,0.0,0.0,0.0,0.0,0.01925819,-0.011727989,-0.89131415
171883636,-0.1674831,0.19541351,nan,3.0644362,0.0,-0.019153476,-0.048358478,-0.13253021,0.0,0.0,0.0,0.0,0.0,0.0,0.017822303,-0.015500144,-0.8920157
171983741,-0.1674831,0.19541351,nan,3.0644362,0.0,-0.028827602,-0.05478368,-0.13253021,0.0,0.0,0.0,0.0,0.0,0.0,0.01768021,-0.012394424,-0.89378154
172103711,-0.1674831,0.19541351,nan,3.0644362,0.0,-0.039560318,-0.060896058,-0.13253021,0.0,0.0,0.0,0.0,0.0,0.0,0.008829003,-0.010969548,-0.88355
172203796,-0.1674831,0.19541351,nan,3.0644362,0.0,-0.051955108,-0.062784396,-0.13253021,0.0,0.0,0.0,0.0,0.0,0.0,0.015857074,-0.004348989,-0.8861154
172303806,-0.1674831,0.19541351,nan,3.0644362,0.0,-0.05757682,-0.061728153,-0.13253021,0.0,0.0,0.0,0.0,0.0,0.0,0.015549937,-0.012294152,-0.9310589
172403805,-0.1674831,0.19541351,nan,3.0644362,0.0,-0.064923674,-0.058482923,-0.13253021,0.0,0.0,0.0,0.0,0.0,0.0,0.009037962,-0.0047402494,-0.90905315
172904429,-0.1674831,0.19541351,nan,3.0644362,0.0,-0.08534827,-0.019226408,-0.13253021,0.0,0.0,0.0,0.0,0.0,0.0,0.021446448,0.0014362037,-0.95456606
173004381,-0.1674831,0.19541351,nan,3.0644362,0.0,-0.08572757,-0.010989566,-0.13253021,0.0,0.0,0.0,0.0,0.0,0.0,0.02022091,0.003958746,-0.95921016
173104413,-0.1674831,0.19541351,nan,3.0644362,0.0,-0.08283289,-0.002082207,-0.13253021,0.0,0.0,0.0,0.0,0.0,0.0,0.02628284,0.00787323,-0.96267205
173224894,-0.1674831,0.19541351,nan,3.0644362,0.0,-0.0744963,0.008327257,-0.13253021,0.0,0.0,0.0,0.0,0.0,0.0,0.029494662,0.009263361,-0.96711797
174225872,nan,nan,nan,3.0644362,0.0,0.37862405,-0.029271398,-0.13253021,0.0,0.0,0.0,0.0,0.0,0.0,0.09388861,-0.010716721,-0.95065475
174325911,nan,nan,nan,3.0644362,0.0,0.3539016,-0.027360108,-0.13253021,0.0,0.0,0.0,0.0,0.0,0.0,0.085704856,-0.012521043,-0.92819464
174446403,nan,nan,nan,3.0644362,0.0,0.24769734,-0.019149464,-0.13253021,0.0,0.0,0.0,0.0,0.0,0.0,0.07548767,-0.016367156,-0.90805584
174545956,nan,nan,nan,3.0644362,0.0,0.070161626,-0.0054241903,-0.13253021,0.0,0.0,0.0,0.0,0.0,0.0,0.06406922,-0.009604817,-0.8995572
174646155,-0.43538642,0.17819047,nan,3.0644362,0.0,0.0052736863,-0.00205255,-0.13253021,0.0,0.0,0.0,0.0,0.0,0.0,0.055790246,-0.015915731,-0.88973665
174746061,nan,nan,nan,3.0644362,0.0,-0.1511052,0.05010854,-0.13253021,0.0,0.0,0.0,0.0,0.0,0.0,0.04310436,-0.005507064,-0.8823886
174846126,-0.47215828,0.192032,nan,3.0644362,0.0,0.013001644,-0.004257462,-0.13253021,0.0,0.0,0.0,0.0,0.0,0.0,0.057497468,-0.007862918,-0.8774895
174946259,nan,nan,nan,3.0644362,0.0,0.02055822,-0.0015893545,-0.13253021,0.0,0.0,0.0,0.0,0.0,0.0,0.056939602,-0.006961258,-0.8727875
175046559,nan,nan,nan,3.0644362,0.0,0.19213296,-0.014853786,-0.13253021,0.0,0.0,0.0,0.0,0.0,0.0,0.07702576,-0.0054644505,-0.8720254
175146643,nan,nan,nan,3.0644362,0.0,0.5483463,-0.042392608,-0.13253021,0.0,0.0,0.0,0.0,0.0,0.0,0.10663715,-0.009626392,-0.86914784
175246771,nan,nan,nan,3.0644362,0.0,1.0472127,-0.080959946,-0.13253021,0.0,0.0,0.0,0.0,0.0,0.0,0.14857136,-0.00697467,-0.86749005
175346846,nan,nan,nan,3.0644362,0.0,1.4832404,-0.11466921,-0.13253021,0.0,0.0,0.0,0.0,0.0,0.0,0.17884307,-0.011983546,-0.8720928
175466809,nan,nan,nan,3.0644362,0.0,1.5286212,-0.1181776,-0.13253021,0.0,0.0,0.0,0.0,0.0,0.0,0.17542471,-0.010068037,-0.884713
175566874,nan,nan,nan,3.0644362,0.0,1.1352832,-0.08776866,-0.13253021,0.0,0.0,0.0,0.0,0.0,0.0,0.13015117,-0.009352166,-0.9093604
175666963,-0.5724537,0.18074684,nan,3.0644362,0.0,0.0,0.0,-0.13253021,0.0,0.0,0.0,0.0,0.0,0.0,0.033465065,0.0010831561,-0.9364661
175767177,-0.5724537,0.18074684,nan,3.0644362,0.0,-0.015545326,0.004707343,-0.13253021,0.0,0.0,0.0,0.0,0.0,0.0,0.028963964,-0.00083935563,-0.97041273
175867784,-0.5724537,0.18074684,nan,3.0644362,0.0,-0.03493511,0.007749164,-0.13253021,0.0,0.0,0.0,0.0,0.0,0.0,0.0,-0.0,-1.0
175967685,-0.5724537,0.18074684,nan,3.0644362,0.0,-0.053809952,0.008122546,-0.13253021,0.0,0.0,0.0,0.0,0.0,0.0,0.0,-0.0,-1.0
176067735,-0.5724537,0.18074684,nan,3.0644362,0.0,-0.07539209,0.005019839,-0.13253021,0.0,0.0,0.0,0.0,0.0,0.0,0.0,-0.0,-1.0
176167812,-0.5724537,0.18074684,nan,3.0644362,0.0,-0.094593376,-0.00078131777,-0.13253021,0.0,0.0,0.0,0.0,0.0,0.0,0.0,-0.0,-1.0
176267979,-0.5724537,0.18074684,nan,3.0644362,0.0,-0.11047015,-0.009318368,-0.13253021,0.0,0.0,0.0,0.0,0.0,0.0,0.0,-0.0,-1.0
176367803,-0.5724537,0.18074684,nan,3.0644362,0.0,-0.115185715,-0.019059183,-0.13253021,0.0,0.0,0.0,0.0,0.0,0.0,0.0,-0.0,-1.0
176467853,-0.5724537,0.18074684,nan,3.0644362,0.0,-0.10220007,-0.030525357,-0.13253021,0.0,0.0,0.0,0.0,0.0,0.0,0.0,-0.0,-1.0
176568201,-0.5724537,0.18074684,nan,3.0644362,0.0,-0.06919305,-0.041150518,-0.13253021,0.0,0.0,0.0,0.0,0.0,0.0,0.0,-0.0,-1.0
176668128,nan,nan,nan,3.0644362,0.0,0.28839886,-0.022296095,-0.13253021,0.0,0.0,0.0,0.0,0.0,0.0,0.0,-0.0,-1.0
176768293,nan,nan,nan,3.0644362,0.0,0.3830605,-0.029614378,-0.13253021,0.0,0.0,0.0,0.0,0.0,0.0,0.0,-0.0,-1.0
176888391,nan,nan,nan,3.0644362,0.0,0.8960562,-0.06927404,-0.13253021,0.0,0.0,0.0,0.0,0.0,0.0,0.0,-0.0,-1.0
176988516,nan,nan,nan,3.0644362,0.0,1.3948628,-0.10783674,-0.13253021,0.0,0.0,0.0,0.0,0.0,0.0,0.0,-0.0,-1.0
177088462,nan,nan,nan,3.0644362,0.0,1.8933005,-0.14637092,-0.13253021,0.0,0.0,0.0,0.0,0.0,0.0,0.0,-0.0,-1.0
177188516,nan,nan,nan,3.0644362,0.0,2.3922017,-0.18494093,-0.13253021,0.0,0.0,0.0,0.0,0.0,0.0,0.0,-0.0,-1.0
177288744,nan,nan,nan,3.0644362,0.0,2.8913772,-0.22353216,-0.13253021,0.0,0.0,0.0,0.0,0.0,0.0,0.0,-0.0,-1.0
177388878,nan,nan,nan,3.0644362,0.0,3.389135,-0.22679588,-0.13253021,0.0,0.0,0.0,0.0,0.0,0.0,0.0,-0.0,-1.0
177489141,nan,nan,nan,3.0644362,0.0,3.7695968,-0.29142725,-0.13253021,0.0,0.0,0.0,0.0,0.0,0.0,0.0,-0.0,-1.0
177589041,nan,nan,nan,3.0644362,0.0,3.6183639,-0.27973545,-0.13253021,0.0,0.0,0.0,0.0,0.0,0.0,0.0,-0.0,-1.0
177689240,nan,nan,nan,3.0644362,0.0,3.5642314,-0.27555048,-0.13253021,0.0,0.0,0.0,0.0,0.0,0.0,0.0,0.0,-1.0
177789251,nan,nan,nan,3.0644362,0.0,3.7239878,-0.28790122,-0.13253021,0.0,0.0,0.0,0.0,0.0,0.0,0.0,0.0,-1.0
177889327,nan,nan,nan,3.0644362,0.0,4.222814,-0.32646546,-0.13253021,0.0,0.0,0.0,0.0,0.0,0.0,0.0,0.0,-1.0
177989330,nan,nan,nan,3.0644362,0.0,4.7096753,-0.36410466,-0.13253021,0.0,0.0,0.0,0.0,0.0,0.0,0.12997651,0.013178094,-0.9914295
178109452,nan,nan,nan,3.0644362,0.0,4.1107125,-0.31779888,-0.13253021,0.0,0.0,0.0,0.0,0.0,0.0,0.13798042,0.032310013,-0.9899078
178209544,nan,nan,nan,3.0644362,0.0,1.0745734,-0.79977757,-0.13253021,0.0,0.0,0.0,0.0,0.0,0.0,-0.0,0.0,-1.0
178250193,nan,nan,nan,3.0509377,0.0,nan,nan,-0.00031,0.0,0.0,0.0,0.0,0.0,0.0,-0.0046081515,0.00041888014,-1.0
