timestamp,airspeed_timestamp_rel,distance_sensor_timestamp_rel,gps_timestamp_rel,optical_flow_timestamp_rel,vehicle_air_data_timestamp_rel,vehicle_magnetometer_timestamp_rel,visual_odometry_timestamp_rel
22123469,32767,32767,32767,32767,32767,-32,32767
22179488,32767,32767,32767,32767,32767,32767,32767
22183468,32767,32767,32767,32767,32767,-40,32767
22187468,32767,32767,32767,32767,32767,32767,32767
22191482,32767,32767,32767,32767,32767,32767,32767
22195469,32767,32767,32767,32767,-54,-64,32767
22199481,32767,32767,32767,32767,32767,32767,32767
22203469,32767,32767,32767,32767,32767,-40,32767
22207469,32767,32767,32767,32767,-66,32767,32767
22211469,32767,32767,32767,32767,32767,32767,32767
22215478,32767,32767,32767,32767,32767,-72,32767
22219516,32767,32767,32767,32767,-69,32767,32767
22223468,32767,32767,32767,32767,32767,-39,32767
22227483,32767,32767,32767,32767,32767,32767,32767
22231469,32767,32767,32767,32767,32767,32767,32767
22235478,32767,32767,32767,32767,32767,-72,32767
22239470,32767,32767,32767,32767,-63,32767,32767
22243468,32767,32767,32767,32767,32767,32767,32767
22247475,32767,32767,32767,32767,-44,32767,32767
22251469,32767,32767,32767,32767,32767,-40,32767
22255478,32767,32767,32767,32767,32767,32767,32767
22259469,32767,32767,32767,32767,-54,32767,32767
22263468,32767,32767,32767,32767,32767,-64,32767
22267485,32767,32767,32767,32767,32767,32767,32767
22271469,32767,32767,32767,32767,32767,-40,32767
22275486,32767,32767,32767,32767,32767,32767,32767
22279471,32767,32767,32767,32767,-44,32767,32767
22283469,32767,32767,32767,32767,32767,-64,32767
22287498,32767,32767,32767,32767,32767,32767,32767
22291469,32767,32767,32767,32767,-61,-40,32767
22295487,32767,32767,32767,32767,32767,32767,32767
22299485,32767,32767,32767,32767,32767,32767,32767
22303505,32767,32767,32767,32767,-73,-73,32767
22307492,32767,32767,32767,32767,32767,32767,32767
22311469,32767,32767,32767,32767,32767,-40,32767
22315497,32767,32767,32767,32767,32767,32767,32767
22319488,32767,32767,32767,32767,32767,32767,32767
22323471,32767,32767,32767,32767,-63,-72,32767
22327482,32767,32767,32767,32767,32767,32767,32767
22331469,32767,32767,32767,32767,32767,-40,32767
22335469,32767,32767,32767,32767,-71,32767,32767
22339486,32767,32767,32767,32767,32767,32767,32767
22343469,32767,32767,32767,32767,-44,-72,32767
22347490,32767,32767,32767,32767,32767,32767,32767
22351469,32767,32767,32767,32767,32767,-64,32767
22355475,32767,32767,32767,32767,32767,32767,32767
22359468,32767,32767,32767,32767,32767,-40,32767
22363468,32767,32767,32767,32767,32767,32767,32767
22367469,32767,32767,32767,32767,-63,32767,32767
22371469,32767,32767,32767,32767,32767,-64,32767
22375485,32767,32767,32767,32767,32767,32767,32767
22379469,32767,32767,32767,32767,-60,-40,32767
22383478,32767,32767,32767,32767,32767,32767,32767
22387468,32767,32767,32767,32767,32767,32767,32767
22391469,32767,32767,32767,32767,-71,-56,32767
22395475,32767,32767,32767,32767,32767,32767,32767
22399469,32767,32767,32767,32767,32767,-40,32767
22403478,32767,32767,32767,32767,32767,32767,32767
22407469,32767,32767,32767,32767,32767,32767,32767
22411469,32767,32767,32767,32767,-54,-72,32767
22415488,32767,32767,32767,32767,32767,32767,32767
22419469,32767,32767,32767,32767,32767,-40,32767
22423491,32767,32767,32767,32767,-63,32767,32767
22427469,32767,32767,32767,32767,32767,-32,32767
22431469,32767,32767,32767,32767,32767,32767,32767
22435519,32767,32767,32767,32767,-64,32767,32767
22439468,32767,32767,32767,32767,32767,32767,32767
22443482,32767,32767,32767,32767,32767,32767,32767
22447469,32767,32767,32767,32767,32767,-40,32767
22451468,32767,32767,32767,32767,32767,32767,32767
22455495,32767,32767,32767,32767,-44,32767,32767
22459468,32767,32767,32767,32767,32767,-64,32767
22463494,32767,32767,32767,32767,32767,32767,32767
22467478,32767,32767,32767,32767,-54,-40,32767
22471469,32767,32767,32767,32767,32767,32767,32767
22475519,32767,32767,32767,32767,32767,32767,32767
22479468,32767,32767,32767,32767,-71,-64,32767
22483476,32767,32767,32767,32767,32767,32767,32767
22487477,32767,32767,32767,32767,32767,-40,32767
22491469,32767,32767,32767,32767,32767,32767,32767
22495499,32767,32767,32767,32767,32767,32767,32767
22499514,32767,32767,32767,32767,-64,-73,32767
22503495,32767,32767,32767,32767,32767,32767,32767
22507469,32767,32767,32767,32767,32767,-40,32767
22511469,32767,32767,32767,32767,-68,32767,32767
22515471,32767,32767,32767,32767,32767,32767,32767
22519469,32767,32767,32767,32767,-53,-72,32767
22523481,32767,32767,32767,32767,32767,32767,32767
22527469,32767,32767,32767,32767,32767,-40,32767
22531468,32767,32767,32767,32767,32767,32767,32767
22535469,32767,32767,32767,32767,32767,32767,32767
22539469,32767,32767,32767,32767,32767,-72,32767
22543487,32767,32767,32767,32767,-63,32767,32767
22547473,32767,32767,32767,32767,32767,-64,32767
22551483,32767,32767,32767,32767,32767,32767,32767
22555468,32767,32767,32767,32767,-66,-40,32767
22559468,32767,32767,32767,32767,32767,32767,32767
22563475,32767,32767,32767,32767,-44,32767,32767
22567469,32767,32767,32767,32767,32767,-64,32767
22571511,32767,32767,32767,32767,32767,32767,32767
22575468,32767,32767,32767,32767,32767,-39,32767
22579469,32767,32767,32767,32767,32767,32767,32767
22583496,32767,32767,32767,32767,32767,32767,32767
22587477,32767,32767,32767,32767,-63,-56,32767
22591491,32767,32767,32767,32767,32767,32767,32767
22595510,32767,32767,32767,32767,32767,-41,32767
22599469,32767,32767,32767,32767,-72,32767,32767
22603501,32767,32767,32767,32767,32767,32767,32767
22607469,32767,32767,32767,32767,-44,-72,32767
22611475,32767,32767,32767,32767,32767,32767,32767
22615468,32767,32767,32767,32767,32767,-40,32767
22619469,32767,32767,32767,32767,32767,32767,32767
22623483,32767,32767,32767,32767,32767,-32,32767
22627468,32767,32767,32767,32767,32767,32767,32767
22631469,32767,32767,32767,32767,-64,32767,32767
22635475,32767,32767,32767,32767,32767,32767,32767
22639475,32767,32767,32767,32767,32767,32767,32767
22643489,32767,32767,32767,32767,-67,-40,32767
22647468,32767,32767,32767,32767,32767,32767,32767
22651472,32767,32767,32767,32767,-44,32767,32767
22655508,32767,32767,32767,32767,32767,-65,32767
22659476,32767,32767,32767,32767,32767,32767,32767
22663469,32767,32767,32767,32767,32767,-40,32767
22667469,32767,32767,32767,32767,32767,32767,32767
22671469,32767,32767,32767,32767,32767,32767,32767
22675471,32767,32767,32767,32767,-62,-64,32767
22679476,32767,32767,32767,32767,32767,32767,32767
22683469,32767,32767,32767,32767,32767,-40,32767
22687468,32767,32767,32767,32767,-67,32767,32767
22691469,32767,32767,32767,32767,32767,32767,32767
22695469,32767,32767,32767,32767,-44,-72,32767
22699479,32767,32767,32767,32767,32767,32767,32767
22703468,32767,32767,32767,32767,32767,-40,32767
22707469,32767,32767,32767,32767,32767,32767,32767
22711498,32767,32767,32767,32767,32767,32767,32767
22715469,32767,32767,32767,32767,32767,-72,32767
22719477,32767,32767,32767,32767,-63,32767,32767
22722695,32767,32767,32767,32767,32767,-32,32767
22727469,32767,32767,32767,32767,32767,32767,32767
22731509,32767,32767,32767,32767,-63,32767,32767
22735469,32767,32767,32767,32767,32767,-72,32767
22739515,32767,32767,32767,32767,32767,32767,32767
22743469,32767,32767,32767,32767,-73,-56,32767
22747475,32767,32767,32767,32767,32767,32767,32767
22751506,32767,32767,32767,32767,32767,-41,32767
22755469,32767,32767,32767,32767,32767,32767,32767
22759468,32767,32767,32767,32767,32767,32767,32767
22763469,32767,32767,32767,32767,-61,-56,32767
22767474,32767,32767,32767,32767,32767,32767,32767
22771485,32767,32767,32767,32767,-43,-40,32767
22775469,32767,32767,32767,32767,32767,32767,32767
22779485,32767,32767,32767,32767,32767,32767,32767
22783469,32767,32767,32767,32767,-54,-48,32767
22786724,32767,32767,32767,32767,32767,32767,32767
22790669,32767,32767,32767,32767,32767,-39,32767
22794669,32767,32767,32767,32767,32767,32767,32767
22798683,32767,32767,32767,32767,32767,32767,32767
22802669,32767,32767,32767,32767,32767,-64,32767
22806676,32767,32767,32767,32767,-71,32767,32767
22810668,32767,32767,32767,32767,32767,-40,32767
22814669,32767,32767,32767,32767,-45,32767,32767
22818668,32767,32767,32767,32767,32767,32767,32767
22822668,32767,32767,32767,32767,32767,-64,32767
22826712,32767,32767,32767,32767,-57,32767,32767
22830668,32767,32767,32767,32767,32767,-39,32767
22834668,32767,32767,32767,32767,32767,32767,32767
22838695,32767,32767,32767,32767,32767,32767,32767
22842669,32767,32767,32767,32767,32767,-72,32767
22846715,32767,32767,32767,32767,-47,32767,32767
22850669,32767,32767,32767,32767,32767,-39,32767
22853912,32767,32767,32767,32767,32767,32767,32767
22858669,32767,32767,32767,32767,-60,32767,32767
22862670,32767,32767,32767,32767,32767,-72,32767
22866687,32767,32767,32767,32767,32767,32767,32767
22870719,32767,32767,32767,32767,-70,-41,32767
22874669,32767,32767,32767,32767,32767,32767,32767
22878669,32767,32767,32767,32767,32767,32767,32767
22882669,32767,32767,32767,32767,32767,-72,32767
22886669,32767,32767,32767,32767,32767,32767,32767
22890678,32767,32767,32767,32767,-66,-64,32767
22894675,32767,32767,32767,32767,32767,32767,32767
22898669,32767,32767,32767,32767,-45,-40,32767
22902669,32767,32767,32767,32767,32767,32767,32767
22906683,32767,32767,32767,32767,32767,32767,32767
22910681,32767,32767,32767,32767,-56,-64,32767
22914675,32767,32767,32767,32767,32767,32767,32767
22918669,32767,32767,32767,32767,32767,-40,32767
22922670,32767,32767,32767,32767,32767,32767,32767
22926668,32767,32767,32767,32767,32767,32767,32767
22930683,32767,32767,32767,32767,32767,-63,32767
22934687,32767,32767,32767,32767,-69,32767,32767
22938669,32767,32767,32767,32767,32767,-40,32767
22942669,32767,32767,32767,32767,-46,32767,32767
22946679,32767,32767,32767,32767,32767,32767,32767
22950669,32767,32767,32767,32767,32767,-72,32767
22954690,32767,32767,32767,32767,-56,32767,32767
22958669,32767,32767,32767,32767,32767,-40,32767
22962670,32767,32767,32767,32767,32767,32767,32767
22966669,32767,32767,32767,32767,32767,32767,32767
22970669,32767,32767,32767,32767,32767,-72,32767
22974698,32767,32767,32767,32767,32767,32767,32767
22978669,32767,32767,32767,32767,-69,-40,32767
22982669,32767,32767,32767,32767,32767,32767,32767
22986700,32767,32767,32767,32767,-56,32767,32767
22990669,32767,32767,32767,32767,32767,-72,32767
22994668,32767,32767,32767,32767,32767,32767,32767
22998669,32767,32767,32767,32767,-66,-63,32767
23002675,32767,32767,32767,32767,32767,32767,32767
23006669,32767,32767,32767,32767,32767,-40,32767
23010695,32767,32767,32767,32767,32767,32767,32767
23014671,32767,32767,32767,32767,32767,32767,32767
23018668,32767,32767,32767,32767,-56,-64,32767
23022675,32767,32767,32767,32767,32767,32767,32767
23026668,32767,32767,32767,32767,32767,-40,32767
23030669,32767,32767,32767,32767,-66,32767,32767
23034694,32767,32767,32767,32767,32767,32767,32767
23038678,32767,32767,32767,32767,-46,-64,32767
23042675,32767,32767,32767,32767,32767,32767,32767
23046669,32767,32767,32767,32767,32767,-40,32767
23050669,32767,32767,32767,32767,32767,32767,32767
23054670,32767,32767,32767,32767,32767,32767,32767
23058681,32767,32767,32767,32767,32767,-72,32767
23062675,32767,32767,32767,32767,-66,32767,32767
23066670,32767,32767,32767,32767,32767,-40,32767
23070669,32767,32767,32767,32767,-45,32767,32767
23074681,32767,32767,32767,32767,32767,32767,32767
23078677,32767,32767,32767,32767,32767,-72,32767
23082672,32767,32767,32767,32767,-55,32767,32767
23086668,32767,32767,32767,32767,32767,32767,32767
23090675,32767,32767,32767,32767,32767,32767,32767
23094694,32767,32767,32767,32767,32767,-40,32767
23098669,32767,32767,32767,32767,32767,32767,32767
23102669,32767,32767,32767,32767,-46,32767,32767
23106669,32767,32767,32767,32767,32767,-64,32767
23110675,32767,32767,32767,32767,32767,32767,32767
23118669,32767,32767,32767,32767,32767,32767,32767
23122707,32767,32767,32767,32767,32767,32767,32767
23126668,32767,32767,32767,32767,-71,-64,32767
23130676,32767,32767,32767,32767,32767,32767,32767
23134695,32767,32767,32767,32767,32767,-40,32767
23138669,32767,32767,32767,32767,32767,32767,32767
23142674,32767,32767,32767,32767,32767,32767,32767
23146669,32767,32767,32767,32767,-66,-71,32767
23150675,32767,32767,32767,32767,32767,32767,32767
23154676,32767,32767,32767,32767,-46,-40,32767
23158669,32767,32767,32767,32767,32767,32767,32767
23162700,32767,32767,32767,32767,32767,32767,32767
23166668,32767,32767,32767,32767,-55,-72,32767
23170675,32767,32767,32767,32767,32767,32767,32767
23174669,32767,32767,32767,32767,32767,-40,32767
23178669,32767,32767,32767,32767,32767,32767,32767
23182686,32767,32767,32767,32767,32767,-32,32767
23186669,32767,32767,32767,32767,32767,32767,32767
23190674,32767,32767,32767,32767,-72,32767,32767
23194669,32767,32767,32767,32767,32767,-64,32767
23198675,32767,32767,32767,32767,-55,32767,32767
23202676,32767,32767,32767,32767,32767,-40,32767
23206677,32767,32767,32767,32767,32767,32767,32767
23210673,32767,32767,32767,32767,-66,32767,32767
23214668,32767,32767,32767,32767,32767,-64,32767
23218675,32767,32767,32767,32767,32767,32767,32767
23222692,32767,32767,32767,32767,32767,-40,32767
23226684,32767,32767,32767,32767,32767,32767,32767
23230684,32767,32767,32767,32767,-55,32767,32767
23234669,32767,32767,32767,32767,32767,-56,32767
23238675,32767,32767,32767,32767,32767,32767,32767
23242681,32767,32767,32767,32767,-60,-40,32767
23246673,32767,32767,32767,32767,32767,32767,32767
23250669,32767,32767,32767,32767,32767,32767,32767
23254670,32767,32767,32767,32767,-71,-72,32767
23258675,32767,32767,32767,32767,32767,32767,32767
23262707,32767,32767,32767,32767,32767,-41,32767
23266670,32767,32767,32767,32767,32767,32767,32767
23270672,32767,32767,32767,32767,32767,32767,32767
23274669,32767,32767,32767,32767,-62,-72,32767
23278669,32767,32767,32767,32767,32767,32767,32767
23282669,32767,32767,32767,32767,-46,32767,32767
23286675,32767,32767,32767,32767,32767,32767,32767
23290670,32767,32767,32767,32767,32767,-40,32767
23294669,32767,32767,32767,32767,-55,32767,32767
23298669,32767,32767,32767,32767,32767,32767,32767
23302669,32767,32767,32767,32767,32767,-64,32767
23306675,32767,32767,32767,32767,32767,32767,32767
23310683,32767,32767,32767,32767,32767,-40,32767
23314669,32767,32767,32767,32767,32767,32767,32767
23318669,32767,32767,32767,32767,-72,32767,32767
23322668,32767,32767,32767,32767,32767,-64,32767
23326676,32767,32767,32767,32767,-55,32767,32767
23330697,32767,32767,32767,32767,32767,-40,32767
23334669,32767,32767,32767,32767,32767,32767,32767
23338669,32767,32767,32767,32767,-66,32767,32767
23342668,32767,32767,32767,32767,32767,-72,32767
23346675,32767,32767,32767,32767,32767,32767,32767
23350709,32767,32767,32767,32767,32767,-41,32767
23354668,32767,32767,32767,32767,32767,32767,32767
23358679,32767,32767,32767,32767,-55,-32,32767
23362669,32767,32767,32767,32767,32767,32767,32767
23366675,32767,32767,32767,32767,32767,32767,32767
23370714,32767,32767,32767,32767,-60,-41,32767
23374671,32767,32767,32767,32767,32767,32767,32767
23378669,32767,32767,32767,32767,32767,32767,32767
23382668,32767,32767,32767,32767,-73,-72,32767
23386669,32767,32767,32767,32767,32767,32767,32767
23390716,32767,32767,32767,32767,32767,-65,32767
23394714,32767,32767,32767,32767,32767,32767,32767
23398669,32767,32767,32767,32767,32767,-39,32767
23402668,32767,32767,32767,32767,-66,32767,32767
23406668,32767,32767,32767,32767,32767,32767,32767
23410684,32767,32767,32767,32767,-46,-64,32767
23414675,32767,32767,32767,32767,32767,32767,32767
23418669,32767,32767,32767,32767,32767,-40,32767
23422673,32767,32767,32767,32767,-56,32767,32767
23426669,32767,32767,32767,32767,32767,32767,32767
23430669,32767,32767,32767,32767,32767,-56,32767
23434675,32767,32767,32767,32767,32767,32767,32767
23438669,32767,32767,32767,32767,32767,-40,32767
23442669,32767,32767,32767,32767,32767,32767,32767
23446669,32767,32767,32767,32767,-71,32767,32767
23450669,32767,32767,32767,32767,32767,-72,32767
23454675,32767,32767,32767,32767,-54,32767,32767
23458697,32767,32767,32767,32767,32767,-40,32767
23462668,32767,32767,32767,32767,32767,32767,32767
23466669,32767,32767,32767,32767,-66,-32,32767
23470669,32767,32767,32767,32767,32767,32767,32767
23474669,32767,32767,32767,32767,32767,32767,32767
23478693,32767,32767,32767,32767,32767,32767,32767
23482675,32767,32767,32767,32767,32767,32767,32767
23486668,32767,32767,32767,32767,-55,-40,32767
23490668,32767,32767,32767,32767,32767,32767,32767
23494668,32767,32767,32767,32767,32767,32767,32767
23498715,32767,32767,32767,32767,-50,-65,32767
23502675,32767,32767,32767,32767,32767,32767,32767
23506668,32767,32767,32767,32767,32767,-40,32767
23510669,32767,32767,32767,32767,-64,32767,32767
23514669,32767,32767,32767,32767,32767,32767,32767
23518668,32767,32767,32767,32767,32767,-64,32767
23522676,32767,32767,32767,32767,32767,32767,32767
23526672,32767,32767,32767,32767,32767,-40,32767
23530669,32767,32767,32767,32767,-55,32767,32767
23534669,32767,32767,32767,32767,32767,32767,32767
23538680,32767,32767,32767,32767,32767,-72,32767
23542684,32767,32767,32767,32767,-71,32767,32767
23546669,32767,32767,32767,32767,32767,-40,32767
23550669,32767,32767,32767,32767,-46,32767,32767
23554669,32767,32767,32767,32767,32767,32767,32767
23558689,32767,32767,32767,32767,32767,-72,32767
23562669,32767,32767,32767,32767,32767,32767,32767
23565908,32767,32767,32767,32767,32767,-41,32767
23569869,32767,32767,32767,32767,32767,32767,32767
23574669,32767,32767,32767,32767,-66,32767,32767
23578669,32767,32767,32767,32767,32767,-72,32767
23585933,32767,32767,32767,32767,32767,-57,32767
23593105,32767,32767,32767,32767,-41,32767,32767
23597869,32767,32767,32767,32767,32767,-72,32767
23601875,32767,32767,32767,32767,32767,32767,32767
23605879,32767,32767,32767,32767,32767,-40,32767
23609919,32767,32767,32767,32767,32767,32767,32767
23614669,32767,32767,32767,32767,32767,32767,32767
23618669,32767,32767,32767,32767,-80,-79,32767
23622687,32767,32767,32767,32767,32767,32767,32767
23626704,32767,32767,32767,32767,-65,-65,32767
23630669,32767,32767,32767,32767,32767,32767,32767
23634669,32767,32767,32767,32767,32767,-48,32767
23638669,32767,32767,32767,32767,-68,32767,32767
23642669,32767,32767,32767,32767,32767,32767,32767
23646719,32767,32767,32767,32767,32767,-73,32767
23650669,32767,32767,32767,32767,32767,32767,32767
23654693,32767,32767,32767,32767,32767,-48,32767
23658669,32767,32767,32767,32767,-66,32767,32767
23662669,32767,32767,32767,32767,32767,32767,32767
23666711,32767,32767,32767,32767,-46,-73,32767
23670669,32767,32767,32767,32767,32767,32767,32767
23673890,32767,32767,32767,32767,32767,-39,32767
23677869,32767,32767,32767,32767,-47,32767,32767
23681869,32767,32767,32767,32767,32767,32767,32767
23685869,32767,32767,32767,32767,32767,-72,32767
23689875,32767,32767,32767,32767,32767,32767,32767
23693893,32767,32767,32767,32767,32767,-40,32767
23697869,32767,32767,32767,32767,32767,32767,32767
23701873,32767,32767,32767,32767,-67,32767,32767
23705869,32767,32767,32767,32767,32767,-72,32767
23709869,32767,32767,32767,32767,32767,32767,32767
23713915,32767,32767,32767,32767,-73,-57,32767
23717869,32767,32767,32767,32767,32767,32767,32767
23721883,32767,32767,32767,32767,-48,32767,32767
23725869,32767,32767,32767,32767,32767,-72,32767
23729869,32767,32767,32767,32767,32767,32767,32767
23733904,32767,32767,32767,32767,32767,-57,32767
23737875,32767,32767,32767,32767,32767,32767,32767
23741869,32767,32767,32767,32767,32767,-40,32767
23745869,32767,32767,32767,32767,-68,32767,32767
23749869,32767,32767,32767,32767,32767,32767,32767
23753906,32767,32767,32767,32767,32767,-64,32767
23757875,32767,32767,32767,32767,-62,32767,32767
23761869,32767,32767,32767,32767,32767,-40,32767
23765868,32767,32767,32767,32767,32767,32767,32767
23769869,32767,32767,32767,32767,-71,32767,32767
23773869,32767,32767,32767,32767,32767,-63,32767
23777889,32767,32767,32767,32767,32767,32767,32767
23781896,32767,32767,32767,32767,32767,-40,32767
23785869,32767,32767,32767,32767,32767,32767,32767
23789871,32767,32767,32767,32767,-58,32767,32767
23793869,32767,32767,32767,32767,32767,-72,32767
23797884,32767,32767,32767,32767,32767,32767,32767
23801869,32767,32767,32767,32767,-68,-40,32767
23805869,32767,32767,32767,32767,32767,32767,32767
23809868,32767,32767,32767,32767,32767,32767,32767
23813869,32767,32767,32767,32767,-56,-72,32767
23817888,32767,32767,32767,32767,32767,32767,32767
23821879,32767,32767,32767,32767,32767,-40,32767
23825869,32767,32767,32767,32767,32767,32767,32767
23829916,32767,32767,32767,32767,32767,32767,32767
23833869,32767,32767,32767,32767,32767,-72,32767
23837869,32767,32767,32767,32767,-54,32767,32767
23841919,32767,32767,32767,32767,32767,-65,32767
23845875,32767,32767,32767,32767,32767,32767,32767
23849886,32767,32767,32767,32767,-68,-40,32767
23857869,32767,32767,32767,32767,-47,32767,32767
23861918,32767,32767,32767,32767,32767,-65,32767
23865875,32767,32767,32767,32767,32767,32767,32767
23869869,32767,32767,32767,32767,32767,-40,32767
23873869,32767,32767,32767,32767,32767,32767,32767
23877869,32767,32767,32767,32767,32767,32767,32767
23881909,32767,32767,32767,32767,-71,-65,32767
23885875,32767,32767,32767,32767,32767,32767,32767
23889868,32767,32767,32767,32767,-48,-40,32767
23893869,32767,32767,32767,32767,32767,32767,32767
23897869,32767,32767,32767,32767,32767,32767,32767
23901918,32767,32767,32767,32767,-62,-73,32767
23905875,32767,32767,32767,32767,32767,32767,32767
23909889,32767,32767,32767,32767,32767,-40,32767
23913869,32767,32767,32767,32767,32767,32767,32767
23917869,32767,32767,32767,32767,32767,32767,32767
23921881,32767,32767,32767,32767,-56,-72,32767
23925875,32767,32767,32767,32767,32767,32767,32767
23929875,32767,32767,32767,32767,32767,-40,32767
23933875,32767,32767,32767,32767,-62,32767,32767
23937869,32767,32767,32767,32767,32767,-40,32767
23941869,32767,32767,32767,32767,-47,32767,32767
23945877,32767,32767,32767,32767,32767,32767,32767
23949899,32767,32767,32767,32767,32767,-64,32767
23953875,32767,32767,32767,32767,32767,32767,32767
23957869,32767,32767,32767,32767,32767,-40,32767
23961869,32767,32767,32767,32767,32767,32767,32767
23965886,32767,32767,32767,32767,-65,32767,32767
23969874,32767,32767,32767,32767,32767,-64,32767
23973875,32767,32767,32767,32767,32767,32767,32767
23977883,32767,32767,32767,32767,-72,-40,32767
23981869,32767,32767,32767,32767,32767,32767,32767
23985869,32767,32767,32767,32767,-57,32767,32767
23989892,32767,32767,32767,32767,32767,-71,32767
23993875,32767,32767,32767,32767,32767,32767,32767
23997878,32767,32767,32767,32767,32767,-40,32767
24001868,32767,32767,32767,32767,32767,32767,32767
24005869,32767,32767,32767,32767,32767,32767,32767
24009906,32767,32767,32767,32767,-69,-73,32767
24013875,32767,32767,32767,32767,32767,32767,32767
24017869,32767,32767,32767,32767,32767,-40,32767
24021868,32767,32767,32767,32767,-62,32767,32767
24025868,32767,32767,32767,32767,32767,-32,32767
24029912,32767,32767,32767,32767,32767,32767,32767
24033869,32767,32767,32767,32767,-70,32767,32767
24037869,32767,32767,32767,32767,32767,32767,32767
24041875,32767,32767,32767,32767,32767,32767,32767
24045869,32767,32767,32767,32767,32767,-40,32767
24049934,32767,32767,32767,32767,32767,32767,32767
24053868,32767,32767,32767,32767,-58,32767,32767
24057869,32767,32767,32767,32767,32767,-64,32767
24061875,32767,32767,32767,32767,32767,32767,32767
24065871,32767,32767,32767,32767,-68,-40,32767
24069868,32767,32767,32767,32767,32767,32767,32767
24073869,32767,32767,32767,32767,32767,32767,32767
24077869,32767,32767,32767,32767,-68,-63,32767
24081876,32767,32767,32767,32767,32767,32767,32767
24085869,32767,32767,32767,32767,32767,-40,32767
24089897,32767,32767,32767,32767,32767,32767,32767
24093879,32767,32767,32767,32767,32767,32767,32767
24097909,32767,32767,32767,32767,-49,-73,32767
24101875,32767,32767,32767,32767,32767,32767,32767
24105869,32767,32767,32767,32767,32767,-40,32767
24109869,32767,32767,32767,32767,-58,32767,32767
24113871,32767,32767,32767,32767,32767,32767,32767
24117913,32767,32767,32767,32767,32767,-73,32767
24121884,32767,32767,32767,32767,-68,32767,32767
24125870,32767,32767,32767,32767,32767,-40,32767
24129869,32767,32767,32767,32767,32767,32767,32767
24133908,32767,32767,32767,32767,32767,32767,32767
24137909,32767,32767,32767,32767,32767,-72,32767
24141874,32767,32767,32767,32767,32767,32767,32767
24145908,32767,32767,32767,32767,-72,-65,32767
24149875,32767,32767,32767,32767,32767,32767,32767
24153868,32767,32767,32767,32767,-58,-40,32767
24157911,32767,32767,32767,32767,32767,32767,32767
24161869,32767,32767,32767,32767,32767,32767,32767
24165868,32767,32767,32767,32767,-62,-64,32767
24169875,32767,32767,32767,32767,32767,32767,32767
24173869,32767,32767,32767,32767,32767,-40,32767
24177894,32767,32767,32767,32767,32767,32767,32767
24181868,32767,32767,32767,32767,32767,32767,32767
24185880,32767,32767,32767,32767,-58,-56,32767
24189875,32767,32767,32767,32767,32767,32767,32767
24193870,32767,32767,32767,32767,32767,-40,32767
24197878,32767,32767,32767,32767,-61,32767,32767
24201868,32767,32767,32767,32767,32767,32767,32767
24205869,32767,32767,32767,32767,32767,-71,32767
24209875,32767,32767,32767,32767,-71,32767,32767
24213869,32767,32767,32767,32767,32767,-40,32767
24217881,32767,32767,32767,32767,32767,32767,32767
24221868,32767,32767,32767,32767,32767,32767,32767
24225881,32767,32767,32767,32767,32767,-71,32767
24229869,32767,32767,32767,32767,-62,32767,32767
24233869,32767,32767,32767,32767,32767,32767,32767
24237884,32767,32767,32767,32767,-47,32767,32767
24241868,32767,32767,32767,32767,32767,-40,32767
24245869,32767,32767,32767,32767,32767,32767,32767
24249869,32767,32767,32767,32767,-58,32767,32767
24253868,32767,32767,32767,32767,32767,-64,32767
24257879,32767,32767,32767,32767,32767,32767,32767
24261869,32767,32767,32767,32767,32767,-40,32767
24265881,32767,32767,32767,32767,32767,32767,32767
24269868,32767,32767,32767,32767,32767,32767,32767
24273869,32767,32767,32767,32767,-68,-64,32767
24277888,32767,32767,32767,32767,32767,32767,32767
24281895,32767,32767,32767,32767,-47,-40,32767
24285881,32767,32767,32767,32767,32767,32767,32767
24289868,32767,32767,32767,32767,32767,32767,32767
24293869,32767,32767,32767,32767,-58,-72,32767
24297875,32767,32767,32767,32767,32767,32767,32767
24301878,32767,32767,32767,32767,32767,-40,32767
24305883,32767,32767,32767,32767,32767,32767,32767
24309869,32767,32767,32767,32767,32767,32767,32767
24313869,32767,32767,32767,32767,-48,-72,32767
24317875,32767,32767,32767,32767,32767,32767,32767
24321886,32767,32767,32767,32767,32767,-40,32767
24325884,32767,32767,32767,32767,-61,32767,32767
24329869,32767,32767,32767,32767,32767,-31,32767
24333879,32767,32767,32767,32767,32767,32767,32767
24337869,32767,32767,32767,32767,-73,32767,32767
24341904,32767,32767,32767,32767,32767,-65,32767
24345875,32767,32767,32767,32767,32767,32767,32767
24349869,32767,32767,32767,32767,32767,-40,32767
24353868,32767,32767,32767,32767,32767,32767,32767
24357869,32767,32767,32767,32767,-68,32767,32767
24361870,32767,32767,32767,32767,32767,-64,32767
24365884,32767,32767,32767,32767,-47,32767,32767
24369868,32767,32767,32767,32767,32767,-40,32767
24373879,32767,32767,32767,32767,32767,32767,32767
24377868,32767,32767,32767,32767,-58,32767,32767
24381897,32767,32767,32767,32767,32767,-56,32767
24385875,32767,32767,32767,32767,32767,32767,32767
24389869,32767,32767,32767,32767,32767,-40,32767
24393869,32767,32767,32767,32767,32767,32767,32767
24397869,32767,32767,32767,32767,32767,32767,32767
24401869,32767,32767,32767,32767,-70,-72,32767
24405884,32767,32767,32767,32767,32767,32767,32767
24409869,32767,32767,32767,32767,-56,-40,32767
24413879,32767,32767,32767,32767,32767,32767,32767
24417869,32767,32767,32767,32767,32767,32767,32767
24421884,32767,32767,32767,32767,-63,-72,32767
24425875,32767,32767,32767,32767,32767,32767,32767
24429893,32767,32767,32767,32767,32767,-40,32767
24433875,32767,32767,32767,32767,32767,32767,32767
24437869,32767,32767,32767,32767,32767,-40,32767
24441915,32767,32767,32767,32767,-59,32767,32767
24445869,32767,32767,32767,32767,32767,32767,32767
24449878,32767,32767,32767,32767,32767,-55,32767
24453901,32767,32767,32767,32767,-64,32767,32767
24461085,32767,32767,32767,32767,32767,32767,32767
24465868,32767,32767,32767,32767,-70,32767,32767
24469882,32767,32767,32767,32767,32767,-64,32767
24473896,32767,32767,32767,32767,32767,32767,32767
24477869,32767,32767,32767,32767,32767,-40,32767
24481905,32767,32767,32767,32767,32767,32767,32767
24485869,32767,32767,32767,32767,-66,-31,32767
24489878,32767,32767,32767,32767,32767,32767,32767
24493869,32767,32767,32767,32767,-47,32767,32767
24497869,32767,32767,32767,32767,32767,-48,32767
24501884,32767,32767,32767,32767,32767,32767,32767
24505869,32767,32767,32767,32767,-58,32767,32767
24509869,32767,32767,32767,32767,32767,-72,32767
24513869,32767,32767,32767,32767,32767,32767,32767
24517869,32767,32767,32767,32767,32767,-48,32767
24521879,32767,32767,32767,32767,32767,32767,32767
24525869,32767,32767,32767,32767,32767,-32,32767
24529883,32767,32767,32767,32767,-66,32767,32767
24533882,32767,32767,32767,32767,32767,32767,32767
24537869,32767,32767,32767,32767,32767,-48,32767
24541875,32767,32767,32767,32767,-68,32767,32767
24545869,32767,32767,32767,32767,32767,-40,32767
24549872,32767,32767,32767,32767,32767,32767,32767
24553880,32767,32767,32767,32767,-71,32767,32767
24557869,32767,32767,32767,32767,32767,-48,32767
24561876,32767,32767,32767,32767,32767,32767,32767
24565869,32767,32767,32767,32767,32767,-40,32767
24569089,32767,32767,32767,32767,32767,32767,32767
24573075,32767,32767,32767,32767,-44,32767,32767
24577068,32767,32767,32767,32767,32767,-40,32767
24581071,32767,32767,32767,32767,32767,32767,32767
24585071,32767,32767,32767,32767,-60,32767,32767
24589096,32767,32767,32767,32767,32767,-72,32767
24593072,32767,32767,32767,32767,32767,32767,32767
24597076,32767,32767,32767,32767,-51,-64,32767
24601095,32767,32767,32767,32767,32767,32767,32767
24605070,32767,32767,32767,32767,32767,-40,32767
24609081,32767,32767,32767,32767,32767,32767,32767
24613069,32767,32767,32767,32767,32767,32767,32767
24617090,32767,32767,32767,32767,-37,-64,32767
24621093,32767,32767,32767,32767,32767,32767,32767
24625073,32767,32767,32767,32767,32767,-40,32767
24629085,32767,32767,32767,32767,-50,32767,32767
24633069,32767,32767,32767,32767,32767,32767,32767
24637088,32767,32767,32767,32767,32767,-64,32767
24641090,32767,32767,32767,32767,-60,32767,32767
24645069,32767,32767,32767,32767,32767,-40,32767
24649081,32767,32767,32767,32767,32767,32767,32767
24653070,32767,32767,32767,32767,32767,32767,32767
24657089,32767,32767,32767,32767,32767,-72,32767
24661084,32767,32767,32767,32767,-34,32767,32767
24665069,32767,32767,32767,32767,32767,-40,32767
24669095,32767,32767,32767,32767,32767,32767,32767
24673069,32767,32767,32767,32767,-50,32767,32767
24677075,32767,32767,32767,32767,32767,-72,32767
24681074,32767,32767,32767,32767,32767,32767,32767
24685073,32767,32767,32767,32767,-60,-56,32767
24689075,32767,32767,32767,32767,32767,32767,32767
24693068,32767,32767,32767,32767,32767,-40,32767
24697090,32767,32767,32767,32767,32767,32767,32767
24701069,32767,32767,32767,32767,32767,32767,32767
24705110,32767,32767,32767,32767,-50,-65,32767
24709075,32767,32767,32767,32767,32767,32767,32767
24713069,32767,32767,32767,32767,32767,-40,32767
24717069,32767,32767,32767,32767,-60,32767,32767
24721069,32767,32767,32767,32767,32767,32767,32767
24725082,32767,32767,32767,32767,-34,-64,32767
24729076,32767,32767,32767,32767,32767,32767,32767
24733071,32767,32767,32767,32767,32767,-40,32767
24737109,32767,32767,32767,32767,32767,32767,32767
24741069,32767,32767,32767,32767,32767,32767,32767
24745079,32767,32767,32767,32767,32767,-72,32767
24749077,32767,32767,32767,32767,-66,32767,32767
24753083,32767,32767,32767,32767,32767,-40,32767
24757099,32767,32767,32767,32767,-34,32767,32767
24761069,32767,32767,32767,32767,32767,32767,32767
24765073,32767,32767,32767,32767,32767,-72,32767
24769077,32767,32767,32767,32767,-59,32767,32767
24773069,32767,32767,32767,32767,32767,-40,32767
24777117,32767,32767,32767,32767,32767,32767,32767
24781070,32767,32767,32767,32767,32767,32767,32767
24785084,32767,32767,32767,32767,32767,-72,32767
24789110,32767,32767,32767,32767,-49,32767,32767
24793068,32767,32767,32767,32767,32767,-64,32767
24797075,32767,32767,32767,32767,32767,32767,32767
24801069,32767,32767,32767,32767,-60,-40,32767
24805069,32767,32767,32767,32767,32767,32767,32767
24809069,32767,32767,32767,32767,-37,32767,32767
24813071,32767,32767,32767,32767,32767,-64,32767
24817106,32767,32767,32767,32767,32767,32767,32767
24821075,32767,32767,32767,32767,32767,-40,32767
24825070,32767,32767,32767,32767,32767,32767,32767
24829069,32767,32767,32767,32767,32767,32767,32767
24833069,32767,32767,32767,32767,-70,-56,32767
24837085,32767,32767,32767,32767,32767,32767,32767
24841072,32767,32767,32767,32767,-36,-40,32767
24845069,32767,32767,32767,32767,32767,32767,32767
24849069,32767,32767,32767,32767,32767,32767,32767
24853079,32767,32767,32767,32767,-59,-72,32767
24857079,32767,32767,32767,32767,32767,32767,32767
24861071,32767,32767,32767,32767,32767,-40,32767
24865069,32767,32767,32767,32767,32767,32767,32767
24869069,32767,32767,32767,32767,32767,-32,32767
24873108,32767,32767,32767,32767,-50,32767,32767
24877084,32767,32767,32767,32767,32767,32767,32767
24881069,32767,32767,32767,32767,32767,-40,32767
24885075,32767,32767,32767,32767,-57,32767,32767
24889069,32767,32767,32767,32767,32767,-40,32767
24893088,32767,32767,32767,32767,32767,32767,32767
24897069,32767,32767,32767,32767,-68,32767,32767
24901072,32767,32767,32767,32767,32767,-64,32767
24905093,32767,32767,32767,32767,32767,32767,32767
24909070,32767,32767,32767,32767,32767,-40,32767
24913072,32767,32767,32767,32767,32767,32767,32767
24917069,32767,32767,32767,32767,-48,32767,32767
24921069,32767,32767,32767,32767,32767,-64,32767
24925077,32767,32767,32767,32767,32767,32767,32767
24929069,32767,32767,32767,32767,-59,-40,32767
24933081,32767,32767,32767,32767,32767,32767,32767
24937078,32767,32767,32767,32767,32767,32767,32767
24941094,32767,32767,32767,32767,-62,-56,32767
24945091,32767,32767,32767,32767,32767,32767,32767
24949070,32767,32767,32767,32767,32767,-40,32767
24953071,32767,32767,32767,32767,32767,32767,32767
24957078,32767,32767,32767,32767,32767,32767,32767
24961069,32767,32767,32767,32767,-49,-72,32767
24965103,32767,32767,32767,32767,32767,32767,32767
24969071,32767,32767,32767,32767,32767,-40,32767
24973081,32767,32767,32767,32767,-59,32767,32767
24977081,32767,32767,32767,32767,32767,32767,32767
24981069,32767,32767,32767,32767,32767,-71,32767
24985069,32767,32767,32767,32767,-70,32767,32767
24989079,32767,32767,32767,32767,32767,32767,32767
24993075,32767,32767,32767,32767,32767,32767,32767
24997069,32767,32767,32767,32767,32767,-40,32767
25001068,32767,32767,32767,32767,32767,32767,32767
25005069,32767,32767,32767,32767,-48,32767,32767
25009069,32767,32767,32767,32767,32767,-64,32767
25013113,32767,32767,32767,32767,32767,32767,32767
25017068,32767,32767,32767,32767,-60,-39,32767
25021100,32767,32767,32767,32767,32767,32767,32767
25025077,32767,32767,32767,32767,32767,32767,32767
25029069,32767,32767,32767,32767,-55,-64,32767
25033131,32767,32767,32767,32767,32767,32767,32767
25037074,32767,32767,32767,32767,32767,-39,32767
25041097,32767,32767,32767,32767,32767,32767,32767
25045069,32767,32767,32767,32767,32767,32767,32767
25049069,32767,32767,32767,32767,-36,-71,32767
25053086,32767,32767,32767,32767,32767,32767,32767
25057069,32767,32767,32767,32767,32767,-40,32767
25061072,32767,32767,32767,32767,-58,32767,32767
25065072,32767,32767,32767,32767,32767,32767,32767
25069069,32767,32767,32767,32767,32767,-72,32767
25073074,32767,32767,32767,32767,-68,32767,32767
25077073,32767,32767,32767,32767,32767,-40,32767
25081082,32767,32767,32767,32767,32767,32767,32767
25085077,32767,32767,32767,32767,32767,32767,32767
25089070,32767,32767,32767,32767,32767,-72,32767
25093094,32767,32767,32767,32767,-60,32767,32767
25097068,32767,32767,32767,32767,32767,-64,32767
25101091,32767,32767,32767,32767,32767,32767,32767
25105083,32767,32767,32767,32767,-70,-40,32767
25109071,32767,32767,32767,32767,32767,32767,32767
25113071,32767,32767,32767,32767,-37,32767,32767
25117071,32767,32767,32767,32767,32767,-64,32767
25121072,32767,32767,32767,32767,32767,32767,32767
25125069,32767,32767,32767,32767,32767,32767,32767
25129069,32767,32767,32767,32767,32767,32767,32767
25133069,32767,32767,32767,32767,32767,32767,32767
25137068,32767,32767,32767,32767,-60,-64,32767
25141085,32767,32767,32767,32767,32767,32767,32767
25145078,32767,32767,32767,32767,32767,-40,32767
25149084,32767,32767,32767,32767,-65,32767,32767
25153071,32767,32767,32767,32767,32767,32767,32767
25157069,32767,32767,32767,32767,-36,-72,32767
25161079,32767,32767,32767,32767,32767,32767,32767
25165072,32767,32767,32767,32767,32767,-40,32767
25169069,32767,32767,32767,32767,32767,32767,32767
25173070,32767,32767,32767,32767,32767,32767,32767
25177069,32767,32767,32767,32767,32767,-72,32767
25181085,32767,32767,32767,32767,-60,32767,32767
25185070,32767,32767,32767,32767,32767,-40,32767
25189113,32767,32767,32767,32767,32767,32767,32767
25193069,32767,32767,32767,32767,-70,-39,32767
25197080,32767,32767,32767,32767,32767,32767,32767
25201068,32767,32767,32767,32767,-37,32767,32767
25205069,32767,32767,32767,32767,32767,-64,32767
25209079,32767,32767,32767,32767,32767,32767,32767
25213071,32767,32767,32767,32767,32767,-40,32767
25217069,32767,32767,32767,32767,32767,32767,32767
25221083,32767,32767,32767,32767,32767,32767,32767
25225074,32767,32767,32767,32767,-60,-64,32767
25229093,32767,32767,32767,32767,32767,32767,32767
25233069,32767,32767,32767,32767,32767,-40,32767
25237069,32767,32767,32767,32767,-68,32767,32767
25241095,32767,32767,32767,32767,32767,32767,32767
25245069,32767,32767,32767,32767,-36,-71,32767
25249085,32767,32767,32767,32767,32767,32767,32767
25253069,32767,32767,32767,32767,32767,-40,32767
25257073,32767,32767,32767,32767,32767,32767,32767
25261069,32767,32767,32767,32767,32767,32767,32767
25264287,32767,32767,32767,32767,32767,-64,32767
25268294,32767,32767,32767,32767,-47,32767,32767
25272269,32767,32767,32767,32767,32767,-40,32767
25275512,32767,32767,32767,32767,32767,32767,32767
25280269,32767,32767,32767,32767,-62,32767,32767
25284287,32767,32767,32767,32767,32767,-64,32767
25288285,32767,32767,32767,32767,32767,32767,32767
25292269,32767,32767,32767,32767,-59,-40,32767
25295511,32767,32767,32767,32767,32767,32767,32767
25300268,32767,32767,32767,32767,32767,32767,32767
25304287,32767,32767,32767,32767,32767,-72,32767
25308315,32767,32767,32767,32767,32767,32767,32767
25312269,32767,32767,32767,32767,-52,-39,32767
25315498,32767,32767,32767,32767,32767,32767,32767
25320270,32767,32767,32767,32767,32767,32767,32767
25324290,32767,32767,32767,32767,-62,-72,32767
25327515,32767,32767,32767,32767,32767,32767,32767
25332269,32767,32767,32767,32767,32767,-47,32767
25335516,32767,32767,32767,32767,-70,32767,32767
25340276,32767,32767,32767,32767,32767,32767,32767
25344294,32767,32767,32767,32767,32767,-72,32767
25348269,32767,32767,32767,32767,32767,32767,32767
25352268,32767,32767,32767,32767,32767,-64,32767
25356302,32767,32767,32767,32767,-68,32767,32767
25360301,32767,32767,32767,32767,32767,-41,32767
25365069,32767,32767,32767,32767,-50,32767,32767
25369081,32767,32767,32767,32767,32767,-32,32767
25373069,32767,32767,32767,32767,32767,32767,32767
25376290,32767,32767,32767,32767,-62,32767,32767
25380289,32767,32767,32767,32767,32767,-40,32767
25384283,32767,32767,32767,32767,32767,32767,32767
25388268,32767,32767,32767,32767,32767,32767,32767
25392269,32767,32767,32767,32767,32767,-64,32767
25396305,32767,32767,32767,32767,-52,32767,32767
25400291,32767,32767,32767,32767,32767,-40,32767
25404270,32767,32767,32767,32767,32767,32767,32767
25408269,32767,32767,32767,32767,-62,32767,32767
25412268,32767,32767,32767,32767,32767,-72,32767
25416319,32767,32767,32767,32767,-43,32767,32767
25420281,32767,32767,32767,32767,32767,-39,32767
25424278,32767,32767,32767,32767,32767,32767,32767
25428268,32767,32767,32767,32767,32767,32767,32767
25432269,32767,32767,32767,32767,32767,-72,32767
25436290,32767,32767,32767,32767,32767,32767,32767
25440269,32767,32767,32767,32767,-71,-56,32767
25444284,32767,32767,32767,32767,32767,32767,32767
25448269,32767,32767,32767,32767,-42,-40,32767
25452269,32767,32767,32767,32767,32767,32767,32767
25456269,32767,32767,32767,32767,32767,32767,32767
25460269,32767,32767,32767,32767,-61,-64,32767
25464287,32767,32767,32767,32767,32767,32767,32767
25468279,32767,32767,32767,32767,32767,-40,32767
25472269,32767,32767,32767,32767,32767,32767,32767
25476269,32767,32767,32767,32767,32767,32767,32767
25480269,32767,32767,32767,32767,-52,-64,32767
25484317,32767,32767,32767,32767,32767,32767,32767
25488269,32767,32767,32767,32767,32767,-39,32767
25492269,32767,32767,32767,32767,-62,32767,32767
25496268,32767,32767,32767,32767,32767,-32,32767
25500268,32767,32767,32767,32767,-42,32767,32767
25504276,32767,32767,32767,32767,32767,32767,32767
25508271,32767,32767,32767,32767,32767,-40,32767
25512269,32767,32767,32767,32767,32767,32767,32767
25516271,32767,32767,32767,32767,32767,32767,32767
25520269,32767,32767,32767,32767,32767,-72,32767
25524292,32767,32767,32767,32767,-58,32767,32767
25528315,32767,32767,32767,32767,32767,-41,32767
25532269,32767,32767,32767,32767,32767,32767,32767
25536269,32767,32767,32767,32767,-69,32767,32767
25540269,32767,32767,32767,32767,32767,-72,32767
25544296,32767,32767,32767,32767,-51,32767,32767
25548278,32767,32767,32767,32767,32767,-64,32767
25552298,32767,32767,32767,32767,32767,32767,32767
25556268,32767,32767,32767,32767,32767,-40,32767
25560269,32767,32767,32767,32767,32767,32767,32767
25564313,32767,32767,32767,32767,-42,32767,32767
25568269,32767,32767,32767,32767,32767,-64,32767
25572282,32767,32767,32767,32767,32767,32767,32767
25576269,32767,32767,32767,32767,-52,-40,32767
25580269,32767,32767,32767,32767,32767,32767,32767
25584327,32767,32767,32767,32767,32767,32767,32767
25588268,32767,32767,32767,32767,-60,-64,32767
25592280,32767,32767,32767,32767,32767,32767,32767
25596269,32767,32767,32767,32767,32767,-40,32767
25600269,32767,32767,32767,32767,32767,32767,32767
25604290,32767,32767,32767,32767,32767,32767,32767
25608269,32767,32767,32767,32767,-51,-72,32767
25612278,32767,32767,32767,32767,32767,32767,32767
25616269,32767,32767,32767,32767,32767,-40,32767
25620270,32767,32767,32767,32767,-59,32767,32767
25624281,32767,32767,32767,32767,32767,-32,32767
25628269,32767,32767,32767,32767,-36,32767,32767
25632317,32767,32767,32767,32767,32767,32767,32767
25636268,32767,32767,32767,32767,32767,-39,32767
25640275,32767,32767,32767,32767,32767,32767,32767
25644280,32767,32767,32767,32767,32767,-40,32767
25648268,32767,32767,32767,32767,32767,32767,32767
25652283,32767,32767,32767,32767,-66,32767,32767
25656268,32767,32767,32767,32767,32767,-64,32767
25660279,32767,32767,32767,32767,-42,32767,32767
25664282,32767,32767,32767,32767,32767,-40,32767
25668269,32767,32767,32767,32767,32767,32767,32767
25672284,32767,32767,32767,32767,-61,32767,32767
25676288,32767,32767,32767,32767,32767,-64,32767
25680277,32767,32767,32767,32767,32767,32767,32767
25684289,32767,32767,32767,32767,32767,-40,32767
25688269,32767,32767,32767,32767,32767,32767,32767
25692305,32767,32767,32767,32767,-53,32767,32767
25696281,32767,32767,32767,32767,32767,-72,32767
25700275,32767,32767,32767,32767,32767,32767,32767
25704288,32767,32767,32767,32767,-62,-40,32767
25708268,32767,32767,32767,32767,32767,32767,32767
25712271,32767,32767,32767,32767,-42,32767,32767
25716281,32767,32767,32767,32767,32767,-72,32767
25720276,32767,32767,32767,32767,32767,32767,32767
25724280,32767,32767,32767,32767,32767,-40,32767
25728269,32767,32767,32767,32767,32767,32767,32767
25732304,32767,32767,32767,32767,32767,32767,32767
25736269,32767,32767,32767,32767,-70,-72,32767
25740287,32767,32767,32767,32767,32767,32767,32767
25744279,32767,32767,32767,32767,-42,32767,32767
25748275,32767,32767,32767,32767,32767,32767,32767
25752269,32767,32767,32767,32767,32767,-40,32767
25756269,32767,32767,32767,32767,-62,32767,32767
25760278,32767,32767,32767,32767,32767,32767,32767
25764288,32767,32767,32767,32767,32767,-64,32767
25768276,32767,32767,32767,32767,32767,32767,32767
25772269,32767,32767,32767,32767,32767,-40,32767
25776269,32767,32767,32767,32767,-52,32767,32767
25780271,32767,32767,32767,32767,32767,32767,32767
25784286,32767,32767,32767,32767,32767,-64,32767
25788277,32767,32767,32767,32767,-63,32767,32767
25792269,32767,32767,32767,32767,32767,-40,32767
25796269,32767,32767,32767,32767,-52,32767,32767
25800307,32767,32767,32767,32767,32767,32767,32767
25804288,32767,32767,32767,32767,32767,-72,32767
25808275,32767,32767,32767,32767,32767,32767,32767
25812268,32767,32767,32767,32767,32767,-40,32767
25816269,32767,32767,32767,32767,-42,32767,32767
25820288,32767,32767,32767,32767,32767,32767,32767
25824287,32767,32767,32767,32767,32767,-72,32767
25828281,32767,32767,32767,32767,-52,32767,32767
25832269,32767,32767,32767,32767,32767,-40,32767
25836269,32767,32767,32767,32767,32767,32767,32767
25840277,32767,32767,32767,32767,-70,32767,32767
25844274,32767,32767,32767,32767,32767,-72,32767
25848269,32767,32767,32767,32767,32767,32767,32767
25852269,32767,32767,32767,32767,32767,-64,32767
25856275,32767,32767,32767,32767,32767,32767,32767
25860293,32767,32767,32767,32767,-61,-40,32767
25864275,32767,32767,32767,32767,32767,32767,32767
25868269,32767,32767,32767,32767,32767,32767,32767
25872269,32767,32767,32767,32767,-70,-64,32767
25876275,32767,32767,32767,32767,32767,32767,32767
25880294,32767,32767,32767,32767,-52,-40,32767
25884282,32767,32767,32767,32767,32767,32767,32767
25888285,32767,32767,32767,32767,32767,32767,32767
25892269,32767,32767,32767,32767,32767,-56,32767
25896287,32767,32767,32767,32767,32767,32767,32767
25900269,32767,32767,32767,32767,-41,-40,32767
25904308,32767,32767,32767,32767,32767,32767,32767
25908276,32767,32767,32767,32767,32767,32767,32767
25912268,32767,32767,32767,32767,-52,-72,32767
25916275,32767,32767,32767,32767,32767,32767,32767
25920268,32767,32767,32767,32767,32767,-40,32767
25924299,32767,32767,32767,32767,-68,32767,32767
25928319,32767,32767,32767,32767,32767,32767,32767
25932269,32767,32767,32767,32767,32767,-72,32767
25936269,32767,32767,32767,32767,32767,32767,32767
25940269,32767,32767,32767,32767,32767,32767,32767
25944293,32767,32767,32767,32767,-52,32767,32767
25948297,32767,32767,32767,32767,32767,-40,32767
25952269,32767,32767,32767,32767,32767,32767,32767
25956277,32767,32767,32767,32767,-62,32767,32767
25960269,32767,32767,32767,32767,32767,-64,32767
25964293,32767,32767,32767,32767,32767,32767,32767
25968270,32767,32767,32767,32767,-71,-40,32767
25972268,32767,32767,32767,32767,32767,32767,32767
25976294,32767,32767,32767,32767,32767,32767,32767
25980269,32767,32767,32767,32767,32767,-64,32767
25984299,32767,32767,32767,32767,32767,32767,32767
25988273,32767,32767,32767,32767,-52,-40,32767
25992269,32767,32767,32767,32767,32767,32767,32767
25996271,32767,32767,32767,32767,32767,32767,32767
26000281,32767,32767,32767,32767,-62,-72,32767
26004293,32767,32767,32767,32767,32767,32767,32767
26008290,32767,32767,32767,32767,32767,-40,32767
26012284,32767,32767,32767,32767,-62,32767,32767
26016280,32767,32767,32767,32767,32767,32767,32767
26020269,32767,32767,32767,32767,32767,-72,32767
26024293,32767,32767,32767,32767,32767,32767,32767
26028284,32767,32767,32767,32767,32767,-40,32767
26032270,32767,32767,32767,32767,-42,32767,32767
26036272,32767,32767,32767,32767,32767,32767,32767
26040269,32767,32767,32767,32767,32767,-72,32767
26044287,32767,32767,32767,32767,-52,32767,32767
26048269,32767,32767,32767,32767,32767,-64,32767
26052287,32767,32767,32767,32767,32767,32767,32767
26056297,32767,32767,32767,32767,-62,-40,32767
26060269,32767,32767,32767,32767,32767,32767,32767
26064290,32767,32767,32767,32767,32767,32767,32767
26068269,32767,32767,32767,32767,32767,-64,32767
26072275,32767,32767,32767,32767,32767,32767,32767
26076272,32767,32767,32767,32767,32767,-40,32767
26080268,32767,32767,32767,32767,-71,32767,32767
26084270,32767,32767,32767,32767,32767,32767,32767
26088269,32767,32767,32767,32767,-52,-64,32767
26092275,32767,32767,32767,32767,32767,32767,32767
26096326,32767,32767,32767,32767,32767,-41,32767
26100269,32767,32767,32767,32767,-62,32767,32767
26104284,32767,32767,32767,32767,32767,32767,32767
26108269,32767,32767,32767,32767,32767,-72,32767
26112269,32767,32767,32767,32767,32767,32767,32767
26116307,32767,32767,32767,32767,32767,-49,32767
26120269,32767,32767,32767,32767,-52,32767,32767
26124309,32767,32767,32767,32767,32767,32767,32767
26128269,32767,32767,32767,32767,32767,-72,32767
26132277,32767,32767,32767,32767,-49,32767,32767
26136321,32767,32767,32767,32767,32767,-41,32767
26140269,32767,32767,32767,32767,32767,32767,32767
26143509,32767,32767,32767,32767,-55,32767,32767
26147469,32767,32767,32767,32767,32767,-64,32767
26151475,32767,32767,32767,32767,32767,32767,32767
26155469,32767,32767,32767,32767,32767,-40,32767
26159469,32767,32767,32767,32767,32767,32767,32767
26163498,32767,32767,32767,32767,32767,-32,32767
26167468,32767,32767,32767,32767,-67,32767,32767
26171469,32767,32767,32767,32767,32767,32767,32767
26175469,32767,32767,32767,32767,-54,-55,32767
26179469,32767,32767,32767,32767,32767,32767,32767
26183497,32767,32767,32767,32767,32767,32767,32767
26187468,32767,32767,32767,32767,-63,-72,32767
26191469,32767,32767,32767,32767,32767,32767,32767
26195469,32767,32767,32767,32767,32767,-55,32767
26199475,32767,32767,32767,32767,32767,32767,32767
26203482,32767,32767,32767,32767,32767,-40,32767
26207469,32767,32767,32767,32767,-54,32767,32767
26211469,32767,32767,32767,32767,32767,32767,32767
26215469,32767,32767,32767,32767,32767,-64,32767
26219475,32767,32767,32767,32767,-68,32767,32767
26223506,32767,32767,32767,32767,32767,-41,32767
26227468,32767,32767,32767,32767,-44,32767,32767
26230705,32767,32767,32767,32767,32767,32767,32767
26235469,32767,32767,32767,32767,32767,-64,32767
26239476,32767,32767,32767,32767,32767,32767,32767
26243469,32767,32767,32767,32767,32767,-40,32767
26247471,32767,32767,32767,32767,32767,32767,32767
26250715,32767,32767,32767,32767,-56,32767,32767
26255468,32767,32767,32767,32767,32767,-72,32767
26259475,32767,32767,32767,32767,32767,32767,32767
26263471,32767,32767,32767,32767,-67,-40,32767
26267511,32767,32767,32767,32767,32767,32767,32767
26271508,32767,32767,32767,32767,-45,32767,32767
26275469,32767,32767,32767,32767,32767,-72,32767
26279475,32767,32767,32767,32767,32767,32767,32767
26283469,32767,32767,32767,32767,32767,-40,32767
26287468,32767,32767,32767,32767,32767,32767,32767
26291481,32767,32767,32767,32767,32767,32767,32767
26295469,32767,32767,32767,32767,-63,-72,32767
26299472,32767,32767,32767,32767,32767,32767,32767
26303469,32767,32767,32767,32767,32767,-64,32767
26307475,32767,32767,32767,32767,-69,32767,32767
26311483,32767,32767,32767,32767,32767,-40,32767
26315469,32767,32767,32767,32767,-44,32767,32767
26319490,32767,32767,32767,32767,32767,32767,32767
26323468,32767,32767,32767,32767,32767,-64,32767
26327490,32767,32767,32767,32767,32767,32767,32767
26331507,32767,32767,32767,32767,32767,-41,32767
26335469,32767,32767,32767,32767,32767,32767,32767
26339469,32767,32767,32767,32767,-64,32767,32767
26343468,32767,32767,32767,32767,32767,-64,32767
26347475,32767,32767,32767,32767,32767,32767,32767
26351515,32767,32767,32767,32767,-69,-41,32767
26355468,32767,32767,32767,32767,32767,32767,32767
26359469,32767,32767,32767,32767,-44,32767,32767
26363468,32767,32767,32767,32767,32767,-72,32767
26367475,32767,32767,32767,32767,32767,32767,32767
26371468,32767,32767,32767,32767,32767,-40,32767
26375469,32767,32767,32767,32767,32767,32767,32767
26379482,32767,32767,32767,32767,32767,32767,32767
26383469,32767,32767,32767,32767,-63,-72,32767
26387476,32767,32767,32767,32767,32767,32767,32767
26391469,32767,32767,32767,32767,32767,-56,32767
26395475,32767,32767,32767,32767,-62,32767,32767
26399469,32767,32767,32767,32767,32767,-40,32767
26403469,32767,32767,32767,32767,32767,32767,32767
26407469,32767,32767,32767,32767,-72,32767,32767
26411469,32767,32767,32767,32767,32767,-64,32767
26415485,32767,32767,32767,32767,32767,32767,32767
26419482,32767,32767,32767,32767,32767,-40,32767
26423468,32767,32767,32767,32767,32767,32767,32767
26427468,32767,32767,32767,32767,-53,32767,32767
26431469,32767,32767,32767,32767,32767,-64,32767
26435484,32767,32767,32767,32767,32767,32767,32767
26439468,32767,32767,32767,32767,-63,-40,32767
26443468,32767,32767,32767,32767,32767,32767,32767
26447469,32767,32767,32767,32767,-44,32767,32767
26451469,32767,32767,32767,32767,32767,-72,32767
26455475,32767,32767,32767,32767,32767,32767,32767
26459494,32767,32767,32767,32767,32767,-40,32767
26463469,32767,32767,32767,32767,32767,32767,32767
26467469,32767,32767,32767,32767,32767,-32,32767
26471469,32767,32767,32767,32767,-67,32767,32767
26475475,32767,32767,32767,32767,32767,32767,32767
26479468,32767,32767,32767,32767,-44,-40,32767
26483469,32767,32767,32767,32767,32767,32767,32767
26487469,32767,32767,32767,32767,32767,32767,32767
26491469,32767,32767,32767,32767,-62,-72,32767
26495490,32767,32767,32767,32767,32767,32767,32767
26499521,32767,32767,32767,32767,32767,-65,32767
26503534,32767,32767,32767,32767,32767,32767,32767
26507488,32767,32767,32767,32767,32767,-39,32767
26511469,32767,32767,32767,32767,-54,32767,32767
26515471,32767,32767,32767,32767,32767,32767,32767
26519477,32767,32767,32767,32767,32767,-64,32767
26523475,32767,32767,32767,32767,-60,32767,32767
26527482,32767,32767,32767,32767,32767,-40,32767
26531469,32767,32767,32767,32767,32767,32767,32767
26535469,32767,32767,32767,32767,-70,32767,32767
26539486,32767,32767,32767,32767,32767,-64,32767
26543475,32767,32767,32767,32767,32767,32767,32767
26547483,32767,32767,32767,32767,32767,-40,32767
26551469,32767,32767,32767,32767,32767,32767,32767
26555468,32767,32767,32767,32767,-54,32767,32767
26559470,32767,32767,32767,32767,32767,-72,32767
26563475,32767,32767,32767,32767,32767,32767,32767
26567471,32767,32767,32767,32767,-63,-40,32767
26571469,32767,32767,32767,32767,32767,32767,32767
26575469,32767,32767,32767,32767,32767,32767,32767
26579471,32767,32767,32767,32767,-68,-72,32767
26583488,32767,32767,32767,32767,32767,32767,32767
26587483,32767,32767,32767,32767,32767,-40,32767
26591468,32767,32767,32767,32767,32767,32767,32767
26595468,32767,32767,32767,32767,32767,32767,32767
26599469,32767,32767,32767,32767,-54,-72,32767
26603469,32767,32767,32767,32767,32767,32767,32767
26607519,32767,32767,32767,32767,32767,-65,32767
26611475,32767,32767,32767,32767,-61,32767,32767
26615469,32767,32767,32767,32767,32767,-40,32767
26619469,32767,32767,32767,32767,32767,32767,32767
26623482,32767,32767,32767,32767,-72,32767,32767
26627495,32767,32767,32767,32767,32767,-63,32767
26631475,32767,32767,32767,32767,32767,32767,32767
26635469,32767,32767,32767,32767,32767,-40,32767
26639468,32767,32767,32767,32767,32767,32767,32767
26643469,32767,32767,32767,32767,-54,32767,32767
26647489,32767,32767,32767,32767,32767,-56,32767
26651475,32767,32767,32767,32767,32767,32767,32767
26655498,32767,32767,32767,32767,-63,-40,32767
26659470,32767,32767,32767,32767,32767,32767,32767
26663469,32767,32767,32767,32767,32767,32767,32767
26667477,32767,32767,32767,32767,-58,-72,32767
26671475,32767,32767,32767,32767,32767,32767,32767
26675469,32767,32767,32767,32767,32767,-40,32767
26679468,32767,32767,32767,32767,32767,32767,32767
26683469,32767,32767,32767,32767,32767,-32,32767
26687468,32767,32767,32767,32767,-44,32767,32767
26691469,32767,32767,32767,32767,32767,32767,32767
26695479,32767,32767,32767,32767,32767,32767,32767
26699475,32767,32767,32767,32767,-53,32767,32767
26703483,32767,32767,32767,32767,32767,-40,32767
26707477,32767,32767,32767,32767,32767,32767,32767
26711469,32767,32767,32767,32767,-63,32767,32767
26715472,32767,32767,32767,32767,32767,-64,32767
26719475,32767,32767,32767,32767,32767,32767,32767
26723468,32767,32767,32767,32767,32767,-40,32767
26727468,32767,32767,32767,32767,32767,32767,32767
26731469,32767,32767,32767,32767,-54,32767,32767
26735479,32767,32767,32767,32767,32767,-64,32767
26739476,32767,32767,32767,32767,32767,32767,32767
26743482,32767,32767,32767,32767,-70,-40,32767
26747469,32767,32767,32767,32767,32767,32767,32767
26751478,32767,32767,32767,32767,-44,32767,32767
26755468,32767,32767,32767,32767,32767,-72,32767
26759475,32767,32767,32767,32767,32767,32767,32767
26763469,32767,32767,32767,32767,32767,-40,32767
26767469,32767,32767,32767,32767,32767,32767,32767
26771488,32767,32767,32767,32767,32767,32767,32767
26775489,32767,32767,32767,32767,-73,-72,32767
26779475,32767,32767,32767,32767,32767,32767,32767
26783469,32767,32767,32767,32767,-54,-40,32767
26787488,32767,32767,32767,32767,32767,32767,32767
26791481,32767,32767,32767,32767,32767,-32,32767
26795494,32767,32767,32767,32767,-59,32767,32767
26799468,32767,32767,32767,32767,32767,32767,32767
26803479,32767,32767,32767,32767,32767,-64,32767
26807475,32767,32767,32767,32767,32767,32767,32767
26811469,32767,32767,32767,32767,32767,-40,32767
26815469,32767,32767,32767,32767,-54,32767,32767
26819469,32767,32767,32767,32767,32767,32767,32767
26823508,32767,32767,32767,32767,32767,-65,32767
26827476,32767,32767,32767,32767,-61,32767,32767
26831469,32767,32767,32767,32767,32767,-40,32767
26835473,32767,32767,32767,32767,32767,32767,32767
26839471,32767,32767,32767,32767,-71,32767,32767
26843496,32767,32767,32767,32767,32767,-64,32767
26847475,32767,32767,32767,32767,32767,32767,32767
26851514,32767,32767,32767,32767,32767,-41,32767
26855488,32767,32767,32767,32767,32767,32767,32767
26859471,32767,32767,32767,32767,-64,-32,32767
26863475,32767,32767,32767,32767,32767,32767,32767
26867475,32767,32767,32767,32767,-43,32767,32767
26871476,32767,32767,32767,32767,32767,-40,32767
26875485,32767,32767,32767,32767,32767,32767,32767
26879469,32767,32767,32767,32767,-54,32767,32767
26883481,32767,32767,32767,32767,32767,-71,32767
26887477,32767,32767,32767,32767,32767,32767,32767
26891494,32767,32767,32767,32767,32767,-40,32767
26895488,32767,32767,32767,32767,32767,32767,32767
26899468,32767,32767,32767,32767,32767,32767,32767
26903492,32767,32767,32767,32767,-70,-72,32767
26907468,32767,32767,32767,32767,32767,32767,32767
26911469,32767,32767,32767,32767,-44,-64,32767
26915475,32767,32767,32767,32767,32767,32767,32767
26919473,32767,32767,32767,32767,32767,-40,32767
26923482,32767,32767,32767,32767,-54,32767,32767
26927471,32767,32767,32767,32767,32767,32767,32767
26931483,32767,32767,32767,32767,32767,-64,32767
26935475,32767,32767,32767,32767,32767,32767,32767
26939485,32767,32767,32767,32767,32767,-40,32767
26943469,32767,32767,32767,32767,32767,32767,32767
26947469,32767,32767,32767,32767,-63,32767,32767
26951475,32767,32767,32767,32767,32767,-56,32767
26955476,32767,32767,32767,32767,32767,32767,32767
26959469,32767,32767,32767,32767,-71,-40,32767
26963468,32767,32767,32767,32767,32767,32767,32767
26967470,32767,32767,32767,32767,-44,32767,32767
26971492,32767,32767,32767,32767,32767,-72,32767
26975469,32767,32767,32767,32767,32767,32767,32767
26979492,32767,32767,32767,32767,32767,-48,32767
26983469,32767,32767,32767,32767,32767,32767,32767
26987470,32767,32767,32767,32767,32767,32767,32767
26991488,32767,32767,32767,32767,-64,-71,32767
26995469,32767,32767,32767,32767,32767,32767,32767
26999469,32767,32767,32767,32767,32767,-48,32767
27003478,32767,32767,32767,32767,-69,32767,32767
27007513,32767,32767,32767,32767,32767,-41,32767
27011511,32767,32767,32767,32767,-45,32767,32767
27015469,32767,32767,32767,32767,32767,32767,32767
27019469,32767,32767,32767,32767,32767,-56,32767
27023518,32767,32767,32767,32767,32767,32767,32767
27027469,32767,32767,32767,32767,32767,-39,32767
27031497,32767,32767,32767,32767,32767,32767,32767
27035479,32767,32767,32767,32767,-62,32767,32767
27039468,32767,32767,32767,32767,32767,-48,32767
27043476,32767,32767,32767,32767,32767,32767,32767
27047469,32767,32767,32767,32767,-69,-40,32767
27051477,32767,32767,32767,32767,32767,32767,32767
27055469,32767,32767,32767,32767,-44,32767,32767
27059469,32767,32767,32767,32767,32767,-72,32767
27063469,32767,32767,32767,32767,32767,32767,32767
27067469,32767,32767,32767,32767,32767,-48,32767
27071485,32767,32767,32767,32767,32767,32767,32767
27075469,32767,32767,32767,32767,32767,32767,32767
27079469,32767,32767,32767,32767,-64,-71,32767
27083469,32767,32767,32767,32767,32767,32767,32767
27086691,32767,32767,32767,32767,32767,-40,32767
27090680,32767,32767,32767,32767,-59,32767,32767
27094669,32767,32767,32767,32767,32767,32767,32767
27098686,32767,32767,32767,32767,-46,-64,32767
27102675,32767,32767,32767,32767,32767,32767,32767
27106669,32767,32767,32767,32767,32767,-40,32767
27113923,32767,32767,32767,32767,32767,32767,32767
27118674,32767,32767,32767,32767,32767,-72,32767
27122668,32767,32767,32767,32767,-65,32767,32767
27126669,32767,32767,32767,32767,32767,-55,32767
27130669,32767,32767,32767,32767,32767,32767,32767
27134669,32767,32767,32767,32767,-73,32767,32767
27138705,32767,32767,32767,32767,32767,-73,32767
27142668,32767,32767,32767,32767,-55,32767,32767
27145919,32767,32767,32767,32767,32767,-48,32767
27150675,32767,32767,32767,32767,32767,32767,32767
27154678,32767,32767,32767,32767,32767,-40,32767
27158669,32767,32767,32767,32767,32767,32767,32767
27162668,32767,32767,32767,32767,-45,32767,32767
27166671,32767,32767,32767,32767,32767,-64,32767
27170675,32767,32767,32767,32767,32767,32767,32767
27174669,32767,32767,32767,32767,-55,-40,32767
27178669,32767,32767,32767,32767,32767,32767,32767
27182669,32767,32767,32767,32767,32767,32767,32767
27186681,32767,32767,32767,32767,-68,-64,32767
27190679,32767,32767,32767,32767,32767,32767,32767
27194678,32767,32767,32767,32767,32767,-40,32767
27198669,32767,32767,32767,32767,32767,32767,32767
27202669,32767,32767,32767,32767,32767,32767,32767
27206668,32767,32767,32767,32767,-63,-72,32767
27210675,32767,32767,32767,32767,32767,32767,32767
27214669,32767,32767,32767,32767,32767,-40,32767
27218669,32767,32767,32767,32767,-59,32767,32767
27222669,32767,32767,32767,32767,32767,32767,32767
27226688,32767,32767,32767,32767,32767,-72,32767
27230675,32767,32767,32767,32767,-67,32767,32767
27234668,32767,32767,32767,32767,32767,-40,32767
27238678,32767,32767,32767,32767,32767,32767,32767
27242669,32767,32767,32767,32767,32767,32767,32767
27246668,32767,32767,32767,32767,32767,-72,32767
27250669,32767,32767,32767,32767,32767,32767,32767
27254668,32767,32767,32767,32767,-71,-64,32767
27258688,32767,32767,32767,32767,32767,32767,32767
27262668,32767,32767,32767,32767,-46,-40,32767
27266732,32767,32767,32767,32767,32767,32767,32767
27270669,32767,32767,32767,32767,32767,32767,32767
27274669,32767,32767,32767,32767,-55,-64,32767
27278684,32767,32767,32767,32767,32767,32767,32767
27282668,32767,32767,32767,32767,32767,-40,32767
27286668,32767,32767,32767,32767,32767,32767,32767
27290669,32767,32767,32767,32767,32767,32767,32767
27294695,32767,32767,32767,32767,32767,-64,32767
27298675,32767,32767,32767,32767,-68,32767,32767
27302668,32767,32767,32767,32767,32767,-40,32767
27306669,32767,32767,32767,32767,-56,32767,32767
27310669,32767,32767,32767,32767,32767,32767,32767
27314683,32767,32767,32767,32767,32767,-72,32767
27318675,32767,32767,32767,32767,-66,32767,32767
27322685,32767,32767,32767,32767,32767,-40,32767
27326669,32767,32767,32767,32767,32767,32767,32767
27330718,32767,32767,32767,32767,32767,32767,32767
27334679,32767,32767,32767,32767,32767,-72,32767
27338675,32767,32767,32767,32767,32767,32767,32767
27342689,32767,32767,32767,32767,-66,-40,32767
27346674,32767,32767,32767,32767,32767,32767,32767
27350669,32767,32767,32767,32767,-46,-40,32767
27354668,32767,32767,32767,32767,32767,32767,32767
27358669,32767,32767,32767,32767,32767,32767,32767
27362712,32767,32767,32767,32767,-57,-65,32767
27366675,32767,32767,32767,32767,32767,32767,32767
27370669,32767,32767,32767,32767,32767,-40,32767
27374689,32767,32767,32767,32767,32767,32767,32767
27378669,32767,32767,32767,32767,32767,32767,32767
27382688,32767,32767,32767,32767,-46,-63,32767
27386675,32767,32767,32767,32767,32767,32767,32767
27390672,32767,32767,32767,32767,32767,-40,32767
27394674,32767,32767,32767,32767,-66,32767,32767
27398669,32767,32767,32767,32767,32767,32767,32767
27402681,32767,32767,32767,32767,32767,-72,32767
27406682,32767,32767,32767,32767,-71,32767,32767
27410669,32767,32767,32767,32767,32767,-40,32767
27414695,32767,32767,32767,32767,32767,32767,32767
27418671,32767,32767,32767,32767,32767,32767,32767
27422686,32767,32767,32767,32767,32767,-72,32767
27426691,32767,32767,32767,32767,-66,32767,32767
27430669,32767,32767,32767,32767,32767,-40,32767
27434669,32767,32767,32767,32767,-46,32767,32767
27438669,32767,32767,32767,32767,32767,32767,32767
27442669,32767,32767,32767,32767,32767,-72,32767
27446678,32767,32767,32767,32767,-55,32767,32767
27450669,32767,32767,32767,32767,32767,-64,32767
27454675,32767,32767,32767,32767,32767,32767,32767
27458668,32767,32767,32767,32767,32767,-40,32767
27462697,32767,32767,32767,32767,32767,32767,32767
27466683,32767,32767,32767,32767,32767,32767,32767
27470669,32767,32767,32767,32767,-67,-64,32767
27474675,32767,32767,32767,32767,32767,32767,32767
27478669,32767,32767,32767,32767,-46,-40,32767
27482669,32767,32767,32767,32767,32767,32767,32767
27486668,32767,32767,32767,32767,32767,32767,32767
27490708,32767,32767,32767,32767,-56,-65,32767
27494675,32767,32767,32767,32767,32767,32767,32767
27498669,32767,32767,32767,32767,32767,-40,32767
27502682,32767,32767,32767,32767,32767,32767,32767
27506669,32767,32767,32767,32767,32767,32767,32767
27510710,32767,32767,32767,32767,32767,-73,32767
27514675,32767,32767,32767,32767,-60,32767,32767
27518669,32767,32767,32767,32767,32767,-40,32767
27522668,32767,32767,32767,32767,32767,32767,32767
27526668,32767,32767,32767,32767,-71,32767,32767
27530699,32767,32767,32767,32767,32767,-72,32767
27534675,32767,32767,32767,32767,-46,32767,32767
27538669,32767,32767,32767,32767,32767,-40,32767
27542688,32767,32767,32767,32767,32767,32767,32767
27546669,32767,32767,32767,32767,32767,32767,32767
27550682,32767,32767,32767,32767,32767,-72,32767
27554670,32767,32767,32767,32767,32767,32767,32767
27558669,32767,32767,32767,32767,-66,-64,32767
27562695,32767,32767,32767,32767,32767,32767,32767
27566670,32767,32767,32767,32767,32767,-40,32767
27570698,32767,32767,32767,32767,-60,32767,32767
27574721,32767,32767,32767,32767,32767,32767,32767
27578669,32767,32767,32767,32767,32767,-64,32767
27582677,32767,32767,32767,32767,-71,32767,32767
27586671,32767,32767,32767,32767,32767,-40,32767
27590681,32767,32767,32767,32767,32767,32767,32767
27594685,32767,32767,32767,32767,32767,32767,32767
27598669,32767,32767,32767,32767,32767,-56,32767
27602675,32767,32767,32767,32767,-56,32767,32767
27606669,32767,32767,32767,32767,32767,-40,32767
27610696,32767,32767,32767,32767,32767,32767,32767
27614673,32767,32767,32767,32767,-66,32767,32767
27618673,32767,32767,32767,32767,32767,-71,32767
27622675,32767,32767,32767,32767,32767,32767,32767
27626670,32767,32767,32767,32767,-59,-40,32767
27630681,32767,32767,32767,32767,32767,32767,32767
27634669,32767,32767,32767,32767,32767,32767,32767
27638669,32767,32767,32767,32767,32767,-71,32767
27642669,32767,32767,32767,32767,32767,32767,32767
27646669,32767,32767,32767,32767,-55,32767,32767
27650698,32767,32767,32767,32767,32767,32767,32767
27654669,32767,32767,32767,32767,32767,-40,32767
27658674,32767,32767,32767,32767,-65,32767,32767
27662670,32767,32767,32767,32767,32767,32767,32767
27666669,32767,32767,32767,32767,-44,-64,32767
27670687,32767,32767,32767,32767,32767,32767,32767
27674669,32767,32767,32767,32767,32767,-40,32767
27678683,32767,32767,32767,32767,32767,32767,32767
27682669,32767,32767,32767,32767,32767,32767,32767
27686669,32767,32767,32767,32767,32767,-64,32767
27690702,32767,32767,32767,32767,-69,32767,32767
27694669,32767,32767,32767,32767,32767,-40,32767
27698717,32767,32767,32767,32767,-47,32767,32767
27702669,32767,32767,32767,32767,32767,32767,32767
27706668,32767,32767,32767,32767,32767,-72,32767
27710700,32767,32767,32767,32767,-66,32767,32767
27714669,32767,32767,32767,32767,32767,-40,32767
27718669,32767,32767,32767,32767,32767,32767,32767
27722668,32767,32767,32767,32767,32767,32767,32767
27726669,32767,32767,32767,32767,32767,-72,32767
27730675,32767,32767,32767,32767,-54,32767,32767
27734669,32767,32767,32767,32767,32767,-40,32767
27738669,32767,32767,32767,32767,32767,32767,32767
27742671,32767,32767,32767,32767,-66,32767,32767
27746669,32767,32767,32767,32767,32767,-72,32767
27750669,32767,32767,32767,32767,-46,32767,32767
27754669,32767,32767,32767,32767,32767,-64,32767
27758708,32767,32767,32767,32767,32767,32767,32767
27762711,32767,32767,32767,32767,32767,-41,32767
27766669,32767,32767,32767,32767,32767,32767,32767
27770669,32767,32767,32767,32767,32767,32767,32767
27774669,32767,32767,32767,32767,-71,-64,32767
27778717,32767,32767,32767,32767,32767,32767,32767
27782669,32767,32767,32767,32767,-46,-39,32767
27786668,32767,32767,32767,32767,32767,32767,32767
27790669,32767,32767,32767,32767,32767,32767,32767
27794669,32767,32767,32767,32767,-61,-56,32767
27798703,32767,32767,32767,32767,32767,32767,32767
27802669,32767,32767,32767,32767,32767,-40,32767
27806670,32767,32767,32767,32767,32767,32767,32767
27810669,32767,32767,32767,32767,32767,32767,32767
27814669,32767,32767,32767,32767,-55,-72,32767
27818674,32767,32767,32767,32767,32767,32767,32767
27822669,32767,32767,32767,32767,32767,-48,32767
27826671,32767,32767,32767,32767,-55,32767,32767
27830669,32767,32767,32767,32767,32767,32767,32767
27834669,32767,32767,32767,32767,32767,-72,32767
27838679,32767,32767,32767,32767,-66,32767,32767
27842669,32767,32767,32767,32767,32767,-48,32767
27846714,32767,32767,32767,32767,32767,32767,32767
27850669,32767,32767,32767,32767,32767,-39,32767
27854669,32767,32767,32767,32767,32767,32767,32767
27858669,32767,32767,32767,32767,-46,32767,32767
27862669,32767,32767,32767,32767,32767,-48,32767
27865885,32767,32767,32767,32767,32767,32767,32767
27869868,32767,32767,32767,32767,-47,32767,32767
27873887,32767,32767,32767,32767,32767,-72,32767
27877875,32767,32767,32767,32767,32767,32767,32767
27881869,32767,32767,32767,32767,-58,-40,32767
27885869,32767,32767,32767,32767,32767,32767,32767
27889868,32767,32767,32767,32767,32767,32767,32767
27893892,32767,32767,32767,32767,32767,-72,32767
27897869,32767,32767,32767,32767,32767,32767,32767
27901868,32767,32767,32767,32767,32767,-64,32767
27905907,32767,32767,32767,32767,-66,32767,32767
27909869,32767,32767,32767,32767,32767,-40,32767
27913909,32767,32767,32767,32767,32767,32767,32767
27917869,32767,32767,32767,32767,-71,32767,32767
27921868,32767,32767,32767,32767,32767,-64,32767
27925875,32767,32767,32767,32767,-48,32767,32767
27929869,32767,32767,32767,32767,32767,-40,32767
27933916,32767,32767,32767,32767,32767,32767,32767
27937869,32767,32767,32767,32767,32767,32767,32767
27941868,32767,32767,32767,32767,32767,-64,32767
27945876,32767,32767,32767,32767,32767,32767,32767
27949869,32767,32767,32767,32767,-68,-40,32767
27953883,32767,32767,32767,32767,32767,32767,32767
27961120,32767,32767,32767,32767,32767,-65,32767
27965868,32767,32767,32767,32767,32767,32767,32767
27969869,32767,32767,32767,32767,-58,-56,32767
27973885,32767,32767,32767,32767,32767,32767,32767
27977919,32767,32767,32767,32767,32767,32767,32767
27982669,32767,32767,32767,32767,32767,-80,32767
27985890,32767,32767,32767,32767,32767,32767,32767
27989868,32767,32767,32767,32767,32767,-40,32767
27993868,32767,32767,32767,32767,-68,32767,32767
27997878,32767,32767,32767,32767,32767,32767,32767
28001872,32767,32767,32767,32767,32767,-71,32767
28005869,32767,32767,32767,32767,-71,32767,32767
28009869,32767,32767,32767,32767,32767,-64,32767
28013886,32767,32767,32767,32767,-48,32767,32767
28017878,32767,32767,32767,32767,32767,-40,32767
28021869,32767,32767,32767,32767,32767,32767,32767
28025868,32767,32767,32767,32767,32767,32767,32767
28029869,32767,32767,32767,32767,32767,-64,32767
28033881,32767,32767,32767,32767,32767,32767,32767
28037869,32767,32767,32767,32767,-68,-40,32767
28041869,32767,32767,32767,32767,32767,32767,32767
28045869,32767,32767,32767,32767,-47,32767,32767
28049869,32767,32767,32767,32767,32767,-64,32767
28053915,32767,32767,32767,32767,32767,32767,32767
28057869,32767,32767,32767,32767,-58,-39,32767
28061920,32767,32767,32767,32767,32767,32767,32767
28065869,32767,32767,32767,32767,32767,-32,32767
28069869,32767,32767,32767,32767,32767,32767,32767
28073875,32767,32767,32767,32767,32767,32767,32767
28077869,32767,32767,32767,32767,32767,-40,32767
28081909,32767,32767,32767,32767,-68,32767,32767
28085869,32767,32767,32767,32767,32767,32767,32767
28089868,32767,32767,32767,32767,32767,-72,32767
28093869,32767,32767,32767,32767,-71,32767,32767
28097869,32767,32767,32767,32767,32767,-56,32767
28101922,32767,32767,32767,32767,-49,32767,32767
28105869,32767,32767,32767,32767,32767,-39,32767
28109869,32767,32767,32767,32767,32767,32767,32767
28113879,32767,32767,32767,32767,32767,32767,32767
28117869,32767,32767,32767,32767,32767,-64,32767
28121891,32767,32767,32767,32767,32767,32767,32767
28125869,32767,32767,32767,32767,-68,-40,32767
28129869,32767,32767,32767,32767,32767,32767,32767
28133869,32767,32767,32767,32767,32767,32767,32767
28137870,32767,32767,32767,32767,-69,-64,32767
28141888,32767,32767,32767,32767,32767,32767,32767
28145881,32767,32767,32767,32767,-47,-40,32767
28149890,32767,32767,32767,32767,32767,32767,32767
28153868,32767,32767,32767,32767,32767,32767,32767
28157869,32767,32767,32767,32767,32767,-72,32767
28161889,32767,32767,32767,32767,32767,32767,32767
28165878,32767,32767,32767,32767,32767,-40,32767
28169869,32767,32767,32767,32767,-59,32767,32767
28173869,32767,32767,32767,32767,32767,32767,32767
28177869,32767,32767,32767,32767,32767,-72,32767
28181900,32767,32767,32767,32767,-69,32767,32767
28185877,32767,32767,32767,32767,32767,-40,32767
28189868,32767,32767,32767,32767,32767,32767,32767
28193869,32767,32767,32767,32767,-62,-32,32767
28197869,32767,32767,32767,32767,32767,32767,32767
28201869,32767,32767,32767,32767,32767,32767,32767
28205869,32767,32767,32767,32767,32767,-64,32767
28209885,32767,32767,32767,32767,32767,32767,32767
28213869,32767,32767,32767,32767,-47,-40,32767
28217869,32767,32767,32767,32767,32767,32767,32767
28221868,32767,32767,32767,32767,32767,32767,32767
28225870,32767,32767,32767,32767,-58,-64,32767
28229917,32767,32767,32767,32767,32767,32767,32767
28233868,32767,32767,32767,32767,32767,-39,32767
28237869,32767,32767,32767,32767,-70,32767,32767
28241869,32767,32767,32767,32767,32767,32767,32767
28245869,32767,32767,32767,32767,32767,-56,32767
28249880,32767,32767,32767,32767,32767,32767,32767
28253868,32767,32767,32767,32767,32767,-40,32767
28257868,32767,32767,32767,32767,-67,32767,32767
28261869,32767,32767,32767,32767,32767,32767,32767
28265869,32767,32767,32767,32767,32767,-72,32767
28269920,32767,32767,32767,32767,-70,32767,32767
28273869,32767,32767,32767,32767,32767,-39,32767
28277869,32767,32767,32767,32767,32767,32767,32767
28281869,32767,32767,32767,32767,-62,32767,32767
28285869,32767,32767,32767,32767,32767,-72,32767
28289901,32767,32767,32767,32767,32767,32767,32767
