timestamp,magnetometer_ga[0],magnetometer_ga[1],magnetometer_ga[2]
22179479,0.011208145,0.07542949,0.24854296
22189067,0.011208145,0.07542949,0.24854296
22199472,0.005187238,0.085331514,0.22970264
22208280,0.00916608,0.08136174,0.2383919
22219507,-0.000649551,0.07946652,0.2311698
22228279,-0.008395844,0.08332422,0.2371069
22247466,-0.010384178,0.1009192,0.23288217
22257067,0.0052398816,0.08138416,0.23550905
22267476,-0.002453224,0.08909955,0.24731253
22277067,-0.006511982,0.085331514,0.2298087
22287489,-0.006511982,0.085331514,0.2298087
22296266,0.009085891,0.06972141,0.22954737
22307483,0.0033044636,0.09893431,0.23712073
22316273,-0.018157203,0.10089679,0.23587106
22327473,-0.006539527,0.06974383,0.22677058
22336280,-0.006539527,0.06974383,0.22677058
22345067,-0.004549292,0.07946652,0.23120515
22355466,-0.012347684,0.09507663,0.23139577
22365066,-0.006458251,0.096994266,0.23573501
22375476,-0.008423116,0.07163905,0.23409876
22385867,-0.008423116,0.07163905,0.23409876
22395466,0.0012340388,0.0775713,0.22384164
22404286,0.0012872261,0.08142899,0.22970802
22415479,0.00908562,0.06581888,0.2295174
22424281,-0.0044955607,0.091129266,0.2371315
22443473,0.003330106,0.08720432,0.239949
22453067,-0.0025598702,0.077481635,0.23554978
22463485,0.0012604964,0.077548884,0.22675982
22473080,0.007176659,0.083346635,0.23404726
22483467,0.007176659,0.083346635,0.23404726
22492267,0.011023756,0.08729399,0.22820549
22503486,0.015002595,0.08332422,0.23689477
22512267,-0.010253248,0.08129449,0.24732329
22523472,0.005345441,0.07739197,0.2471519
22532267,0.005345441,0.07739197,0.2471519
22541076,-0.0064585228,0.093091734,0.23570505
22551474,0.0091922665,0.0774368,0.24128012
22561099,-0.016167235,0.106716946,0.24027567
22571502,0.0013922418,0.06963174,0.2412909
22581867,0.0013922418,0.06963174,0.2412909
22591482,-0.0005963636,0.08332422,0.2370362
22600273,0.016938558,0.0735791,0.23534302
22611466,0.007150201,0.083369054,0.23112907
22620267,0.007176931,0.08724915,0.23407724
22639466,-0.006538711,0.08145141,0.22686051
22649066,-0.0006492793,0.083369054,0.23119977
22659468,0.020785384,0.07362393,0.22947128
22669077,-0.008396115,0.079421684,0.23707692
22679467,-0.008396115,0.079421684,0.23707692
22688267,0.01115523,0.07547433,0.24270655
22699470,0.001472974,0.08907713,0.25019538
22708267,0.0013676865,0.09697185,0.23858252
22719469,-0.0065640816,0.09708393,0.22406223
22728275,-0.0065640816,0.09708393,0.22406223
22737878,-0.01420536,0.08914438,0.2415822
22747467,0.0012864108,0.06972141,0.22961809
22757888,-0.0006487356,0.0911741,0.23125973
22767466,0.018955251,0.083279386,0.2426958
22778666,-0.0006236369,0.07163905,0.23402804
22786715,0.009218452,0.07351185,0.24416834
22796267,0.0071496577,0.075564,0.2310691
22806667,0.0012604964,0.077548884,0.22675982
22816267,0.014949952,0.08727157,0.23108833
22826703,-0.0025072265,0.073534265,0.24135622
22835467,0.0072025736,0.07551916,0.23690553
22846707,-0.004416459,0.087159485,0.24585612
22855466,-0.012401144,0.0873164,0.22549942
22866679,0.0052126087,0.06969899,0.23250093
22875467,0.011048312,0.059953894,0.23091385
22884267,0.009191451,0.065729216,0.2411902
22894666,-0.0046027508,0.0717063,0.2253088
22904294,0.0033822062,0.07545191,0.24569549
22914666,-0.016222054,0.0794441,0.23422943
22924311,-0.014259092,0.077481635,0.23565586
22934678,-0.014259092,0.077481635,0.23565586
22943467,-0.0064866114,0.06969899,0.232607
22954681,0.007229031,0.07549675,0.23982371
22963467,0.0013668712,0.085264266,0.2384926
22974689,0.0051858793,0.06581888,0.22955276
22983474,0.0051858793,0.06581888,0.22955276
22992313,0.0072014863,0.05990906,0.23678562
23002666,-0.0025857843,0.085309096,0.23269156
23012267,0.0033554765,0.071571805,0.24274729
23022666,-0.0026387,0.08535393,0.22685513
23032267,-0.0026387,0.08535393,0.22685513
23042666,0.01884915,0.07946652,0.23099302
23051467,0.0033292905,0.07549675,0.23985907
23062666,-0.01224294,0.079376854,0.24294868
23071467,0.013039633,0.085286684,0.23546831
23090666,-0.0046016634,0.0873164,0.2254287
23100267,0.011102586,0.079421684,0.23690015
23110666,-0.0025860562,0.08140657,0.23266158
23120267,0.011102314,0.07551916,0.23687017
23130667,0.011102314,0.07551916,0.23687017
23139517,0.0072822184,0.079354435,0.2456901
23150666,0.009059977,0.077548884,0.22668912
23159476,-0.00653844,0.08535393,0.22689049
23170666,-0.010333165,0.073556684,0.23850873
23179477,-0.010333165,0.073556684,0.23850873
23188267,0.0052927975,0.08133932,0.24134547
23198666,0.013039905,0.08918922,0.23549828
23208293,-0.01423372,0.061849117,0.23845416
23218666,-0.0025863277,0.077504046,0.2326316
23229096,-0.0025863277,0.077504046,0.2326316
23238666,-0.0026130574,0.07362393,0.22968341
23247467,0.011050214,0.08727157,0.23112369
23258666,0.0014457009,0.07739197,0.24718724
23267467,-0.00065009465,0.07166147,0.23110984
23286666,0.0032493738,0.06775895,0.23104452
23296282,-0.0006762805,0.075586416,0.22822164
23306666,-0.016329242,0.060021143,0.22240674
23316267,0.0052663395,0.08136174,0.23842727
23326667,0.0052663395,0.08136174,0.23842727
23335473,0.00529171,0.065729216,0.24122556
23346666,-0.01431092,0.093136564,0.22993937
23355469,-0.02012098,0.091151685,0.23435472
23366666,-0.012348771,0.07946652,0.23127587
23375467,-0.012348771,0.07946652,0.23127587
23384285,-0.012322585,0.07554158,0.23416409
23394705,-0.000597179,0.071616635,0.23694627
23404276,-0.010307251,0.065729216,0.24136698
23414666,-0.006352964,0.08909955,0.24734789
23425094,-0.006352964,0.08909955,0.24734789
23434666,-0.0005693623,0.091106854,0.24001433
23443467,0.011181688,0.07545191,0.24562477
23454666,0.009193625,0.09694943,0.24143001
23463466,0.013145464,0.08519702,0.24714112
23482666,0.011023213,0.07948894,0.22814554
23492273,-0.0063796937,0.08521943,0.2443997
23502666,-0.0025587834,0.093091734,0.23566969
23512292,0.0052927975,0.08133932,0.24134547
23522667,0.0052927975,0.08133932,0.24134547
23531467,-0.00065009465,0.07166147,0.23110984
23542675,0.01500178,0.071616635,0.23680484
23551467,0.0072293025,0.07939927,0.2398537
23561866,0.005425901,0.09293481,0.2560264
23571467,0.0032771905,0.08724915,0.23411259
23580282,0.005160508,0.08145141,0.22675444
23590666,0.0013665993,0.08136174,0.23846261
23601866,-0.00844903,0.07946652,0.23124051
23610717,-0.0026397873,0.06974383,0.22673523
23620293,-0.00065091,0.059953894,0.23101991
23629875,0.013092278,0.08133932,0.24127474
23639493,0.0013401415,0.08138416,0.2355444
23649875,-0.0007038255,0.05999873,0.22518352
23659479,0.014975051,0.06773653,0.23385665
23669906,0.013065548,0.077459216,0.23832656
23678667,-0.006512253,0.08142899,0.22977872
23689866,0.011049399,0.075564,0.23103376
23698667,-0.0064598816,0.0735791,0.23555516
23708268,0.005240969,0.096994266,0.23562895
23718667,-0.008289741,0.087137066,0.24880967
23728267,-0.008289741,0.087137066,0.24880967
23737866,-0.0005439919,0.07547433,0.24281263
23747507,0.011208417,0.07933202,0.24857293
23757866,-0.0025336843,0.073556684,0.23843803
23767514,0.011102042,0.071616635,0.23684019
23777880,0.011102042,0.071616635,0.23684019
23786667,-0.012295856,0.079421684,0.23711228
23797875,0.0071507446,0.0911741,0.23118901
23806667,-0.0025595988,0.08138416,0.23557976
23817879,-0.012242669,0.083279386,0.24297865
23826667,-0.012242669,0.083279386,0.24297865
23835485,-0.002612514,0.08142899,0.22974338
23845866,0.01505524,0.079376854,0.24270117
23855475,0.009008149,0.09320382,0.22097263
23865866,-0.010437094,0.10096404,0.22704574
23875485,-0.010437094,0.10096404,0.22704574
23885866,0.0071761156,0.07554158,0.23398732
23894667,-0.00836857,0.09500938,0.24011502
23905866,-0.01242733,0.09124135,0.22261119
23914667,0.005293613,0.093046896,0.2414354
23925866,0.009244638,0.06958691,0.24705657
23933866,0.00523961,0.077481635,0.23547907
23943479,0.0032771905,0.08724915,0.23411259
23953866,-0.002506683,0.08133932,0.24141617
23963495,-0.0044969195,0.071616635,0.23698162
23973866,0.0091922665,0.0774368,0.24128012
23982702,0.016938558,0.0735791,0.23534302
23993866,0.0072023016,0.071616635,0.23687555
24002682,-0.002506683,0.08133932,0.24141617
24013866,0.005265796,0.073556684,0.2383673
24022666,0.0111285,0.07159422,0.23975837
24041866,0.0013406851,0.08918922,0.23560436
24051467,-0.0064857956,0.08140657,0.23269694
24061866,0.0013660558,0.073556684,0.23840266
24071514,-0.008502218,0.07560883,0.22537413
24081867,-0.008502218,0.07560883,0.22537413
24090691,-0.0025606856,0.06577405,0.23545985
24101866,0.003409479,0.087137066,0.2487036
24110679,-0.008423116,0.07163905,0.23409876
24121876,0.007149114,0.06775895,0.23100916
24130741,0.007149114,0.06775895,0.23100916
24139468,0.0013393261,0.06967658,0.23545447
24149866,0.005291982,0.06963174,0.24125554
24159467,0.009139894,0.085286684,0.23550366
24169866,-0.0024270378,0.0851746,0.25020075
24180283,-0.0024270378,0.0851746,0.25020075
24189866,0.0032234597,0.075586416,0.22818628
24198711,0.018902065,0.079421684,0.23682943
24209866,-0.006566528,0.061961204,0.22379245
24218706,-0.00447019,0.07549675,0.23992978
24237875,0.0013665993,0.08136174,0.23846261
24247467,-0.008316198,0.087159485,0.24589148
24257870,-0.0025590553,0.08918922,0.2356397
24267466,-0.008527861,0.08733882,0.22254586
24277879,-0.008527861,0.08733882,0.22254586
24286667,0.0033552048,0.06766928,0.24271731
24297866,-0.0103860805,0.073601514,0.23267233
24306667,0.0092187235,0.07741438,0.24419832
24317866,-0.01420699,0.065729216,0.24140234
24326726,-0.01420699,0.065729216,0.24140234
24335483,-0.0064863395,0.073601514,0.23263697
24345866,-0.00059799437,0.05990906,0.23685634
24355469,0.005293341,0.08914438,0.24140541
24365875,0.0031959147,0.05999873,0.22514816
24376267,0.0031959147,0.05999873,0.22514816
24385866,-0.0044696466,0.083301805,0.23998973
24394667,0.005266068,0.077459216,0.23839729
24405875,0.009086163,0.07362393,0.22957735
24414672,-0.0006492793,0.083369054,0.23119977
24425866,0.016938014,0.06577405,0.23528308
24433866,0.005240969,0.096994266,0.23562895
24444305,0.0033813908,0.06374434,0.24560556
24453892,0.007203389,0.08722673,0.23699546
24463466,0.0033047355,0.10283684,0.23715071
24473887,0.0033022894,0.06771411,0.23688093
24482705,0.011129315,0.083301805,0.2398483
24493079,0.018875064,0.07163905,0.23385127
24502667,0.011127956,0.063789174,0.23969842
24513066,0.0015248022,0.07342218,0.25591186
24522682,-0.014020972,0.07727988,0.26191968
24533066,-0.0042607025,0.044097207,0.26303557
24541866,-0.00038524522,0.075339824,0.26032186
24553070,0.0075181634,0.04793248,0.2717141
24561868,-0.01993795,0.059774555,0.25454232
24573067,-0.040976565,0.057475828,0.29995388
24581878,-0.040976565,0.057475828,0.29995388
24590679,-0.03490328,0.039723918,0.3245707
24601086,-0.0117961485,0.03606798,0.29222837
24610666,-0.021609334,0.06929548,0.28527603
24621084,-0.023599299,0.06347533,0.28087142
24630672,-0.023599299,0.06347533,0.28087142
24641081,-0.019910948,0.06755719,0.25752047
24649884,0.0014983446,0.0734446,0.25299367
24661075,-0.012191113,0.06372192,0.24866517
24669867,-0.0063543227,0.06958691,0.247198
24679467,-0.0063543227,0.06958691,0.247198
24689066,-0.012164111,0.07150455,0.25164333
24698667,-0.0102810655,0.061804283,0.2442552
24709066,-0.016010934,0.07145972,0.25751507
24718674,-0.008290556,0.07542949,0.24871974
24729067,-0.008290556,0.07542949,0.24871974
24737876,-0.00051780575,0.071549386,0.24570087
24749068,-0.0025336843,0.073556684,0.23843803
24757886,-0.0063537788,0.07739197,0.24725796
24769068,0.007255489,0.07547433,0.24274191
24777879,0.007255489,0.07547433,0.24274191
24786672,-0.014179447,0.0813169,0.24444044
24797067,-0.008316741,0.079354435,0.24583153
24806667,-0.016170496,0.05988664,0.23991595
24817098,0.011208417,0.07933202,0.24857293
24827467,0.011208417,0.07933202,0.24857293
24837076,0.007149114,0.06775895,0.23100916
24845873,-0.00056963426,0.08720432,0.23998435
24857070,0.007229031,0.07549675,0.23982371
24865887,-0.0043643587,0.07540707,0.2516026
24877075,-0.021925742,0.0851746,0.25037754
24885066,0.009244638,0.06958691,0.24705657
24894675,-0.008290284,0.07933202,0.24874972
24905084,0.0071761156,0.07554158,0.23398732
24914666,-0.00842366,0.063834004,0.23403881
24925069,-0.0063548665,0.061781865,0.24713805
24935467,-0.0063548665,0.061781865,0.24713805
24945083,-0.0025339562,0.06965416,0.23840804
24953873,-0.0044434606,0.079376854,0.24287796
24965094,0.001445429,0.073489435,0.24715728
24973912,-0.008291372,0.06372192,0.24862981
24993066,-0.0063805087,0.07351185,0.24430977
25002666,-0.0043114433,0.07536224,0.257439
25013104,-0.00837156,0.05208159,0.23978528
25022669,-0.00051916455,0.052036755,0.24555099
25033122,-0.00051916455,0.052036755,0.24555099
25041917,-0.004365446,0.059796974,0.2514827
25053077,0.0033022894,0.06771411,0.23688093
25061866,-0.018080002,0.06960932,0.24438587
25073066,-0.004576293,0.07168389,0.22822702
25081867,-0.004576293,0.07168389,0.22822702
25090679,-0.010253248,0.08129449,0.24732329
25101082,-0.0025339562,0.06965416,0.23840804
25110668,0.0014451573,0.06958691,0.2471273
25130666,-0.010200604,0.07734713,0.25312972
25141076,-0.0043643587,0.07540707,0.2516026
25149867,-0.010306979,0.06963174,0.24139696
25161070,-0.0006773676,0.05997631,0.22810173
25169866,0.013144377,0.06958691,0.24702123
25181076,-0.0063813245,0.061804283,0.24421984
25189104,-0.0062738624,0.08512976,0.2560725
25198667,-0.012217841,0.059841808,0.245717
25209070,-0.0063543227,0.06958691,0.247198
25218667,-0.00041061582,0.09097235,0.25752354
25229084,-0.00844903,0.07946652,0.23124051
25237913,-0.0103337085,0.065751635,0.23844878
25249076,-0.0045236493,0.06773653,0.23403342
25257867,-0.014127889,0.06175945,0.25012696
25268286,-0.018026274,0.08127207,0.2503122
25277866,-0.0024011235,0.07734713,0.253059
25288277,-0.0024011235,0.07734713,0.253059
25297074,-0.0025088573,0.05011912,0.24117637
25308307,-0.0104122665,0.077526465,0.22978412
25317069,0.01306582,0.08136174,0.23835655
25327507,0.0013933289,0.08524185,0.24141079
25337080,0.0013933289,0.08524185,0.24141079
25345872,0.013117375,0.061804283,0.24404305
25356293,0.009007062,0.07759372,0.22085272
25365878,-0.0025593268,0.085286684,0.23560974
25376281,-0.0044693747,0.08720432,0.24001971
25385867,-0.0044693747,0.08720432,0.24001971
25396296,0.0032761034,0.07163905,0.2339927
25405067,0.0052128807,0.073601514,0.2325309
25416311,0.013064732,0.065751635,0.23823665
25425069,-0.0044693747,0.08720432,0.24001971
25434667,-0.0044693747,0.08720432,0.24001971
25444275,-0.0064328797,0.08136174,0.23853333
25453872,0.0013404132,0.085286684,0.23557438
25464278,0.0033568356,0.091084436,0.24289717
25473888,0.009165809,0.077459216,0.23836192
25484308,0.009165809,0.077459216,0.23836192
25493067,-0.0064855246,0.085309096,0.2327269
25504267,0.0072293025,0.07939927,0.2398537
25513080,0.0033031048,0.079421684,0.23697086
25524283,-0.00054562243,0.05205917,0.24263278
25533067,-0.00054562243,0.05205917,0.24263278
25541879,-0.010518097,0.07761613,0.21811132
25552289,-0.0004905327,0.08323455,0.24870898
25561880,0.0052398816,0.08138416,0.23550905
25572273,-0.0044699186,0.07939927,0.23995976
25581877,-0.004522834,0.0794441,0.23412335
25592271,0.012987261,0.093136564,0.22969188
25601067,-0.006512253,0.08142899,0.22977872
25612270,0.003356292,0.083279386,0.24283722
25621076,-0.0006230932,0.0794441,0.234088
25632308,0.007176659,0.083346635,0.23404726
25640266,-0.0123485,0.083369054,0.23130584
25649867,0.0032769188,0.083346635,0.23408262
25660270,0.007176931,0.08724915,0.23407724
25669867,0.0052398816,0.08138416,0.23550905
25680268,0.0052652527,0.065751635,0.23830736
25689067,0.016911829,0.06969899,0.23239486
25700266,-0.006513069,0.06972141,0.2296888
25709067,0.0070705563,0.07953377,0.22234449
25720267,-0.0026381565,0.09315898,0.22691509
25729067,0.0071496577,0.075564,0.2310691
25748266,0.016939374,0.085286684,0.23543295
25757867,-0.0026127854,0.077526465,0.2297134
25768267,0.0033022894,0.06771411,0.23688093
25777866,-0.006484437,0.1009192,0.23284681
25788268,-0.006484437,0.1009192,0.23284681
25797076,0.0012351259,0.0931814,0.22396155
25808266,-0.008343199,0.079376854,0.24291332
25817067,0.0012880415,0.093136564,0.22979794
25828272,-0.0045498353,0.07166147,0.2311452
25837067,-0.0045498353,0.07166147,0.2311452
25845867,-0.006431521,0.10087437,0.23868321
25856266,-0.008396115,0.079421684,0.23707692
25865866,0.00921818,0.06960932,0.24413836
25876266,-0.008423116,0.07163905,0.23409876
25886671,-0.008423116,0.07163905,0.23409876
25896278,-0.0064326087,0.085264266,0.23856331
25905073,-0.0005701777,0.07939927,0.2399244
25916266,-0.0026651577,0.08537635,0.22393695
25925067,-0.010438996,0.07364635,0.22683592
25944284,-0.00067655224,0.07168389,0.22819166
25953866,0.0052387947,0.06577405,0.23538914
25964284,0.0033822062,0.07545191,0.24569549
25973867,0.009218995,0.0813169,0.24422829
25984290,0.009218995,0.0813169,0.24422829
25993067,0.003382478,0.079354435,0.24572547
26004284,-0.0024270378,0.0851746,0.25020075
26013067,0.009086435,0.077526465,0.22960733
26024284,-0.002454311,0.073489435,0.24719262
26033067,-0.002454311,0.073489435,0.24719262
26041882,0.01301236,0.073601514,0.23246019
26052278,0.00523961,0.077481635,0.23547907
26061866,-0.0026130574,0.07362393,0.22968341
26072266,0.005160508,0.08145141,0.22675444
26081867,0.0032507326,0.08727157,0.23119439
26092266,0.013065004,0.06965416,0.23826662
26101067,-0.00054317655,0.0871819,0.24290256
26111466,-0.006406966,0.073534265,0.24139158
26121067,0.0071761156,0.07554158,0.23398732
26132268,0.0013941443,0.09694943,0.24150072
26141067,0.0013941443,0.09694943,0.24150072
26151467,0.0031964583,0.06780378,0.2252081
26160267,0.0033033765,0.08332422,0.23700084
26169912,-0.00438973,0.0910396,0.24880429
26180268,0.0052390667,0.06967658,0.23541912
26189925,0.0052390667,0.06967658,0.23541912
26199466,0.015082785,0.09496454,0.2457393
26209075,-0.0045231055,0.07554158,0.23409338
26219466,0.0032769188,0.083346635,0.23408262
26229093,0.0013927853,0.0774368,0.24135084
26239467,0.0013927853,0.0774368,0.24135084
26248267,0.005291982,0.06963174,0.24125554
26259466,-0.0005439919,0.07547433,0.24281263
26268267,-0.010492727,0.06198362,0.2209096
26279466,0.011129315,0.083301805,0.2398483
26288268,0.011129315,0.083301805,0.2398483
26297074,0.0013930572,0.08133932,0.24138083
26307466,-0.008422844,0.07554158,0.23412874
26317066,-0.0026133293,0.06972141,0.22965345
26327481,-0.0064326087,0.085264266,0.23856331
26337067,-0.0064326087,0.085264266,0.23856331
26347466,0.001339598,0.0735791,0.23548445
26356266,0.0071758437,0.07163905,0.23395734
26367467,0.016859729,0.08145141,0.22664838
26376270,0.0053197984,0.08912196,0.2443236
26385880,0.0053197984,0.08912196,0.2443236
26395466,0.009139622,0.08138416,0.23547369
26405083,-0.0064855246,0.085309096,0.2327269
26415476,0.011154958,0.071571805,0.24267659
26425067,0.0071753003,0.063834004,0.23389739
26435476,0.0072811316,0.06374434,0.2455702
26444288,0.009112078,0.065796465,0.2324356
26455466,0.009139622,0.08138416,0.23547369
26464287,-0.010279435,0.08521943,0.24443506
26475466,0.005213152,0.077504046,0.23256089
26484286,0.009059705,0.07364635,0.22665913
26493098,0.02285472,0.079376854,0.24263047
26503525,0.005345985,0.08519702,0.24721184
26513082,-0.0026133293,0.06972141,0.22965345
26523466,-0.008448487,0.08727157,0.23130046
26533095,0.01301236,0.073601514,0.23246019
26543466,-0.00056963426,0.08720432,0.23998435
26552267,-0.0026918873,0.081496246,0.22098877
26563466,-0.008369929,0.07549675,0.23996514
26572267,-0.004443732,0.07547433,0.24284798
26583479,-0.0064866114,0.06969899,0.232607
26592267,-0.0064866114,0.06969899,0.232607
26601099,0.005266068,0.077459216,0.23839729
26611466,-0.008501675,0.083413884,0.22543408
26621111,-0.012322313,0.0794441,0.23419407
26631466,0.00908562,0.06581888,0.2295174
26641867,0.00908562,0.06581888,0.2295174
26651466,0.0032499174,0.075564,0.23110446
26660268,-0.0026119705,0.08923405,0.22980332
26671466,-0.0104379095,0.089256465,0.22695582
26680267,0.0032504608,0.083369054,0.23116441
26699466,0.0012874979,0.085331514,0.229738
26709092,0.0052925255,0.0774368,0.24131548
26719466,0.0032507326,0.08727157,0.23119439
26729073,-0.010359079,0.08138416,0.23565048
26739467,-0.010359079,0.08138416,0.23565048
26748267,0.0130928205,0.08914438,0.2413347
26759466,-0.0025593268,0.085286684,0.23560974
26768285,0.013092006,0.0774368,0.24124478
26779466,-0.00651171,0.08923405,0.22983868
26788269,0.007255217,0.071571805,0.24271193
26797066,0.0033557485,0.07547433,0.24277727
26807466,-0.00454902,0.083369054,0.23123513
26817081,0.005213152,0.077504046,0.23256089
26827468,-0.0025331408,0.08136174,0.23849797
26837067,-0.010438181,0.08535393,0.22692585
26847466,0.015002052,0.07551916,0.23683481
26856270,-0.000649551,0.07946652,0.2311698
26867466,-0.008421213,0.09895673,0.2343086
26876302,-0.00054317655,0.0871819,0.24290256
26887468,0.0013652405,0.061849117,0.23831274
26896267,0.0013652405,0.061849117,0.23831274
26905074,0.0033552048,0.06766928,0.24271731
26915466,-0.012401416,0.083413884,0.22546944
26925077,-0.018210933,0.08923405,0.22994475
26935466,-0.0005704496,0.07549675,0.23989442
26945867,-0.0005704496,0.07549675,0.23989442
26955467,-0.010305892,0.08524185,0.24151687
26964268,-0.010386624,0.065796465,0.23261239
26974668,-0.012349315,0.07166147,0.23121592
26984306,-0.008448487,0.08727157,0.23130046
26994667,-0.008448487,0.08727157,0.23130046
27003469,-0.01033235,0.085264266,0.23859866
27013888,-0.01619641,0.06771411,0.23705772
27023509,-0.00067682395,0.06778137,0.22816168
27034667,-0.004522834,0.0794441,0.23412335
27043467,-0.004522834,0.0794441,0.23412335
27052287,0.005213424,0.08140657,0.23259085
27062666,-0.0104379095,0.089256465,0.22695582
27072303,0.0071755718,0.06773653,0.23392735
27082666,-0.0044966475,0.07551916,0.2370116
27092283,-0.0044966475,0.07551916,0.2370116
27102666,0.0033295623,0.07939927,0.23988904
27111467,0.0033298342,0.083301805,0.23991902
27121105,0.007229031,0.07549675,0.23982371
27131467,-0.0103598945,0.06967658,0.23556055
27141110,-0.0103598945,0.06967658,0.23556055
27150666,0.009113165,0.08140657,0.23255551
27160273,-0.010331534,0.09697185,0.23868859
27170666,0.0032769188,0.083346635,0.23408262
27180267,0.0014192429,0.07741438,0.24426903
27190671,0.0014192429,0.07741438,0.24426903
27199478,-0.0006236369,0.07163905,0.23402804
27210666,0.001339598,0.0735791,0.23548445
27219487,0.009191995,0.073534265,0.24125016
27230666,0.01115523,0.07547433,0.24270655
27239478,0.01115523,0.07547433,0.24270655
27248267,-0.0025860562,0.08140657,0.23266158
27258679,0.0033554765,0.071571805,0.24274729
27268267,-0.0025325974,0.0891668,0.23855793
27278675,-0.008396115,0.079421684,0.23707692
27288286,-0.008396115,0.079421684,0.23707692
27298666,-0.006406966,0.073534265,0.24139158
27307466,0.0013655123,0.065751635,0.23834272
27318666,-0.008502218,0.07560883,0.22537413
27327488,-0.008449574,0.07166147,0.23118056
27338666,0.010943568,0.075653665,0.21936096
27346666,0.0070961984,0.06780378,0.22517276
27356296,-0.010385809,0.077504046,0.23270231
27366666,-0.016222868,0.06773653,0.2341395
27376309,0.014975595,0.07554158,0.2339166
27386666,0.0032499174,0.075564,0.23110446
27395481,0.001258594,0.050231207,0.22654998
27406673,-0.0007556538,0.075653665,0.21946703
27415469,-0.018132918,0.06965416,0.23854947
27426682,0.014973693,0.0482239,0.23370676
27435477,0.011102586,0.079421684,0.23690015
27444284,-0.012454331,0.08345872,0.21963306
27454666,0.011049399,0.075564,0.23103376
27464294,0.005238523,0.061871532,0.23535916
27474666,0.0033022894,0.06771411,0.23688093
27484279,-0.00072892423,0.07953377,0.2224152
27494666,-0.0025085853,0.05402164,0.24120635
27503477,-0.006512797,0.07362393,0.22971877
27514666,0.010995396,0.05999873,0.22507745
27523488,-0.01821229,0.06972141,0.22979487
27534666,0.0071750283,0.059931476,0.2338674
27543467,0.0071750283,0.059931476,0.2338674
27552266,0.008980876,0.08151866,0.21796452
27562686,0.0051337793,0.0775713,0.22380628
27572267,-0.0066188998,0.069811076,0.21801601
27582668,-0.018291395,0.07369119,0.22107024
27593067,-0.018291395,0.07369119,0.22107024
27602666,-0.00062336517,0.07554158,0.23405802
27611516,-0.018264664,0.0775713,0.22401842
27622666,0.0031440866,0.075653665,0.21943167
27631513,-0.0007559255,0.07175114,0.21943706
27650690,0.0033284752,0.063789174,0.23976915
27660267,-0.0025339562,0.06965416,0.23840804
27670679,-0.012296672,0.06771411,0.23702236
27680267,-0.008396659,0.071616635,0.23701698
27690693,-0.008396659,0.071616635,0.23701698
27699467,-0.0026403307,0.061938785,0.22667527
27710692,-0.0045773797,0.05607378,0.22810711
27719476,0.0013652405,0.061849117,0.23831274
27730666,-0.0124006,0.09512146,0.22555937
27739475,-0.0124006,0.09512146,0.22555937
27748267,0.0033284752,0.063789174,0.23976915
27758699,-0.006327049,0.08127207,0.25020614
27768267,-0.014313365,0.058013838,0.22966959
27778708,-0.0026395153,0.07364635,0.2267652
27789067,-0.0026395153,0.07364635,0.2267652
27798694,0.026675358,0.083346635,0.23387048
27807475,-0.004497735,0.05990906,0.23689169
27817866,0.013117375,0.061804283,0.24404305
27827467,-0.012323944,0.056028947,0.23401421
27837866,-0.012323129,0.06773653,0.23410414
27846706,0.016966103,0.0891668,0.23838115
27857866,-0.0045236493,0.06773653,0.23403342
27866681,-0.0045506507,0.059953894,0.23105527
27877866,0.0033546614,0.059864223,0.24265736
27886684,0.018821878,0.06778137,0.2279849
27895467,0.020838298,0.0735791,0.23530766
27905898,-0.0026136008,0.06581888,0.22962347
27915467,0.011023484,0.08339147,0.22817552
27925866,-0.0045757494,0.07948894,0.22828697
27935466,-0.0024815842,0.061804283,0.24418448
27945867,-0.0024815842,0.061804283,0.24418448
27954683,0.011023484,0.08339147,0.22817552
27964271,-0.008476304,0.06778137,0.2282324
27974677,0.0012332235,0.06586372,0.22375171
27985882,0.0012866826,0.07362393,0.22964807
27994704,0.0012866826,0.07362393,0.22964807
28003467,0.0052647092,0.05794659,0.23824741
28013877,0.003224275,0.08729399,0.22827621
28023470,0.0070967423,0.07560883,0.2252327
28033872,-0.010360166,0.06577405,0.23553057
28043467,-0.010360166,0.06577405,0.23553057
28053906,0.009139622,0.08138416,0.23547369
28062669,0.013011273,0.057991423,0.23234029
28073866,-0.0025879585,0.054088894,0.23245174
28082680,-0.00065009465,0.07166147,0.23110984
28092267,-0.00065009465,0.07166147,0.23110984
28101913,0.01500178,0.071616635,0.23680484
28111467,0.009085348,0.061916366,0.22948742
28121882,-0.0044170027,0.079354435,0.24579617
28131466,0.018901523,0.071616635,0.23676948
28141879,0.018901523,0.071616635,0.23676948
28150667,0.009217909,0.0657068,0.2441084
28161880,-0.0005974507,0.06771411,0.23691629
28170667,-0.008502762,0.06780378,0.22531419
28181891,-0.024075264,0.06778137,0.22837383
28190667,-0.024075264,0.06778137,0.22837383
28199476,-0.0045765648,0.06778137,0.22819704
28209876,-0.008396659,0.071616635,0.23701698
28219476,-0.00070355355,0.06390125,0.2252135
28229909,-0.008424203,0.056028947,0.23397885
28240267,-0.008424203,0.056028947,0.23397885
28249871,-0.0025868716,0.06969899,0.23257165
28258666,0.014975595,0.07554158,0.2339166
28269911,-0.008396659,0.071616635,0.23701698
28278667,0.012986174,0.077526465,0.22957197
