timestamp,gyro_rad[0],gyro_rad[1],gyro_rad[2],gyro_integral_dt,accelerometer_timestamp_relative,accelerometer_m_s2[0],accelerometer_m_s2[1],accelerometer_m_s2[2],accelerometer_integral_dt
22009869,-0.0015541669,-0.0030934254,-0.003424269,3975,0,-0.06864134,-0.020617919,-9.609346,3975
22077876,-0.0020647827,-0.0021466122,-0.0018111567,4007,0,-0.055150624,-0.03291375,-9.631782,4007
22081869,-0.0032154312,-0.0016221436,-0.00073685846,3993,0,-0.07981099,-0.018135987,-9.627138,3993
22085880,-0.0022756974,7.11386e-05,-0.00084468356,4011,0,-0.07332225,-0.013628828,-9.646656,4011
22089881,-0.0031937563,-0.0030103398,0.0012738609,4001,0,-0.06775064,-0.022281844,-9.650447,4001
22093884,-0.002461177,-0.003971754,0.0003012993,4003,0,-0.058599256,-0.018949581,-9.642053,4003
22097886,-0.0031390863,-0.0027789464,-0.0023439704,4002,0,-0.06179602,-0.00780353,-9.66745,4002
22101869,-0.0013987833,-0.0017386223,0.00051989144,3983,0,-0.07645819,-0.007874895,-9.663495,3983
22105895,-0.0006420738,-0.0032176923,0.00030423954,4026,0,-0.07161,-0.024604574,-9.653844,4026
22109869,-0.0032455155,-0.0018141597,-0.0020105925,3974,0,-0.07228219,-0.029567795,-9.63197,3974
22113869,-0.0036497505,-0.0020496792,-0.00052338466,4000,0,-0.07472753,-0.03738421,-9.600876,4000
22117897,-0.0021412321,-0.001958884,0.00094462675,4028,0,-0.056893807,-0.025765326,-9.62513,4028
22121869,-0.00079052907,-0.0035327785,-0.0018445555,3972,0,-0.036700897,-0.01655076,-9.647489,3972
22125882,-0.0023987573,-0.0010799918,-0.0022499429,4013,0,-0.04885891,-0.013102619,-9.664936,4013
22129869,-0.0018446427,-0.0005583244,-0.0010633224,3987,0,-0.054639686,-0.018534092,-9.634071,3987
22133884,-0.005054532,-0.0036296372,-0.0027428828,4015,0,-0.06488904,-0.030385023,-9.652385,4015
22137894,-0.005382834,-0.0012845868,-0.0034729452,4010,0,-0.07614566,-0.026068568,-9.64272,4010
22141869,-0.0024817728,-0.0023735198,-0.0013831846,3975,0,-0.055276524,-0.019423721,-9.648287,3975
22145904,-0.0020402917,-0.0035465318,0.00040764164,4035,0,-0.07193285,-0.01803676,-9.642352,4035
22149871,-0.0013160558,-0.0014986208,-0.0016157887,3967,0,-0.07653041,-0.010918069,-9.632847,3967
22153893,-0.0028098747,-0.0016192166,-0.0014870059,4022,0,-0.07328082,-0.004663324,-9.638481,4022
22157869,-0.0003783025,-0.0022476546,-0.0030128425,3976,0,-0.07909524,-0.01514931,-9.644566,3976
22161869,-0.0012385305,-0.0017044231,-0.0040648202,4000,0,-0.059596624,-0.0022921052,-9.643311,4000
22165880,-6.9909926e-05,-0.0017103334,-0.003863978,4011,0,-0.057172805,0.006357818,-9.648593,4011
22169868,0.00017237607,-0.0017335739,-0.0012106214,3988,0,-0.07268376,0.004821707,-9.629016,3988
22173105,-0.0022021413,5.1387186e-05,-0.0015660841,3237,0,-0.061469775,-0.011878164,-9.637904,3237
22177868,-0.0030383992,-0.0013236941,-0.0017893675,4763,0,-0.07400234,-0.013056482,-9.634743,4763
22181871,-0.0022852025,-0.0017243039,-0.0032013766,4003,0,-0.087207735,-0.013739644,-9.644485,4003
22185900,-0.0038040488,-0.00085997424,-0.003276607,4029,0,-0.054608528,-0.014263757,-9.629815,4029
22189869,-4.8530586e-05,-0.0036385593,-0.0019626583,3969,0,-0.06474272,-0.01658148,-9.643413,3969
22193891,-0.0018471717,-0.0029011865,-0.0016126812,4022,0,-0.084920205,-0.012965689,-9.619039,4022
22197869,-0.0016303726,-0.0014139306,-0.0010727579,3978,0,-0.06520226,-0.022071464,-9.6051655,3978
22201897,-0.0012166605,-0.002145199,-0.0020446747,4028,0,-0.068209566,-0.02296698,-9.614998,4028
22205869,0.00017992864,-0.0027871693,-0.0019565048,3972,0,-0.07261836,-0.020509373,-9.623898,3972
22209868,-0.0017452263,-0.0029942829,-0.00172223,3999,0,-0.081033505,-0.012453221,-9.6143265,3999
22213875,-0.003337863,-0.00056863006,-0.0020023715,4007,0,-0.07932631,-0.03192223,-9.622934,4007
22217869,-0.0024914243,-0.0019390016,-0.0017063814,3994,0,-0.07914829,-0.042326707,-9.6495075,3994
22221868,-0.0024686835,-0.0022974946,0.0003094486,3999,0,-0.081773855,-0.030844798,-9.665076,3999
22225869,-0.0037460842,-0.0031991326,-0.00063275034,4001,0,-0.07414549,-0.019936435,-9.634818,4001
22229881,-0.0038671806,-0.003651697,-0.0008441345,4012,0,-0.07451648,-0.038189936,-9.621206,4012
22233875,-0.0028947485,-0.001314269,-0.00020892774,3994,0,-0.07277286,-0.03382336,-9.635363,3994
22237869,-0.003318739,0.00060477364,0.00055407063,3994,0,-0.06825782,-0.027498696,-9.654731,3994
22241869,-0.0015241756,-0.0013002756,-0.00086099433,4000,0,-0.08384501,-0.037541166,-9.647557,4000
22245869,-0.0029350184,-0.0015990878,-0.0036074624,4000,0,-0.06996627,-0.031011429,-9.637738,4000
22249869,-0.0029493857,-0.0010809645,-0.0032999679,4000,0,-0.075186394,-0.018531801,-9.640854,4000
22253903,-0.0033301332,-0.0016275245,-0.00030458497,4034,0,-0.07501168,-0.008079337,-9.625196,4034
22257881,-0.002474897,-0.0022569317,-0.0011912344,3978,0,-0.06835292,-0.0014271776,-9.625263,3978
22261869,-0.0013219902,-0.0028797777,-0.0024870432,3988,0,-0.0793453,-0.017112158,-9.629473,3988
22265879,-0.0011057041,-0.0016522518,-0.0013971227,4010,0,-0.068083726,-0.0326818,-9.635017,4010
22269869,-0.0009845471,-0.0009838335,-0.00023241356,3990,0,-0.064390056,-0.031132074,-9.612768,3990
22273908,0.0010055162,-0.00064187124,-0.0029192145,4039,0,-0.06831336,-0.031513102,-9.619333,4039
22277868,-0.0003823847,-0.0006560153,-0.002890715,3960,0,-0.06801291,-0.018056277,-9.634375,3960
22281875,-0.0022623478,-0.0019439438,-0.0004296819,4007,0,-0.07620915,-0.0065435963,-9.643655,4007
22285923,-0.0029259673,-0.0039580124,-0.0022477512,4048,0,-0.06862614,-0.019453177,-9.649489,4048
22289869,-0.0016370558,-0.0034210174,-0.001280361,3946,0,-0.057661474,-0.01974168,-9.649087,3946
22293917,-0.0013074132,-0.002464722,-0.0006631614,4048,0,-0.071224265,-0.003769267,-9.627159,4048
22297877,-0.0015275752,-0.0011955168,-0.000649572,3960,0,-0.06921747,-0.011057877,-9.621011,3960
22301875,-0.0011022714,0.0004138496,-0.0008531829,3998,0,-0.05825434,-0.03246763,-9.617099,3998
22305869,-0.001742992,-0.0025840166,-0.0015124156,3994,0,-0.05911278,-0.0371588,-9.644492,3994
22309869,-0.0023810938,8.506656e-05,-0.0017965634,4000,0,-0.060401578,-0.023306254,-9.640191,4000
22313899,-0.0033362943,-0.0013007453,-0.0014742495,4030,0,-0.07132668,-0.023376497,-9.63198,4030
22317869,-0.0010980442,-0.00012354297,-0.0016088006,3970,0,-0.071850665,-0.03591997,-9.599879,3970
22321878,-0.00035744093,-0.0021519703,-0.0012030784,4009,0,-0.06426043,-0.03069386,-9.60235,4009
22325869,-0.0028935757,-0.0022731258,-0.00063908217,3991,0,-0.06322548,-0.021378279,-9.633498,3991
22329868,-0.0025842036,-0.0013009998,-0.00053038093,3999,0,-0.053265892,-0.034304567,-9.635037,3999
22333895,-0.0013222316,-0.0047055734,-0.0019555702,4027,0,-0.07057653,-0.04999137,-9.646321,4027
22337869,-0.00014989817,-0.0015034673,-0.0016212431,3974,0,-0.07589228,-0.042026557,-9.620184,3974
22341887,0.00017565154,-0.0015140874,-0.0008871771,4018,0,-0.063869685,-0.03302887,-9.60755,4018
22345869,-0.0010156017,-0.0027853586,-0.0024752752,3982,0,-0.07005618,-0.027304305,-9.611255,3982
22349871,6.948988e-05,-0.0002496708,-0.0010940765,4002,0,-0.070029825,-0.020932246,-9.638043,4002
22353869,-0.0021652726,0.00040186467,-0.0011633798,3998,0,-0.06097363,-0.02468716,-9.644419,3998
22357868,-0.0018643023,-0.002462894,-0.0022512258,3999,0,-0.07521975,-0.030879794,-9.640048,3999
22361875,-0.0015236912,-0.0019450675,-0.0010765608,4007,0,-0.061224405,-0.044900734,-9.621854,4007
22365869,-0.0018685819,-0.0014148541,-0.0024544515,3994,0,-0.060396053,-0.031924896,-9.636722,3994
22369930,-0.002376435,-0.0032306064,-0.0009742021,4061,0,-0.077779844,-0.01836981,-9.651726,4061
22373869,-0.0017257668,-0.0019182811,-0.00095969817,3939,0,-0.0711726,-0.008053517,-9.628882,3939
22377869,0.0002848578,-0.0015124333,-0.00067117956,4000,0,-0.07659497,-0.009429884,-9.639351,4000
22381878,-0.0036372535,-0.0009949997,0.00033556874,4009,0,-0.0788607,-0.0018633239,-9.626094,4009
22385868,-0.0019254637,-0.0005401509,0.0002158435,3990,0,-0.06709257,-0.01565375,-9.635323,3990
22389882,-0.00089953054,-0.0027866827,-0.0014145611,4014,0,-0.06920703,-0.029380118,-9.656493,4014
22393869,-0.0014498784,0.00019954688,-0.0027706113,3987,0,-0.06289733,-0.044752646,-9.645432,3987
22397880,-0.0014494928,-0.002248805,-0.002576311,4011,0,-0.06477149,-0.027149003,-9.647628,4011
22401918,-0.0021781384,-0.00045273078,-0.00041214924,4038,0,-0.07835264,-0.015561214,-9.660193,4038
22405869,-0.0019352561,-0.0018466514,-2.3632805e-05,3951,0,-0.07513721,-0.011783934,-9.640331,3951
22409876,0.0004085274,-0.0033302116,-0.00024790948,4007,0,-0.08934702,-0.024222974,-9.627623,4007
22413869,-0.0020687412,-0.0025749234,-0.0017127983,3993,0,-0.0742461,-0.03568589,-9.641054,3993
22417868,-0.0019258815,-0.005130286,0.00060673215,3999,0,-0.11223882,-0.011400357,-9.645709,3999
22421883,-0.0020712647,0.0012260417,-0.002963286,4015,0,-0.12582535,-0.056449823,-9.673944,4015
22425881,-0.005850018,0.0032013336,-0.0074011874,3998,0,0.34893224,-0.045520227,-9.632339,3998
22429876,0.0009519807,-0.034177452,-0.0004526699,3995,0,-0.4014605,0.13038227,-9.571149,3995
22433877,0.0090104975,0.034894574,-0.009197553,4001,0,-0.040704843,-0.067741714,-9.684326,4001
22437869,-0.011573106,-0.015925702,-0.006687243,3992,0,0.16587156,-0.42953268,-9.675307,3992
22441919,-0.017270554,-0.015554538,-0.0011842152,4050,0,-0.3736468,0.5149581,-9.650741,4050
22445869,0.041457053,0.026924117,-0.0050872224,3950,0,0.14315432,-0.079806544,-9.528237,3950
22449875,-0.018806327,-0.01994528,-0.003949824,4006,0,-0.02166054,-0.46646369,-9.658658,4006
22453890,-0.018796407,-0.0037723328,-0.0068344367,4015,0,-0.25276282,0.25734657,-9.649637,4015
22457868,0.014270502,0.010658276,-0.0052330224,3978,0,0.12611023,0.23278025,-9.669552,3978
22461890,0.028452594,-0.017532803,-0.015896797,4022,0,-0.039245367,-0.584291,-9.682834,4022
22465869,-0.048482865,-0.01680067,-0.0038769506,3979,0,-0.52533567,0.2343504,-9.554406,3979
22469872,0.036533643,0.038491286,-0.019596953,4003,0,0.27103257,0.22000875,-9.75065,4003
22473891,-0.00809025,-0.03801165,-0.0108891595,4019,0,-0.014051007,-0.9321411,-9.708842,4019
22477875,-0.029529305,-0.015323099,-0.0030482444,3984,0,-0.52461785,1.2796707,-9.428558,3984
22481881,0.07092464,0.054827597,-0.017806057,4006,0,0.4084798,-0.8863317,-9.759761,4006
22485869,-0.052765965,-0.06883939,-0.0037948543,3988,0,-0.2127202,-0.14192383,-9.76088,3988
22489878,0.004685287,0.02443384,-0.011290368,4009,0,-0.4631959,0.44754416,-9.37618,4009
22493869,0.024050673,0.027471256,-0.014199196,3991,0,0.7181678,-0.09185859,-9.858916,3991
22497875,0.0068061105,-0.06897219,0.002262237,4006,0,-0.6684604,-0.46912703,-9.477145,4006
22501869,-0.044487584,0.058605216,-0.005708579,3994,0,-0.0635397,0.3337001,-9.624035,3994
22505869,0.041954108,-0.024352638,0.004122045,4000,0,0.24410881,0.19790478,-9.755263,4000
22509881,-0.013021453,-0.0023097708,0.012182103,4012,0,-0.22066805,-0.4974896,-9.527895,4012
22513869,-0.01771799,0.00042607033,0.020773519,3988,0,-0.06491119,0.45776084,-9.615419,3988
22517883,0.0057578674,0.015112484,0.02066495,4014,0,-0.014393706,-0.24511944,-9.596124,4014
22521870,-0.020427728,-0.013007895,0.02836792,3987,0,-0.08193802,0.043229707,-9.672099,3987
22525868,-0.0058907713,0.0057503833,0.0295294,3998,0,-0.17397648,0.120687924,-9.599753,3998
22529882,-0.009974794,0.0077908584,0.024529137,4014,0,-0.013835171,-0.12626956,-9.553034,4014
22533868,-0.019668093,-0.0027211779,0.02646625,3986,0,-0.19125581,0.078680255,-9.659119,3986
22537902,-0.014896161,0.015176577,0.019631904,4034,0,0.028461643,-0.062621206,-9.763435,4034
22541869,-0.024644408,-0.010304873,0.024921913,3967,0,-0.1248641,-0.020326024,-9.577785,3967
22545869,-0.0074778567,0.009616394,0.01667053,4000,0,-0.0900597,0.035482265,-9.617426,4000
22549918,-0.023946196,0.000705631,0.012940982,4049,0,-0.099503145,-0.16041179,-9.639117,4049
22553870,-0.014472029,0.002076661,0.012627505,3952,0,-0.048138782,0.3200084,-9.741352,3952
22557910,0.002540497,0.0055788443,0.006158213,4040,0,0.053935256,-0.3955725,-9.6462755,4040
22561869,-0.029981991,-0.019125104,-0.00044751144,3959,0,-0.34199414,0.013947993,-9.484492,3959
22565887,0.0036853605,0.027590647,-0.004926469,4018,0,0.19210602,0.18899728,-9.698913,4018
22569878,0.006964013,-0.029622337,-0.00604026,3991,0,-0.058726538,-0.28451434,-9.718736,3991
22573869,-0.0118405735,0.0013858225,-0.009316331,3991,0,-0.35743546,0.011795513,-9.463323,3991
22577885,0.0041073193,0.02199858,-0.011871971,4016,0,0.409281,0.13202102,-9.807865,4016
22581869,0.017126845,-0.04571185,-0.014766108,3984,0,-0.42839366,-0.41060656,-9.562073,3984
22585875,-0.00752147,0.033572428,-0.024489481,4006,0,-0.02071178,0.36023465,-9.567086,4006
22589919,0.04832083,-0.018756138,-0.01722067,4044,0,0.422858,-0.18169525,-9.709689,4044
22593880,-0.012746993,-0.034575567,-0.01395022,3961,0,-0.87033033,-0.5230109,-9.552493,3961
22597869,0.00043908795,0.05276459,-0.022378331,3989,0,0.56293374,0.76529485,-9.717892,3989
22601877,0.06994838,-0.0644935,-0.012042047,4008,0,-0.06822606,-0.40356046,-9.64798,4008
22605876,-0.036727987,0.012613691,-0.017399108,3999,0,-0.8216,-0.38088033,-9.606477,3999
22609899,0.008775369,0.036368236,-0.020666469,4023,0,1.0157548,0.6222805,-9.682764,4023
22613869,0.04789737,-0.08788391,-0.005098379,3970,0,-0.7525949,-0.47844344,-9.592375,3970
22617888,-0.032502502,0.06283917,-0.021920884,4019,0,-0.30596197,-0.1404124,-9.66851,4019
22621880,0.0074719777,-0.013248033,-0.011423834,3992,0,0.79173374,0.28709364,-9.721676,3992
22625875,0.015361063,-0.05240019,-0.0070287557,3995,0,-0.9226333,-0.21427277,-9.586107,3995
22629868,-0.02123092,0.06711996,-0.0157563,3993,0,0.14881662,-0.2059951,-9.575229,3993
22633869,-0.009975773,-0.040287558,-0.0018420174,4001,0,0.27837422,0.36370513,-9.751238,4001
22637874,0.021117952,-0.004636116,-0.0022269853,4005,0,-0.6401492,-0.16072081,-9.596033,4005
22641895,-0.030865587,0.033126105,-0.0047252844,4021,0,0.2835344,-0.22202188,-9.615887,4021
22645875,-0.022889283,-0.034952205,0.0049526994,3980,0,-0.07595014,0.3864568,-9.677837,3980
22649880,0.01518267,0.01753288,0.0011634534,4005,0,-0.34846947,-0.121133216,-9.623012,4005
22653869,-0.029384444,0.012857032,0.005830383,3989,0,0.27790317,-0.1785913,-9.638343,3989
22657884,-0.015635418,-0.028616855,0.011809798,4015,0,-0.24093187,0.32164934,-9.553973,4015
22661869,0.002815447,0.022748433,0.004260935,3985,0,-0.11064126,-0.09321652,-9.667013,3985
22665869,-0.019959847,-0.0051787044,0.011552463,4000,0,0.1178272,-0.12117401,-9.681215,4000
22669869,-0.008512639,-0.011714813,0.013527118,4000,0,-0.2046581,0.2777671,-9.584153,4000
22673875,0.0046479166,0.019315688,0.008761254,4006,0,0.00247963,-0.14644629,-9.705669,4006
22677886,-0.014481585,-0.013332997,0.011577432,4011,0,0.036763232,-0.047270697,-9.631107,4011
22681869,0.00027442828,-0.0020628837,0.012400102,3983,0,-0.17740908,0.20624879,-9.614622,3983
22685899,0.0043823165,0.012539202,0.0072129345,4030,0,0.0060435534,-0.14570516,-9.6924,4030
22689869,-0.0056959675,-0.01112072,0.00816027,3970,0,-0.13030575,-0.05498856,-9.628249,3970
22693875,-0.002504485,0.008002097,0.006873689,4006,0,0.0777576,0.1254272,-9.653939,4006
22697886,0.0069689723,-0.011439876,0.0062076706,4011,0,-0.25005284,-0.055157345,-9.639775,4011
22701868,0.0015072948,0.018136868,-0.0019779417,3982,0,-0.015498171,-0.1626382,-9.65833,3982
22705920,-0.0037763775,-0.012929928,0.0017556128,4052,0,0.09400191,0.09941765,-9.712146,4052
22709869,0.009512955,-0.008295885,-0.0036688107,3949,0,-0.42177382,-0.10291692,-9.623146,3949
22713875,-0.0041547357,0.022174863,-0.009214401,4006,0,0.11042145,-0.16808756,-9.671558,4006
22717874,0.0038823958,-0.022478275,-0.006813311,3999,0,0.035120383,0.1324613,-9.644456,3999
22721891,0.009645826,-0.003290311,-0.012190315,4017,0,-0.38718638,-0.15772171,-9.579781,4017
22725886,-0.012450056,0.019126436,-0.014975681,3995,0,0.1599541,-0.08573066,-9.698343,3995
22729880,0.00466395,-0.027669253,-0.010122268,3994,0,-0.049568396,0.062340748,-9.632832,3994
22733887,0.0056105494,0.0037184982,-0.015249334,4007,0,-0.36490124,-0.057396337,-9.60243,4007
22737894,-0.005033023,0.015496973,-0.01813806,4007,0,0.36380044,-0.092576616,-9.725035,4007
22741869,-0.0012600932,-0.04129375,-0.009839538,3975,0,-0.30102167,-0.064356126,-9.592615,3975
22745872,0.0013070868,0.026784774,-0.019131673,4003,0,-0.07318266,0.10567888,-9.641008,4003
22749868,0.009479722,-0.014543359,-0.014598139,3996,0,0.2573837,-0.1495991,-9.618924,3996
22753869,-0.0014072425,-0.017931784,-0.0095784515,4001,0,-0.4718253,-0.050863028,-9.649877,4001
22757889,0.00092215615,0.0256226,-0.0112550575,4020,0,0.274407,0.055321094,-9.611253,4020
22761887,0.011696252,-0.031472765,-0.0075018522,3998,0,-0.06878366,-0.028028764,-9.615011,3998
22765892,0.0042071445,0.00416513,-0.008134595,4005,0,-0.20330317,-0.062549785,-9.593268,4005
22769877,0.0046308045,0.0022045518,-0.0019863774,3985,0,0.019399649,-0.013527343,-9.65429,3985
22773869,-0.00023101574,-0.009505561,0.00066840736,3992,0,-0.0006021098,-0.01609442,-9.652214,3992
22777871,-0.00021452364,-0.0011124496,0.0018891726,4002,0,-0.21792236,0.044966254,-9.626439,4002
22781875,0.0015227844,0.008701497,0.0032827104,4004,0,-0.05916191,-0.12503362,-9.626502,4004
22785869,-0.007011871,-0.0069746,0.0050136256,3994,0,-0.08003407,-0.014494259,-9.689211,3994
22789894,-0.005211356,-0.004242865,0.007478599,4025,0,-0.13040443,0.02927872,-9.629187,4025
22793869,-0.0036817538,0.0015713011,0.008982597,3975,0,-0.17066184,-0.03784644,-9.663519,3975
22797869,-0.011201373,0.0075804363,0.008253143,4000,0,0.023055194,-0.06732641,-9.702424,4000
22801876,-0.0106547475,-0.011667484,0.010149724,4007,0,-0.15625349,0.067315236,-9.716325,4007
22805878,-0.004598449,0.012478714,0.008314301,4002,0,-0.16001803,-0.08633971,-9.649274,4002
22809880,-0.02455821,0.0034650294,0.00808205,4002,0,0.0053451764,-0.052441258,-9.61148,4002
22813869,-0.0154661145,-9.554496e-05,0.0057120686,3989,0,-0.07433277,0.06963991,-9.593478,3989
22817883,-0.0029209382,0.002068954,0.0059849652,4014,0,-0.18869427,0.0026324987,-9.685309,4014
22821875,-0.01790847,0.011509157,0.002171257,3992,0,0.015770154,-0.06342538,-9.645703,3992
22825869,-0.010773184,-0.0031683038,0.00064440985,3994,0,-0.10097617,0.08892235,-9.611417,3994
22829885,-0.0063691735,0.010403404,-0.005307005,4016,0,-0.009319398,-0.099911585,-9.629451,4016
22833869,-0.009706966,-0.0021583876,-0.0030791338,3984,0,-0.039925873,0.076612376,-9.622248,3984
22837869,0.018250214,0.003859771,-0.011833429,4000,0,-0.001679522,0.02592879,-9.663174,4000
22841869,0.002482451,0.0019679926,-0.009100506,4000,0,0.054695986,-0.2125017,-9.63217,4000
22845895,-0.0064135636,-0.011169192,-0.008525307,4026,0,-0.16745795,0.05513375,-9.580095,4026
22849869,0.021378763,0.014518019,-0.012234332,3974,0,0.13522823,0.19010364,-9.667039,3974
22853912,0.024219034,-0.024528807,-0.00864976,4043,0,-0.016953114,-0.28180483,-9.554821,4043
22857869,-0.00057285576,-0.0030321153,-0.014145813,3957,0,-0.21038103,-0.03785588,-9.634727,3957
22861869,0.014484931,0.0013473473,-0.013112136,4000,0,0.15326361,0.07722099,-9.719588,4000
22865919,0.018426856,-0.020769043,-0.0070798867,4050,0,-0.044148654,0.004288917,-9.621162,4050
22869875,0.011434948,-0.0049289493,-0.009568583,3956,0,-0.16498367,-0.21228692,-9.595699,3956
22873889,-0.011582104,-0.0019816712,-0.008830033,4014,0,0.0141425915,0.050622303,-9.730477,4014
22877870,0.015972525,-0.014572353,-0.008505977,3981,0,-0.001319943,0.028985111,-9.691175,3981
22881869,0.0013579476,-0.009658652,-0.010315689,3999,0,-0.30530876,-0.27277923,-9.573449,3999
22885894,-0.003967543,0.006420609,-0.010986057,4025,0,-0.10699242,0.18810843,-9.589963,4025
22889875,0.011494517,-0.002656512,-0.007080847,3981,0,0.016007865,-0.17203803,-9.682739,3981
22893097,-0.018506182,-0.01756038,-0.007190218,3222,0,-0.3938189,-0.16379187,-9.713607,3222
22897070,-0.010856463,0.016516767,-0.0074388767,3973,0,-0.17196116,0.22616021,-9.583399,3973
22901068,0.0049788645,0.0076147495,-0.009300972,3998,0,0.08644435,-0.1544858,-9.722942,3998
22904337,-0.022243688,-0.009975725,-0.0011393635,3269,0,-0.19263613,-0.22468692,-9.6655445,3269
22908300,-0.016127022,0.009136165,-0.00784638,3963,0,-0.27151147,0.25391966,-9.685714,3963
22913111,0.0035058549,0.01478731,-0.006642254,4811,0,0.12085914,-0.25000125,-9.662268,4811
22917069,-0.018556977,-0.012114611,-0.0016803175,3958,0,-0.19694313,0.063236296,-9.565411,3958
22921102,0.0040191473,0.021490308,-0.0033456995,4033,0,-0.009987828,0.13419515,-9.659343,4033
22925869,0.006333865,-0.00073739886,0.0024672581,4767,0,-0.020412633,-0.13372153,-9.670494,4767
22929881,-0.011119792,0.004061744,0.003220695,4012,0,-0.10871668,-0.2602358,-9.424562,4012
22933116,-0.02524628,0.0062282546,0.0059916736,3235,0,0.17776537,0.2662414,-9.508933,3235
22937069,0.02094866,-0.0065532667,0.011386453,3953,0,0.026997551,0.029880965,-9.6170845,3953
22941106,0.0017963855,-0.001076182,0.01186559,4037,0,-0.26468456,-0.25399044,-9.620127,4037
22944330,-0.02168401,0.018963343,0.013226395,3224,0,0.2115455,0.052204322,-9.679446,3224
22949086,-0.000103339844,-0.023106942,0.017387742,4756,0,-0.06431604,0.027879762,-9.605355,4756
22953095,-0.006597271,0.008836038,0.017033191,4009,0,-0.1172985,0.055535514,-9.601572,4009
22957069,-0.0046142098,0.0025195007,0.015161114,3974,0,0.013346762,0.027318241,-9.665879,3974
22961081,0.0011783056,-0.0048321127,0.008575386,4012,0,-0.242134,-0.20630541,-9.679883,4012
22964301,-0.030606233,0.013718794,0.005680916,3220,0,0.09192649,0.02856656,-9.586474,3220
22968319,0.0038537157,-0.01721897,0.008443867,4018,0,0.031749245,0.40989432,-9.495354,4018
22973069,0.0016077182,0.008170635,-0.0011250942,4750,0,-0.3151035,-0.5278144,-9.689007,4750
22977073,-0.047239322,0.008151496,-0.0075736716,4004,0,0.15636387,0.2553867,-9.830591,4004
22981068,0.025506942,-0.014508223,-0.009273492,3995,0,-0.14548726,0.12865344,-9.683856,3995
22984309,0.0032009783,0.010754999,-0.014862496,3241,0,-0.0723093,-0.33522257,-9.665545,3241
22989075,-0.014698914,-0.008119241,-0.0053932066,4766,0,-0.025821038,0.27468178,-9.666709,4766
22993081,0.018471604,0.0031614725,-0.010998758,4006,0,-0.14900388,-0.18156819,-9.553407,4006
22997075,-0.010262505,-0.002647662,-0.015131291,3994,0,0.17294243,-0.18150301,-9.557184,3994
23001068,0.0014126726,-0.021016272,-0.010288723,3993,0,-0.10189027,0.30256024,-9.58454,3993
23004309,0.026392063,0.0031617824,-0.0062037916,3241,0,-0.36289704,-0.07346807,-9.606151,3241
23017075,0.043167125,0.00764287,-0.004457338,4006,0,-0.28086475,0.06480025,-9.563739,4006
23024308,-0.011522396,-0.01392097,-0.0022240055,3232,0,-0.13046916,0.043884028,-9.720734,3232
23028314,0.0011826038,0.0035542746,-0.00040112375,4006,0,0.08517929,-0.0232356,-9.589933,4006
23033069,-0.0015227898,-0.0076337485,0.004373878,4755,0,-0.2537633,0.10928262,-9.572185,4755
23037077,0.010682042,0.030909184,-0.010039053,4008,0,-0.15623334,-0.39737654,-9.643329,4008
23041118,-0.025050748,-0.0032110517,-0.0050064693,4041,0,0.41676417,0.18919343,-9.737754,4041
23045082,0.028597128,-0.022919085,0.0024124426,3964,0,-0.353901,0.18036103,-9.773646,3964
23049091,-0.0017920354,0.030314472,0.0016636527,4009,0,-0.11833162,-0.29732695,-9.769699,4009
23053079,-0.0034634199,-0.008693128,0.0037032876,3988,0,0.14407998,0.05646582,-9.540806,3988
23057094,-0.0073062694,-0.0009827235,0.0021968794,4015,0,-0.10560574,-0.48980266,-9.549493,4015
23061078,-0.03243219,-0.0009316269,0.011070626,3984,0,-0.063477345,0.5412806,-9.7332115,3984
23064317,0.037954196,0.0021902733,0.008474996,3239,0,-0.24443878,-0.117228724,-9.379092,3239
23069068,-0.044123333,0.018747188,0.004995264,4751,0,0.08269526,-0.56725436,-9.595874,4751
23073068,-0.016133111,-0.028709082,0.010004209,4000,0,-0.0491875,0.74901485,-9.64412,4000
23077070,0.029564103,0.007294227,0.009453797,4002,0,-0.26676095,-0.30498096,-9.70153,4002
23081069,-0.035518777,0.004744635,0.0057842406,3999,0,-0.0771516,-0.31898952,-9.974988,3999
23084318,-0.027994348,-0.01623387,0.0034825548,3249,0,0.04300157,-0.11962634,-9.408517,3249
23089108,-0.027058728,0.0021841952,0.0028388523,4790,0,-0.16844824,0.5231972,-9.792224,4790
23093069,0.0313749,-0.00024732074,0.001025397,3961,0,-0.1800472,-0.54506844,-9.341598,3961
23097075,-0.06931974,0.018970948,-0.006661302,4006,0,0.18743268,-0.11517771,-9.638968,4006
23101100,0.015095822,-0.029859373,-0.0031399056,4025,0,0.031263314,0.75125885,-9.621464,4025
23105075,0.037222613,0.01632101,-0.0016045058,3975,0,-0.3598996,-0.2671682,-9.718131,3975
23109120,0.0007473537,0.0115783075,-0.005632003,4045,0,0.10759785,-0.095870495,-9.88765,4045
23113069,-0.018060535,-0.0058442755,0.003166927,3949,0,0.32827216,-0.4098423,-9.541402,3949
23117070,-0.004531822,-0.028546775,0.021135528,4001,0,-0.30437815,0.7906663,-9.654972,4001
23121101,0.054565713,0.024096144,0.024605902,4031,0,-0.068648204,-0.47635862,-9.205477,4031
23125075,-0.06063879,-0.01244881,0.039674874,3974,0,0.16260894,0.24056126,-9.649379,3974
23129091,0.032123365,-0.027282935,0.039983973,4016,0,-0.5381,0.16259891,-9.703383,4016
23133069,-0.006773017,0.041285824,0.033372913,3978,0,-0.013156542,0.018610662,-9.960557,3978
23137069,0.024820542,-0.031329785,0.03785984,4000,0,-0.2910272,0.03426109,-9.706287,4000
23141068,-0.035772603,0.052369244,0.017140668,3999,0,-0.32301995,-0.8317795,-9.942023,3999
23145079,-0.05176036,-0.022715561,0.027361523,4011,0,0.2040013,1.0712503,-9.76462,4011
23149084,0.030966936,0.03151429,0.001646483,4005,0,-0.8279301,-0.8773022,-9.59308,4005
23153069,-0.055835426,0.030338794,-0.012752327,3985,0,0.584339,0.39547405,-9.764524,3985
23157070,0.048935577,-0.026877116,-0.0038702746,4001,0,-0.56248206,0.39793226,-9.593443,4001
23161069,0.0024052649,0.06563802,-0.03381448,3999,0,-0.019680675,-0.739894,-9.289352,3999
23165078,-0.034724697,0.0026698248,-0.025662,4009,0,0.32599193,0.10284368,-9.833259,4009
23169093,0.028224513,-0.010006589,-0.040196408,4015,0,-0.42343712,0.20182382,-9.477623,4015
23173077,0.019107431,0.054852013,-0.049570944,3984,0,0.15061134,-0.44837734,-9.51424,3984
23177069,0.0011997474,-0.034208864,-0.037386626,3992,0,-0.01592309,0.25391272,-9.43906,3992
23181070,0.059478793,0.023867903,-0.049140986,4001,0,-0.21876214,0.17544463,-9.422593,4001
23185078,0.029059686,0.010609098,-0.049862195,4008,0,0.24870956,-0.83596545,-9.585157,4008
23189108,-0.014965626,-0.016397968,-0.049452983,4030,0,-0.33251077,0.5772005,-9.722614,4030
23193077,0.07261008,0.052186605,-0.0560465,3969,0,0.2556832,-0.33445415,-9.44751,3969
23197073,0.0131551875,-0.020895656,-0.04319587,3996,0,0.26469603,-0.21109565,-9.788136,3996
23201071,0.033179786,-0.009674496,-0.036156707,3998,0,0.046095483,0.46310627,-9.594562,3998
23205069,0.06539221,0.006295572,-0.034762356,3998,0,0.14876433,-0.32390445,-9.552186,3998
23209119,-0.013703699,-0.016894499,-0.015657632,4050,0,0.1644113,-0.22658892,-9.892853,4050
23213079,-0.0045228107,-0.010467503,-0.011815459,3960,0,-0.21883461,-0.16523184,-9.710133,3960
23217099,0.009330454,-0.006095804,-0.007848475,4020,0,-0.07611627,0.27317867,-9.671031,4020
23221072,0.031629756,0.008454244,0.0031735767,3973,0,-0.39733398,-0.2991032,-9.709028,3973
23225069,-0.041251663,0.01184972,0.0015638984,3997,0,0.043188702,-0.28444576,-9.519159,3997
23229085,-0.043541793,-0.0057683536,0.0154582225,4016,0,-0.15151882,0.18365054,-9.666938,4016
23233074,-0.019374574,0.01708538,0.010685151,3989,0,-0.47126374,0.03435257,-9.758586,3989
23237070,-0.013979082,0.035532765,0.014632284,3996,0,-0.06800897,-0.08449233,-9.945229,3996
23241069,-0.03516907,-0.0030721023,0.03103967,3999,0,-0.013906736,0.3661711,-9.668216,3999
23245069,-0.03207022,0.017467236,0.035510052,4000,0,-0.30492985,-0.10240262,-9.419758,4000
23249108,-0.06335715,0.02982785,0.037632998,4039,0,-0.3125373,-0.017698983,-9.426,4039
23253081,0.012119436,0.0395656,0.030416021,3973,0,0.028549984,0.6650823,-9.863323,3973
23257129,-0.016307196,0.024640841,0.04468093,4048,0,-0.21923782,-1.03732,-9.721169,4048
23261068,-0.08108551,0.01885678,0.037386104,3939,0,-0.33362332,0.46548337,-9.506743,3939
23265087,-0.03509771,0.067025974,0.043180954,4019,0,-2.2616425e-05,-0.1977652,-9.638273,4019
23269069,-0.025078883,0.017656008,0.040243443,3982,0,-0.122865304,0.39366397,-9.76267,3982
23273084,0.024484966,0.044893518,0.041007567,4015,0,-0.35374558,0.11666863,-9.832802,4015
23277107,-0.03830892,0.0538866,0.03745793,4023,0,0.31509718,-0.34345943,-9.595329,4023
23281068,-0.048827745,-0.0047158464,0.033863395,3961,0,-0.4462378,0.2482809,-9.189285,3961
23285069,0.04058663,0.08992673,0.0025513736,4001,0,0.17975822,0.38589045,-9.821445,4001
23289069,0.019706888,0.0143261505,0.01982367,4000,0,0.23042105,-0.8701363,-9.918755,4000
23293068,-0.045025602,0.01894966,-0.0012527837,3999,0,-0.26530984,0.49823222,-9.67728,3999
23297115,0.015659533,0.084405415,0.0009854189,4047,0,0.5785043,-0.038886413,-10.010471,4047
23301081,0.03818062,-0.048086755,0.001983823,3966,0,-0.090595275,0.29157013,-9.315364,3966
23305068,0.016227968,0.08280963,-0.009821505,3987,0,-0.10009522,-0.6392151,-9.622614,3987
23309069,-0.007630105,-0.033384062,-0.011778319,4001,0,0.9148694,0.08267205,-9.113318,4001
23313069,0.01946945,-0.011648887,-0.020988803,4000,0,-0.93370223,0.060757514,-9.439583,4000
23317087,0.04128703,0.07856566,-0.042806737,4018,0,0.65847963,-0.6087385,-9.816201,4018
23321075,-0.02627688,-0.073823065,-0.024583125,3988,0,-0.26747334,0.23036586,-9.696883,3988
23325071,0.004609012,0.08096156,-0.043101657,3996,0,0.085149296,-0.16543354,-9.825005,3996
23329069,0.025523419,-0.054953594,-0.03299763,3998,0,0.3902371,-0.015799845,-9.215533,3998
23333069,-0.0016688985,0.016934162,-0.03243031,4000,0,-0.3564667,0.27225506,-9.734928,4000
23337100,0.031282958,-0.01176961,-0.039751183,4031,0,0.82375157,-0.2992447,-9.379159,4031
23341091,-0.005202753,-0.05502013,-0.03811948,3991,0,-0.69125515,-0.1460924,-9.527167,3991
23345095,0.012978933,0.061948672,-0.05093363,4004,0,0.35394722,0.06529411,-9.9189205,4004
23349075,0.012935959,-0.06946053,-0.024262505,3980,0,-0.024277532,-0.23620416,-9.466459,3980
23353069,-0.034888163,0.055907622,-0.03167258,3994,0,-0.29339465,0.023348238,-10.049872,3994
23357089,0.033660095,-0.037035402,-0.010075073,4020,0,0.37236845,0.47810975,-9.212907,4020
23361086,0.021737874,0.0137710385,-0.0054164873,3997,0,-0.4900736,-0.14712407,-9.5641165,3997
23365069,-0.019787384,-0.0062312023,-0.013252983,3983,0,0.46561497,-0.50610554,-9.7182665,3983
23369071,-0.007170317,-0.06165646,0.0056776484,4002,0,-0.8410637,0.44785464,-9.384945,4002
23373069,0.0021292344,0.09008317,-0.01574074,3998,0,-0.013894448,-0.44310898,-10.067789,3998
23377090,-0.011291738,-0.058450337,0.012636093,4021,0,-0.32104364,0.33548808,-9.580325,4021
23381083,0.014918293,0.09053537,-0.0022217794,3993,0,-0.014033996,-0.04877952,-9.938402,3993
23385094,-0.041202668,-0.04207513,0.032454085,4011,0,0.107841514,0.27642745,-9.217244,4011
23389069,0.035771538,0.03079601,0.022585627,3975,0,-0.3803834,0.6226235,-9.561063,3975
23393069,0.012572674,0.014221644,0.017331045,4000,0,0.5383894,-1.3340724,-9.728428,4000
23397070,-0.0755249,-0.05117885,0.035688657,4001,0,-0.5146162,0.50823706,-9.825012,4001
23401068,-0.021795576,0.05981095,0.022257311,3998,0,-0.03589575,-2.5752019e-05,-10.010775,3998
23405087,-0.00095741544,0.010212432,0.031297285,4019,0,-0.30816826,0.02769257,-9.756706,4019
23409086,0.008157259,0.046470728,0.02828415,3999,0,0.66636443,-0.26513198,-9.370832,3999
23413088,-0.05402824,-0.04299194,0.052999336,4002,0,-0.7587469,0.74623525,-9.011918,4002
23417069,0.025444113,0.102897026,0.022830166,3981,0,0.5524251,-0.2169561,-9.795932,3981
23421069,-0.0327332,-0.08354741,0.030249227,4000,0,0.041899987,-0.9425896,-9.486809,4000
23425129,-0.049289588,0.04628183,0.010680363,4060,0,-0.76651776,0.91523534,-9.88618,4060
23429086,0.02088896,0.0353894,0.013275645,3957,0,0.8041361,-0.31439897,-9.860899,3957
23433069,-0.051025115,-0.0060967836,0.005775637,3983,0,-0.5352393,-0.3581796,-9.909882,3983
23437069,-0.022652717,0.015339221,0.01108292,4000,0,0.33588573,0.83047867,-9.086605,4000
23441069,0.05039086,0.013223907,0.00821556,4000,0,0.14568849,0.40822375,-9.466668,4000
23445107,0.022458266,-0.019717291,-0.00521512,4038,0,0.6060795,-1.188811,-9.377336,4038
23449075,-0.06787482,-0.056426328,-0.00101506,3968,0,-0.8841839,0.22463319,-9.519139,3968
23453069,0.020098317,0.098333985,-0.031253833,3994,0,1.0597417,-0.07947696,-10.278253,3994
23457070,0.042107023,-0.13815983,-0.0019314138,4001,0,-0.6450754,-0.09958298,-9.724494,4001
23461069,-0.010008905,0.11676476,-0.03162643,3999,0,-0.1383532,-0.47863522,-9.636746,3999
23465115,0.0010591145,-0.071436316,-0.00061216234,4046,0,0.61487615,0.8408983,-8.947481,4046
23469083,0.051883817,0.0032554884,-0.026241632,3968,0,-0.20498104,-0.47933164,-9.513791,3968
23473068,-0.013516464,-0.046197217,-0.025485039,3985,0,-0.022566754,-0.8450422,-9.361277,3985
23477071,0.0102215335,-0.0014016047,-0.04072424,4003,0,-0.33139527,0.67465955,-10.1287775,4003
23481070,-0.003231014,-0.0034238205,-0.026967328,3999,0,0.31499717,-0.6757771,-9.993062,3999
23485071,-0.017223652,-0.019503124,-0.03029985,4001,0,-1.0085651,0.5813136,-9.846947,4001
23489069,0.08490188,0.05331037,-0.04022366,3998,0,1.1567267,0.016086446,-9.23402,3998
23493071,-0.020217534,-0.082924396,-0.009044524,4002,0,-0.7926337,-0.08166359,-9.407611,4002
23497075,0.007817626,0.047574144,-0.03518561,4004,0,0.278481,0.15173762,-9.533497,4004
23501069,0.022780849,-0.059505545,-0.015783934,3994,0,-0.068472,-0.24457133,-9.57808,3994
23505078,-0.0152261,0.027648397,-0.033046585,4009,0,-0.097208016,-0.5524952,-10.180256,4009
23509077,-0.025760692,-0.0625442,0.00012083736,3999,0,-0.55836153,0.522195,-9.704614,3999
23513069,0.018309174,0.10590997,-0.021865569,3992,0,0.115227886,0.25624987,-10.021202,3992
23517075,0.010143452,-0.07028513,0.01283129,4006,0,0.23715332,-0.45230937,-9.104632,4006
23521078,-0.04699571,0.02483478,0.009128223,4003,0,-0.773667,0.2999181,-9.342426,4003
23525090,0.007019498,0.024293868,0.0023502985,4012,0,0.6836544,-0.014530273,-9.592916,4012
23529069,0.0039319727,-0.050010778,0.019350959,3979,0,-0.6461427,-0.6201158,-9.849288,3979
23533082,-0.098503,0.05930343,0.010249804,4013,0,-0.022813872,0.12021904,-9.952105,4013
23537078,0.029642705,0.0043118135,0.026571937,3996,0,-0.2888955,0.9706134,-9.929473,3996
23541068,0.02982223,0.058558956,0.014639083,3990,0,0.40662205,-0.9739328,-9.53196,3990
23545069,-0.076346785,-0.041618086,0.040399406,4001,0,0.00075748627,0.6719113,-9.22251,4001
23549079,0.03541074,0.035808075,0.026119843,4010,0,0.23101687,0.2945905,-9.432441,4010
23553084,-0.016336268,-0.028973438,0.027165249,4005,0,-0.302693,-0.760924,-9.496431,4005
23557078,-0.031025752,0.0545235,0.013822746,3994,0,0.46781468,0.014710772,-10.190461,3994
23561068,-0.023804376,-0.07755177,0.038078822,3990,0,-0.15085132,0.31288257,-9.768283,3990
23565077,-0.0010898962,0.09266085,0.016547319,4009,0,-0.76717174,-0.009317047,-9.96421,4009
23569069,-0.016468186,0.003968633,0.027935402,3992,0,1.3392701,-0.35435587,-9.192751,3992
23573085,-0.018144326,-0.0735969,0.03174991,4016,0,-0.71260333,1.0240635,-9.11851,4016
23577075,0.040504932,0.061745234,0.0034630976,3990,0,0.22678603,-0.68983996,-9.419788,3990
23581070,-0.03261127,-0.05526393,0.014895276,3995,0,0.06546459,-0.38137037,-9.913183,3995
23585070,-0.05046721,0.007582452,-0.007859043,4000,0,-0.1696714,0.07431507,-10.212186,4000
23589068,0.03454627,-0.012215585,-0.0007041639,3998,0,-0.60295093,0.68236053,-9.793151,3998
23593075,0.049842652,0.0820471,-0.029917365,4007,0,0.78438824,-0.6765994,-9.693351,4007
23597104,-0.047343727,-0.090667285,0.0032808892,4029,0,-0.29108265,0.15659772,-9.110486,4029
23601069,0.03947938,0.04856059,-0.019803453,3965,0,0.13788033,0.80970013,-9.435578,3965
23605075,0.037537064,-0.04618431,-0.029285958,4006,0,0.52033967,-1.3826168,-9.535464,4006
23609074,-0.033400305,-0.0433658,-0.036351785,3999,0,-0.82477015,0.15473108,-10.113818,3999
23613109,0.010035044,0.03326975,-0.030139282,4035,0,0.2504565,0.42362055,-9.918783,4035
23617085,0.033989467,0.005781168,-0.027052924,3976,0,-0.29881045,-0.29698917,-10.085805,3976
23621086,0.018829912,-0.016314676,-0.024363685,4001,0,0.37792143,-0.57990503,-9.030118,4001
23625075,-0.025514586,-0.01807647,-0.014595887,3989,0,-0.67953545,0.9680949,-9.239505,3989
23629069,0.09435219,0.033454023,-0.026760273,3994,0,0.8634029,-0.44687214,-9.343008,3994
23633112,-0.019683402,-0.09859058,-0.017430177,4043,0,-0.7620492,-0.7390943,-9.708987,4043
23637069,-0.041110363,0.085819386,-0.038482103,3957,0,0.065617405,-0.12633121,-10.253852,3957
23641093,0.028461792,-0.07735847,-0.0046424903,4024,0,-0.29799786,0.85533327,-9.806439,4024
23645075,0.050137125,0.099793874,-0.03386789,3982,0,-0.08990017,-0.59037757,-9.965157,3982
23649069,-0.04823843,-0.057932056,0.007470978,3994,0,0.23602624,-0.15492418,-8.907848,3994
23653089,0.010304122,0.029117497,-0.007714936,4020,0,-0.1008816,1.1943672,-9.36924,4020
23657069,0.053346287,-0.014108407,-0.009398125,3980,0,0.4132361,-1.2566423,-9.463476,3980
23661077,-0.04123681,-0.031383917,-0.0040904405,4008,0,-0.47722375,-0.022949012,-10.143983,4008
23665075,-0.05589713,0.028631857,-0.0013259556,3998,0,0.05037298,0.06610911,-10.197539,3998
23669077,0.0053921645,0.013621831,0.01152891,4002,0,-0.4278932,0.579567,-9.92987,4002
23673094,0.051522292,0.03244256,0.006214345,4017,0,0.8550956,-0.5102156,-9.179803,4017
23677083,-0.07207476,-0.04816572,0.03311984,3989,0,-0.8567158,0.110101946,-9.137665,3989
23681074,-0.0019526434,0.061853766,0.02029973,3991,0,0.72656083,0.28590202,-9.361119,3991
23685076,-0.008098672,-0.07767742,0.025687546,4002,0,-0.23504578,-0.45298383,-9.794459,4002
23689082,-0.049973574,0.052713957,0.006543967,4006,0,-0.344195,-0.5287544,-10.125051,4006
23693075,-0.03636212,-0.034720823,0.032648917,3993,0,-0.0616266,1.1193731,-9.650511,3993
23697074,0.03444139,0.08398775,0.013134185,3999,0,0.055625793,-0.10222376,-10.078506,3999
23701085,-0.03764016,-0.059023183,0.04178294,4011,0,0.15859602,-0.7173317,-8.787949,4011
23705068,-0.080200985,0.035959598,0.016882509,3983,0,-0.18560104,1.2640446,-9.5768385,3983
23709096,0.07342833,-0.01718213,0.021459619,4028,0,0.59512687,-0.1908624,-9.414688,4028
23713075,0.001966679,-0.027984094,0.0037993197,3979,0,-0.7246765,-0.79353136,-9.944588,3979
23717084,-0.10696242,0.045795195,0.0047362847,4009,0,0.45738927,0.012120853,-10.09595,4009
23721069,0.026674632,-0.03971561,0.013410996,3985,0,-0.5512113,1.2978288,-9.87196,3985
23725069,0.09156039,0.0664216,-0.00864523,4000,0,0.59977484,-1.2401534,-9.398329,4000
23729069,-0.10542838,-0.06259196,0.015245774,4000,0,-0.39244384,0.19376609,-9.274658,4000
23733076,0.0526264,0.03149792,-0.004185622,4007,0,0.30612025,0.9767856,-9.207401,4007
23737072,0.05473298,-0.03993081,-0.00852781,3996,0,-0.0014661731,-0.9723411,-9.6387415,3996
23741119,-0.036028635,0.008922091,-0.022764508,4047,0,-0.2667746,-0.87332994,-10.132011,4047
23745069,-0.041218806,-0.031188732,-0.009435776,3950,0,-0.27999702,1.2160031,-9.801106,3950
23749069,0.09523469,0.080432914,-0.021453127,4000,0,0.14953946,0.25747174,-9.937573,4000
23753079,0.022758538,-0.05237814,-0.011048705,4010,0,0.14671029,-1.4104725,-9.036879,4010
23757071,-0.08513771,0.017293204,-0.019236462,3992,0,-0.41195726,1.0868381,-9.43401,3992
23761085,0.09359793,0.004140483,-0.030751925,4014,0,0.80813855,0.12840724,-9.409647,4014
23765072,0.035063647,-0.06398456,-0.032611545,3987,0,-0.66996807,-1.162815,-9.96572,3987
23769078,-0.098824695,0.042603727,-0.036059424,4006,0,0.05752857,-0.15457356,-10.088784,4006
23773075,0.03603123,-0.025595997,-0.018731834,3997,0,-0.22299728,1.5777538,-9.881406,3997
23777069,0.10910584,0.04344911,-0.03242314,3994,0,0.33008724,-1.1922132,-9.620065,3994
23781093,-0.08233786,-0.049094804,-0.00039991236,4024,0,-0.26006818,-0.28039634,-9.017731,4024
23785071,-0.0019799585,0.022003701,-0.020211859,3978,0,0.43543723,1.1252328,-9.54061,3978
23789085,0.072461024,-0.05497271,-0.0018940519,4014,0,-0.21529458,-0.7954945,-9.179071,4014
23793072,-0.027530426,0.02771104,-0.031161724,3987,0,-0.13075772,-0.73233885,-10.155362,3987
23797069,-0.08175484,-0.03073409,0.010868282,3997,0,0.025354467,0.29329348,-10.074092,3997
23801088,0.038182493,0.043392587,-0.0017127913,4019,0,-0.46578,0.9284457,-9.965833,4019
23805069,0.030847061,0.014124655,0.0092430385,3981,0,0.4859521,-1.3696451,-9.227183,3981
23809132,-0.102809355,-0.029715128,0.02233349,4063,0,-0.28761074,0.82139885,-9.226421,4063
23813069,0.054605976,0.015677378,0.00704779,3937,0,0.330755,0.34725913,-9.2631645,3937
23817069,-1.4925074e-05,-0.03482305,0.013620035,4000,0,-0.24354643,-0.7992459,-9.754534,4000
23821122,-0.07995955,0.026918024,0.0031633447,4053,0,0.002839094,-0.507611,-10.192661,4053
23825068,-0.027030595,-0.032013297,0.027925752,3946,0,-0.50034726,1.5120842,-10.104587,3946
23829079,0.08038811,0.0894286,0.006347022,4011,0,0.2911383,-0.60502434,-9.881369,4011
23833069,-0.074805416,-0.062126037,0.039207097,3990,0,-0.04753361,-0.45232695,-8.908951,3990
23837069,-0.0362796,0.027313419,0.019418292,4000,0,0.2930382,1.2141434,-9.357584,4000
23841075,0.051113434,-0.049716447,0.025845181,4006,0,-0.17971076,-0.7969954,-9.29214,4006
23845071,-0.03512503,0.025357347,0.006171719,3996,0,-0.2696206,-0.48235926,-10.248106,3996
23849069,-0.08103647,-0.020117065,0.018863248,3998,0,0.34711692,0.25449687,-10.05652,3998
23853069,0.022530394,0.017538115,0.01942312,4000,0,-1.1162924,0.92017627,-10.098369,4000
23857073,0.035120845,0.075369895,0.0025771149,4004,0,1.0370282,-1.2627214,-9.15266,4004
23861075,-0.08882478,-0.08343823,0.021723282,4002,0,-0.44854116,0.9943735,-9.063165,4002
23865110,0.06268946,0.059223246,-0.0012251417,4035,0,0.24648704,0.04377176,-9.374596,4035
23869109,-0.010013736,-0.058395732,0.0022346112,3999,0,-0.10180859,-0.7649892,-9.666654,3999
23873069,-0.04612761,0.033830345,-0.02331944,3960,0,-0.17809527,-0.30236596,-10.258181,3960
23877069,-0.0020960218,-0.029003544,-0.0026600289,4000,0,-0.30227983,1.1408867,-9.954786,4000
23881075,0.07930989,0.0919315,-0.029364761,4006,0,0.31366208,-0.54002964,-9.765523,4006
23885072,-0.04491354,-0.06736031,-0.0029126434,3997,0,-0.0151540795,-0.5342013,-8.844745,3997
23889096,-0.0012756825,0.039524097,-0.017338976,4024,0,0.26528233,1.3821119,-9.454273,4024
23893078,0.090728834,-0.05275612,-0.021321265,3982,0,0.42088315,-0.99603504,-9.374347,3982
23897069,-0.011614297,-0.026494456,-0.031623118,3991,0,-0.57482237,-0.59078056,-10.0593195,3991
23901069,-0.065275826,0.02072318,-0.025489658,4000,0,0.57197505,0.14241558,-10.070341,4000
23905082,0.050914608,-0.031644043,-0.013655059,4013,0,-0.96374786,0.94994825,-10.076749,4013
23909074,0.0773812,0.07351187,-0.032318417,3992,0,1.027933,-1.3459498,-9.192819,3992
23913069,-0.079327404,-0.09896217,0.0020541537,3995,0,-0.41164565,0.5794764,-9.029002,3995
23917082,0.05394201,0.042396393,-0.02159022,4013,0,0.09141722,0.4161003,-9.490053,4013
23921077,0.027926974,-0.051510382,-0.016976394,3995,0,0.14490524,-0.91883546,-9.600685,3995
23925069,-0.042705428,-0.006126054,-0.033184346,3992,0,-0.16446842,-0.4239734,-10.162338,3992
23929110,-0.024063388,-0.038535178,0.00091854314,4041,0,-0.7757515,1.1540881,-9.98274,4041
23933072,0.08116882,0.11260066,-0.02938571,3962,0,0.51436883,-0.08889907,-9.974746,3962
23937070,-0.032873083,-0.09496081,0.010908836,3998,0,0.15380234,-1.0296028,-8.869167,3998
23941070,-0.051745843,0.020329712,0.0009874938,4000,0,-0.48028803,1.6108402,-9.294135,4000
23945071,0.09735538,0.008847209,-0.0028657063,4001,0,0.62110573,-0.6705899,-9.579812,4001
23949117,-0.045422126,-0.060304984,0.0011156482,4046,0,-0.5370012,-1.0907221,-9.948872,4046
23953069,-0.113395184,0.035210066,0.0023427762,3952,0,0.15160969,0.59218335,-10.045802,3952
23957069,0.072721824,-0.021586232,0.020866333,4000,0,-0.8051408,1.1536915,-9.932504,4000
23961069,0.035242043,0.08752558,0.0023198565,4000,0,0.6299526,-1.7893639,-9.423,4000
23965072,-0.12074203,-0.08354121,0.04047286,4003,0,-0.09343671,1.0607203,-8.890222,4003
23969084,0.06405177,0.041937668,0.015590507,4012,0,-0.29404944,0.5802583,-9.598866,4012
23973073,0.007553212,-0.0025175533,0.021649418,3989,0,0.07607725,-1.3446081,-9.528687,3989
23977085,-0.07825809,0.0029524423,0.006161133,4012,0,0.10247643,-0.056607608,-10.180773,4012
23981070,-0.024376059,-0.03466357,0.029363142,3985,0,-0.56474406,1.0092627,-9.799802,3985
23985069,0.047213133,0.105316475,0.010590145,3999,0,-0.16795006,-0.27942473,-9.970148,3999
23989083,-0.05065144,-0.022446718,0.019010646,4014,0,0.8201393,-0.84334946,-9.177617,4014
23993069,-0.03986925,-0.030168721,0.020891612,3986,0,-0.71710104,1.856872,-9.287505,3986
23997080,0.09979844,0.0690337,0.00021202063,4011,0,0.66200083,-0.9623181,-9.436867,4011
24001076,-0.06799854,-0.07629619,0.011680027,3996,0,-0.02440185,-0.7679619,-9.742916,3996
24005071,-0.054384742,0.029004492,-0.0012200973,3995,0,-0.2635624,0.6896633,-10.061853,3995
24009069,0.06462597,0.0075854366,0.0051792497,3998,0,-0.0700073,0.5492096,-10.05584,3998
24013118,0.03712508,0.03624358,-0.0132226925,4049,0,0.43258402,-1.2468393,-9.697432,4049
24017091,-0.085993215,-0.054640833,0.015090455,3973,0,-0.23955181,0.7435988,-8.844244,3973
24021071,0.09214089,0.05119797,-0.012917691,3980,0,0.29127583,0.684828,-9.436011,3980
24025070,0.027769871,-0.065576546,-0.008921716,3999,0,0.27939394,-1.7123227,-9.189593,3999
24029076,-0.063468225,-0.010829275,-0.024614409,4006,0,-0.34840885,0.4708009,-10.051258,4006
24033079,0.0362594,-0.013805815,-0.014735385,4003,0,0.016844537,0.34764662,-10.046522,4003
24037074,0.016151039,0.029725429,-0.024034359,3995,0,-0.65114594,-0.47510237,-10.128496,3995
24041068,-0.0147849,0.007993136,-0.020651277,3994,0,1.006491,-0.30588478,-9.207172,3994
24045079,0.013739382,-0.08019024,-0.007310587,4011,0,-0.8582144,1.3778543,-9.074139,4011
24049071,0.070257485,0.08833303,-0.0362146,3992,0,0.4344082,-1.0330375,-9.34292,3992
24053077,-0.045249812,-0.102897644,-0.023410354,4006,0,0.29818556,-0.36880934,-9.731905,4006
24057111,-0.003382324,0.008051425,-0.032164373,4034,0,-0.70518523,0.39158627,-10.232754,4034
24061069,0.041315544,0.013764436,-0.021566905,3958,0,-0.14858787,0.16893862,-9.97471,3958
24065081,0.014194667,0.029235272,-0.023669183,4012,0,0.46365088,-0.5522882,-9.865991,4012
24069069,-0.031106463,-0.06884982,0.009519744,3988,0,-0.1547757,0.44009638,-8.755727,3988
24073083,0.05387629,0.045798164,-0.012097303,4014,0,-0.01694288,0.2402291,-9.347717,4014
24077119,-0.0099460995,-0.031809777,-0.004830306,4036,0,0.50182,-1.1418574,-9.500881,4036
24081069,-0.024261156,-0.021444764,-0.0037057127,3950,0,-0.5239628,0.32486403,-10.122845,3950
24085107,-0.01315899,0.021372756,0.002795171,4038,0,0.08319146,0.049137946,-10.052708,4038
24089069,0.0066459533,-0.0033762003,0.009632904,3962,0,-0.69387025,0.20223846,-10.000836,3962
24093072,-0.005251193,0.029866675,0.010714665,4003,0,0.71864516,-0.7538529,-9.197028,4003
24097118,-0.060514092,-0.06543835,0.027506884,4046,0,-0.3903643,1.3977048,-9.184124,4046
24101068,0.0698865,0.053077444,0.009261105,3950,0,0.097585,-0.7644924,-9.318814,3950
24105084,-0.06981988,-0.043773584,0.009616534,4016,0,-0.022847958,-0.6128014,-9.934585,4016
24109072,-0.045018137,0.019896396,-0.00091464346,3988,0,-0.08843963,0.52567357,-10.32054,3988
24113069,0.046052568,-0.009827256,0.02078193,3997,0,-0.443292,0.70271325,-9.821901,3997
24117079,0.0067405133,0.101400286,-0.0027632273,4010,0,0.3585752,-1.0585054,-9.912879,4010
24121070,-0.077481635,-0.07653297,0.03431389,3991,0,0.043991994,0.20535311,-8.897354,3991
24124333,0.007245041,0.042804886,0.013802673,3263,0,-0.11975583,1.5504571,-9.548449,3263
24128269,0.07297141,-0.002870448,0.015853994,3936,0,0.46650296,-1.2554811,-9.30952,3936
24132269,-0.07302907,-0.04643114,0.009385109,4000,0,-0.6865736,-0.33758503,-9.815516,4000
24136269,-0.05227552,0.07372455,0.003860107,4000,0,0.65240526,0.25790408,-10.22667,4000
24140269,0.049405582,-0.075800344,0.021690914,4000,0,-0.9573405,0.54419607,-9.735584,4000
24144362,0.0160251,0.12968855,-0.0102350935,4093,0,0.60746896,-1.1579883,-9.479417,4093
24149069,-0.0752126,-0.08499608,0.023184938,4707,0,-0.037102267,1.0235995,-9.241744,4707
24153069,0.10831991,0.051594313,-0.0010822649,4000,0,-0.09218892,-0.08272922,-9.262653,4000
24157070,-0.02846253,-0.021180201,-0.009153307,4001,0,0.24906293,-1.5632173,-9.735965,4001
24161077,-0.0676417,-0.018192993,-0.020345034,4007,0,-0.0944175,0.37721014,-10.088911,4007
24164377,0.00569279,-0.015245531,-0.002253462,3300,0,-0.54408956,1.159531,-9.851627,3300
24168268,0.080002464,0.078360535,-0.024229258,3891,0,0.18223701,-0.27753687,-10.033141,3891
24172281,-0.013608967,-0.05312259,-0.008238664,4013,0,0.3693579,-1.1641058,-8.87486,4013
24179503,0.13203047,-0.00052480417,-0.018631762,3234,0,0.75785863,-0.031503182,-9.296786,3234
24184302,-0.0020362756,-0.069551334,-0.02097437,4799,0,-0.70781845,-1.181484,-9.626913,4799
24188269,-0.07362976,0.068320654,-0.03592112,3967,0,0.7961729,-0.090203054,-10.225927,3967
24192270,0.038063694,-0.11517919,-0.00171677,4001,0,-0.84862304,1.5317874,-9.858828,4001
24196269,0.095472544,0.14219226,-0.03655067,3999,0,0.14134784,-1.3336296,-9.7854395,3999
24200269,-0.11891371,-0.08329377,-0.000104656276,4000,0,0.6427027,-0.318882,-9.067819,4000
24204332,0.04893327,-0.021535747,-0.00533391,4063,0,-0.6061371,2.0909305,-9.280053,4063
24208269,0.07891154,0.04302959,-0.01875552,3937,0,0.2025303,-2.1412961,-9.492782,3937
24212281,-0.11144903,-0.059390154,-0.013238944,4012,0,0.102094,-0.14136618,-10.055139,4012
24216269,-0.027250946,-0.016029982,0.00018956116,3988,0,-0.6423024,1.1774135,-9.814796,3988
24220268,0.07407612,0.076695435,-0.010906373,3999,0,-0.31794292,-0.051130716,-10.0715,3999
24224308,-0.00756431,-0.010360943,-0.0034993354,4040,0,0.75613075,-1.2275472,-9.408544,4040
24228269,-0.09440906,-0.04604701,0.01903814,3961,0,-0.6930664,1.5766356,-9.121308,3961
24232278,0.1157487,0.06417718,-0.002668767,4009,0,0.35982653,0.0006394964,-9.3850975,4009
24236269,-0.021852203,-0.068302475,0.006212998,3991,0,-0.10607215,-1.2805978,-9.683849,3991
24240289,-0.07858189,0.034506705,-0.001283236,4020,0,0.045006193,0.2392203,-10.275413,4020
24244318,0.02910134,-0.050012168,0.019794276,4029,0,-0.40884808,0.8996152,-9.8740015,4029
24248285,0.034420297,0.104403615,0.0028983871,3967,0,-0.20118463,-0.7692777,-9.921239,3967
24252291,-0.07689142,-0.024779454,0.02703442,4006,0,0.8836943,-0.28581592,-9.068384,4006
24256278,0.0231958,-0.037603013,0.02977817,3987,0,-0.6727264,1.6878781,-9.226136,3987
24260269,0.057156328,0.06774587,0.008940485,3991,0,0.3478661,-1.6922214,-9.362903,3991
24264314,-0.08867682,-0.06826723,0.012939879,4045,0,0.113623545,-0.2631419,-9.912357,4045
24268281,-0.04930192,0.009604898,0.01444138,3967,0,-0.47929597,0.66974944,-10.133484,3967
24272276,0.0645969,0.037367325,0.0065425313,3995,0,-0.26742733,0.51348186,-10.123463,3995
24276268,0.013545049,0.028087182,0.0019873704,3992,0,0.6712437,-1.5271074,-9.318566,3992
24279513,-0.1265716,-0.06282374,0.020852905,3245,0,-0.278747,1.1181908,-8.982835,3245
24284319,0.110420994,0.04444537,-0.005280277,4806,0,0.41748527,0.676894,-9.365213,4806
24288280,-0.022611871,-0.08120337,0.0050448347,3961,0,-0.30821306,-1.6685228,-9.365663,3961
24292293,-0.06617573,0.043453086,-0.023164416,4013,0,0.25284114,0.38655648,-10.35302,4013
24296269,0.017502569,-0.06949819,0.00047932044,3976,0,-0.04676338,0.6164902,-9.885031,3976
24299517,0.044173345,0.044103585,-0.01296315,3248,0,-1.001525,-0.053628862,-10.160118,3248
24304327,-0.0069843465,0.036185265,-0.014985252,4810,0,1.3234153,-1.1066343,-9.119901,4810
24308268,-0.031897753,-0.102227114,0.009157458,3941,0,-0.86080575,1.8256171,-9.12551,3941
24312275,0.10689431,0.0812995,-0.027153177,4007,0,0.3795042,-1.0591689,-9.194549,4007
24316269,-0.046988595,-0.08831518,-0.0146893235,3994,0,0.16972871,-0.84807664,-9.878522,3994
24320276,-0.065975524,0.0075003044,-0.019180872,4007,0,-0.4161178,0.5301695,-10.324934,4007
24324328,0.07067143,0.0029013876,-0.020373343,4052,0,-0.5068826,0.6372911,-9.851137,4052
24328269,0.03533069,0.055645723,-0.022237062,3941,0,0.39624768,-1.0715125,-9.700912,3941
24332288,-0.08582202,-0.05897439,-0.0004990455,4019,0,-0.0007020158,0.61521685,-9.038039,4019
24336269,0.07731948,0.010400366,-0.023645636,3981,0,-0.29225162,0.54484284,-9.119067,3981
24340297,0.0032874546,-0.011300155,-0.014992807,4028,0,0.20218392,-0.8461058,-9.66011,4028
24344326,-0.012907994,-0.013631765,-0.028777467,4029,0,0.06421318,-0.2961258,-10.321778,4029
24348269,-0.03461346,-0.035590034,-0.0017721399,3943,0,-0.5414407,0.6132067,-9.9327755,3943
24352288,0.05534602,0.08756516,-0.014430829,4019,0,-0.2682617,0.40245688,-10.04462,4019
24356269,0.01611217,-0.016751247,0.0018363771,3981,0,0.9688476,-1.3858817,-9.008222,3981
24360289,-0.08172407,-0.052874338,0.017702157,4020,0,-0.7591773,1.6006767,-9.300784,4020
24364331,0.10588709,0.062479716,-0.0054031312,4042,0,0.5528899,-0.66093636,-9.062528,4042
24368270,-0.058275204,-0.06967308,0.0076893703,3939,0,-0.097953245,-0.75599444,-9.927829,3939
24372290,-0.050629884,0.026669368,0.0029685695,4020,0,-0.09230544,0.25173396,-10.29857,4020
24376269,0.028100569,-0.018262293,0.013953229,3979,0,-0.64892906,0.6934496,-9.861801,3979
24380297,0.017953528,0.08875764,0.010321925,4028,0,0.44516838,-0.8579399,-9.713923,4028
24384314,-0.083397865,-0.061197564,0.024117751,4017,0,0.18710494,0.29537293,-8.945891,4017
24388284,0.009391011,0.014472156,0.018147942,3970,0,-0.5014978,0.5815685,-9.335232,3970
24392269,0.017265545,0.0156284,0.011481644,3985,0,0.2477211,-0.37373617,-9.599349,3985
24396269,-0.017914472,-0.020174347,-0.004666024,4000,0,0.20942038,-0.6547131,-10.045275,4000
24400284,-0.07960686,-0.021184022,0.021853885,4015,0,-0.6531503,0.5420867,-10.03214,4015
24404292,0.050855346,0.080058135,-0.0026967458,4008,0,-0.09045176,0.74035466,-9.926694,4008
24408269,0.019325806,-0.0044870544,0.013120903,3977,0,0.79108196,-1.3962315,-9.195762,3977
24412269,-0.08799032,-0.042639412,0.017960979,4000,0,-0.342429,1.2443994,-9.261402,4000
24416274,0.0790201,0.028066369,0.0063069216,4005,0,0.2986064,-0.2328553,-9.111767,4005
24420281,-0.014151824,-0.037600208,0.0061925277,4007,0,-0.1470919,-0.65918744,-9.89982,4007
24424297,-0.051109336,0.023109008,-0.012879826,4016,0,0.32029277,-0.31313202,-10.132512,4016
24428275,0.0024101064,-0.062322322,0.015529302,3978,0,-0.8154095,1.2409649,-9.761014,3978
24432269,0.08433954,0.11927221,-0.013976202,3994,0,0.14518413,-0.8039465,-9.813758,3994
24436318,-0.095093526,-0.0626356,0.007709528,4049,0,0.54405487,-0.5147308,-9.129291,4049
24440284,0.0283221,-0.028966535,0.004764745,3966,0,-0.6516732,1.7517074,-9.148039,3966
24444302,0.07889984,0.050592717,-0.018672492,4018,0,0.24832109,-1.3400605,-9.437806,4018
24448275,-0.05080971,-0.051291324,-0.017432712,3973,0,0.37673056,-0.38676137,-9.912723,3973
24452269,-0.034187693,-0.025655346,-0.009065647,3994,0,-0.695685,0.5784951,-9.917754,3994
24456276,0.05482534,0.06704826,-0.02873014,4007,0,-0.06893891,0.6751868,-10.135319,4007
24460269,0.0628554,-0.012331591,-0.017306473,3993,0,0.94423854,-1.2719915,-9.226002,3993
24464291,-0.08339454,-0.06424939,-0.01215559,4022,0,-0.5261786,0.84376466,-9.163432,4022
24468275,0.08117125,0.028809594,-0.024001148,3984,0,0.731994,0.32756382,-9.140136,3984
24472269,0.024422193,-0.08589455,-0.019318575,3994,0,-0.10427699,-1.013626,-9.698494,3994
24476269,-0.037536904,0.00050633535,-0.03894067,4000,0,0.28707978,-0.3364772,-10.015823,4000
24480270,-0.030159354,-0.069025055,-0.00095772144,4001,0,-0.34181094,0.60187674,-9.8611765,4001
24484291,0.06261795,0.052182652,-0.026738489,4021,0,-0.12673894,0.3434125,-10.058527,4021
24488284,0.0014565741,-0.042484414,-0.0075494256,3993,0,0.8685581,-1.4388925,-8.9480505,3993
24492269,-0.05182602,-0.07451359,-0.0015391931,3985,0,-0.76335675,1.4199693,-9.265443,3985
24496269,0.053052146,0.03894985,-0.009051726,4000,0,0.39875934,-0.49361774,-9.6701975,4000
24500271,-0.0150351515,-0.088054545,0.0004190683,4002,0,-0.17758316,-0.30453223,-9.853533,4002
24504291,0.0021945569,-0.0076610735,-0.01998311,4020,0,-0.40504548,-0.20991178,-9.865253,4020
24508316,-0.06976848,0.004117612,0.007600396,4025,0,-0.28594884,-0.015044341,-9.882194,4025
24512269,0.03570404,0.008003187,-0.010911563,3953,0,0.05464565,0.9647756,-9.886167,3953
24516268,0.041451458,-0.013692158,0.005970219,3999,0,-0.19398955,-1.1842579,-9.238413,3999
24520298,-0.071996644,-0.0075178817,0.0043249023,4030,0,-0.023737831,0.8745195,-9.584932,4030
24524291,0.045854248,-0.018835608,0.009351745,3993,0,0.115500174,-0.2323129,-9.5362,3993
24528310,-0.024425918,-0.0314663,0.00831869,4019,0,-0.7953263,-0.11997592,-9.860145,4019
24532269,0.02115825,0.03623766,-0.009570236,3959,0,0.6709013,-0.124519356,-9.727689,3959
24536297,-0.053271003,-0.06220277,0.019000484,4028,0,-0.7033288,-0.6267542,-9.8237505,4028
24540272,-0.036771268,0.045805067,0.0060429587,3975,0,-0.37286496,1.2646948,-9.791392,3975
24544291,0.0860069,0.03941047,0.0040670373,4019,0,0.97563064,-0.96215916,-9.638709,4019
24548301,-0.087788686,-0.09632264,0.025152365,4010,0,-0.6970811,0.19317722,-9.243106,4010
24552268,0.007839093,0.083126724,0.007827884,3967,0,0.05167581,0.41746017,-9.456931,3967
24556320,-0.01258542,-0.042038687,0.011915865,4052,0,0.3135347,-0.52801,-9.841905,4052
24560269,-0.013226272,-0.026827624,0.012197056,3949,0,-0.35198745,0.231906,-9.651622,3949
24564291,0.013868459,0.025225854,-0.0061135846,4022,0,0.029998066,-0.5053107,-9.639039,4022
24568284,-0.080234565,-0.0061980044,0.005081364,3993,0,0.11310982,0.111830294,-9.742257,3993
24572268,0.044988204,0.012838363,-0.00092452014,3984,0,-0.20968045,0.85106224,-9.922615,3984
24576292,0.034546953,0.01613758,-0.0038004392,4024,0,0.65703577,-1.0106851,-9.388386,4024
24580269,-0.0422302,-0.0669614,0.0049904003,3977,0,-0.20928217,0.727631,-9.506035,3977
24584337,0.022345185,0.028663527,-0.004379748,4068,0,0.16111691,-0.3714021,-9.532245,4068
24588298,-0.02000189,-0.043780383,-0.0050350246,3961,0,-0.28464377,0.21940511,-9.837165,3961
24592268,0.046065997,0.010546311,-0.017200487,3970,0,0.6499274,-0.028781556,-9.499281,3970
24596294,-0.0036564253,-0.06397391,-0.008231884,4026,0,-0.5267848,-0.6913392,-9.610582,4026
24600269,-0.06959308,0.026258059,-0.015949078,3975,0,-0.055505745,0.3497785,-9.521354,3975
24604325,0.058342762,-0.0060461587,-0.011523917,4056,0,0.5175967,0.626548,-10.056024,4056
24608269,0.026592378,-0.06837211,-0.008675671,3944,0,-0.11163629,-1.0620672,-9.369861,3944
24612276,-0.050128896,0.00090482726,-0.01004689,4007,0,-0.35658833,0.54480606,-9.561007,4007
24616288,0.011827412,-0.009014529,-0.0056062834,4012,0,0.43376768,-0.23246644,-9.650596,4012
24620268,-0.0050878585,-0.053783372,-0.0039206883,3980,0,-0.7230585,0.25956514,-9.840376,3980
24624350,0.030692808,0.013402676,-0.013145543,4082,0,0.44867495,-0.12179288,-9.271471,4082
24628269,0.008644378,-0.054338153,-0.01030385,3919,0,-0.5072423,-0.35074416,-9.469076,3919
24632269,-0.07079455,0.034347624,-0.014186386,4000,0,-0.15458454,-0.33089054,-10.031863,4000
24636279,0.03158255,-0.026863575,-0.0062848045,4010,0,-0.24428809,1.3329748,-10.166447,4010
24640269,0.06741841,0.02936388,-0.014234609,3990,0,0.2458589,-1.2801704,-9.520539,3990
24644316,-0.0747467,-0.059243307,0.002751284,4047,0,-0.35804793,0.6359341,-9.3966675,4047
24648269,0.050416738,0.03971646,-0.0030515422,3953,0,-0.08020021,-0.057976034,-9.576649,3953
24652310,-0.042313043,-0.02508192,-0.0020874757,4041,0,-0.090150125,-0.25626746,-10.017342,4041
24656295,0.02973714,-0.009300995,0.00318431,3985,0,-0.07282199,0.56309754,-9.712066,3985
24660269,0.023643091,0.0033908735,0.00012267783,3974,0,-0.2086229,-0.54092234,-9.475187,3974
24664338,-0.031576876,0.0102881575,-0.0012920877,4069,0,0.012954793,-0.42898023,-9.671923,4069
24668280,-0.056492213,-0.0078787105,0.0063748667,3942,0,-0.06506342,0.3204886,-9.858324,3942
24672269,0.061203387,0.015246698,4.2135194e-05,3989,0,0.1613129,0.4404293,-9.841004,3989
24676283,0.008297846,-0.017753161,0.012008247,4014,0,-0.0064545623,-0.9388025,-9.429027,4014
24680269,-0.058949362,0.002794464,0.013182697,3986,0,-0.06833103,0.44901818,-9.548443,3986
24684302,-0.0056441845,0.009282375,0.0139364265,4033,0,0.031739414,-0.19766155,-9.632419,4033
24688282,0.0007833343,-0.012146425,0.010508448,3980,0,-0.17814328,0.34932715,-9.656337,3980
24692269,0.035150826,0.010502838,0.009275241,3987,0,0.21638314,-0.056033816,-9.440833,3987
24696285,-0.018610436,-0.022516858,0.0054972717,4016,0,-0.09583367,-0.45191363,-9.43739,4016
24700269,-0.048753157,0.009663157,-0.0025458187,3984,0,-0.027796805,-0.40743017,-9.908362,3984
24704314,-0.03710682,-0.021263095,0.005644204,4045,0,-0.11424151,1.0124356,-9.934514,4045
24708284,0.08575065,0.028480465,-0.00986583,3970,0,0.11194901,-0.41718027,-9.643886,3970
24712269,-0.05191619,-0.03842752,0.00059146126,3985,0,0.3243959,-0.54074544,-9.223133,3985
24716274,-0.025636429,-0.021671232,0.003147202,4005,0,-0.32462853,0.879782,-9.463466,4005
24720271,0.022739416,0.025961585,-0.006596885,3997,0,0.08255642,-0.63934755,-9.878862,3997
24724290,-0.021375947,-0.04585964,-0.0014408496,4019,0,-0.05554288,0.58871925,-9.956117,4019
24728269,0.046641875,0.0067500635,-0.008141122,3979,0,-0.21085837,-0.18738963,-9.554875,3979
24732275,-0.019280856,-0.020347962,-0.0068280343,4006,0,0.3043717,-0.20339163,-9.338826,4006
24736305,0.008031383,-0.040400818,-0.012528593,4030,0,-0.28309935,-0.19367427,-9.4326515,4030
24740268,-0.0395616,0.02064567,-0.016844658,3963,0,-0.052032817,-0.08545105,-10.086129,3963
24744340,0.05987298,-0.036761217,-0.012112429,4072,0,0.14368488,0.8488181,-9.898264,4072
24748269,0.023952838,0.010680202,-0.008993349,3929,0,-0.30477694,-1.4585638,-9.369779,3929
24752290,-0.088229604,-0.015949117,-0.0065702447,4021,0,0.08664991,0.84387183,-9.337205,4021
24756269,0.069629185,-0.00043316878,-0.0074060215,3979,0,0.06014472,-0.07721343,-9.486778,3979
24760269,-0.036591344,-0.019846527,3.1702682e-05,4000,0,-0.41104016,-0.27986747,-9.946075,4000
24764296,0.038164195,-0.0022391933,-0.005863157,4027,0,-0.064713016,0.66698754,-9.557551,4027
24768269,0.021216428,-0.0023816868,-0.004177761,3973,0,0.17368907,-0.7664113,-9.467143,3973
24772291,-0.040205363,-0.03916137,-0.0043357657,4022,0,-0.50434345,0.40705517,-9.491612,4022
24776269,0.027178453,0.04320804,-0.019504484,3978,0,0.020511772,-0.47388417,-9.555385,3978
24780297,-0.040867604,-0.015229639,-0.005528502,4028,0,0.11978816,0.22710222,-10.191985,4028
24784341,0.05376587,-0.017175134,-0.00922039,4044,0,-0.40276343,0.16246566,-9.594533,4044
24788269,-0.023802448,0.034051593,-0.0076866862,3928,0,0.36294115,-0.6612565,-9.397956,3928
24792286,-0.030504292,-0.048674203,0.0055964827,4017,0,-0.06800197,0.900384,-9.526748,4017
24796269,0.056736547,0.028906714,-0.004846191,3983,0,-0.21462616,-0.53968465,-9.6777935,3983
24800269,-0.057856813,-0.0024605717,0.0023210265,4000,0,0.18121538,-0.15546088,-10.153942,4000
24804353,0.02061162,-0.031902008,0.006446613,4084,0,-0.28684604,0.7739017,-9.523543,4084
24808269,0.035179116,0.036614273,0.002802893,3916,0,0.1978711,-0.66066104,-9.382155,3916
24812269,-0.046708703,-0.045312572,0.011697323,4000,0,-0.0070273774,0.053648904,-9.353765,4000
24816269,0.005827627,0.013910279,-0.00022309621,4000,0,0.028392887,-0.23929416,-9.618509,4000
24820277,-0.04076733,-0.014867611,0.005236347,4008,0,-0.061510976,-0.053181414,-10.202193,4008
24824330,0.023701377,-0.005945997,0.0063443165,4053,0,-0.1827909,0.40600857,-9.671047,4053
24828269,-0.0044351597,0.021211859,0.0054219444,3939,0,0.29049462,-0.7424369,-9.382149,3939
24832292,-0.051455166,-0.04980453,0.014683764,4023,0,-0.27285144,0.47036415,-9.303713,4023
24836269,0.024507575,0.030213596,0.0015470014,3977,0,0.13404834,-0.11883491,-9.464497,3977
24840275,-0.023983,-0.036719665,0.011503782,4006,0,-0.12305393,-0.16924974,-10.00829,4006
24844339,-0.007967254,-0.0052473806,0.00898137,4064,0,-0.59540415,0.37350816,-9.5912485,4064
24848269,0.013743917,0.037720148,-0.0030289912,3930,0,0.49065334,-0.28775036,-9.564125,3930
24852269,-0.017360667,-0.074605584,0.008247411,4000,0,-0.23965782,0.04207445,-9.408751,4000
24856296,0.002057851,0.029127691,-0.0064753355,4027,0,-0.31978714,-0.052218854,-9.443078,4027
24860276,-0.009469465,0.002491075,-0.012468281,3980,0,0.507752,-0.30421978,-10.041115,3980
24864345,-0.022264682,-0.037471026,-0.0019130158,4069,0,-0.67018235,0.17743163,-10.126379,4069
24868269,0.028983492,0.041513618,-0.015744371,3924,0,0.17319237,0.07224159,-9.501287,3924
24872269,-0.011771209,-0.020205747,-0.0061826897,4000,0,0.29413015,-0.24437234,-9.423373,4000
24876285,-0.0023339558,-0.022625554,-0.007919752,4016,0,-0.5078735,0.45575154,-9.434944,4016
24880275,0.02632934,0.04307211,-0.017482802,3990,0,0.39021415,-0.412845,-9.780871,3990
24884307,-0.019789688,-0.052530218,-0.005169029,4032,0,-0.23243456,0.115591764,-10.097216,4032
24888269,0.01218354,0.016291464,-0.0071458514,3962,0,-0.4729864,0.15678765,-9.484989,3962
24892282,0.022410586,0.021377403,-0.010564127,4013,0,0.45616525,-0.08131528,-9.435935,4013
24896294,0.006922574,-0.053847454,-0.0025981097,4012,0,-0.048709195,-0.04077033,-9.244138,4012
24900275,0.003253722,0.009436602,-0.008837332,3981,0,-0.2482988,-0.12381295,-9.502469,3981
24904300,-0.012321137,0.00026401994,-0.016562974,4025,0,0.22675592,-0.3490224,-10.036024,4025
24908268,-0.017554171,-0.01912465,-0.0053163287,3968,0,-0.27631938,0.18530123,-10.099857,3968
24912282,0.03253614,-0.0035856096,-0.007692235,4014,0,-0.07416436,0.32324526,-9.284615,4014
24916268,0.011289234,0.024825934,-0.0054343515,3986,0,0.2574537,-0.6209351,-9.406801,3986
24920269,-0.049569152,-0.045204528,0.0061480068,4001,0,0.0019104908,0.16740191,-9.329495,4001
24924316,0.016584912,0.014193868,-0.003672408,4047,0,-0.19618908,0.16170198,-9.807149,4047
24928275,-0.004992123,-0.0028291799,-0.0024986584,3959,0,-0.08646266,-0.42262605,-10.1599865,3959
24932285,-0.023488225,-0.008303992,0.008399974,4010,0,-0.2455972,0.44632745,-9.525595,4010
24936269,0.039157834,0.0116736,0.0012643025,3984,0,0.030066008,0.10162827,-9.361713,3984
24940292,-0.026084054,-0.014244648,0.0051930356,4023,0,0.07479628,-0.705772,-9.440344,4023
24944300,-0.036974065,-0.022376092,0.01013902,4008,0,-0.3052229,0.6810575,-9.51361,4008
24948275,0.032258168,0.026971454,-0.0078079174,3975,0,0.20236231,-0.47110796,-10.0726595,3975
24952270,-0.024775162,-0.03734435,0.006133346,3995,0,-0.34465867,-0.1319899,-10.024461,3995
24956268,-0.0128797805,0.02460389,0.00032647312,3998,0,-0.08168789,0.24127398,-9.542455,3998
24960317,0.008765625,0.00067743077,-0.0007729348,4049,0,0.21429674,-0.073311485,-9.481181,4049
24964319,-0.010159665,-0.021639643,0.0024975415,4002,0,0.15948328,-0.14809139,-9.369132,4002
24968275,-0.00973916,-0.007990315,0.006513707,3956,0,-0.40025342,0.2974937,-9.70739,3956
24972281,0.010301467,0.021729931,0.0003190659,4006,0,0.30875087,-0.28825632,-9.8328085,4006
24976269,-0.014285222,-0.037393723,0.012062233,3988,0,-0.445723,0.16015148,-9.835046,3988
24980272,0.009740787,0.032354012,-0.00046260774,4003,0,0.04691809,-0.012579658,-9.42865,4003
24984302,-0.0056473822,-0.02298811,0.0060407356,4030,0,-0.03989853,0.052998632,-9.468232,4030
24988276,0.015278005,-0.0017414642,0.001172616,3974,0,-0.013977203,-0.045460388,-9.411118,3974
24992273,-0.012229332,-0.0131034115,0.0023251448,3997,0,-0.12331466,-0.13137065,-9.707917,3997
24996269,-0.0045428276,-0.0050048074,-0.002681757,3996,0,0.0932765,-0.051195398,-9.804148,3996
25000289,-0.0026382355,-0.014117137,-0.0067758965,4020,0,-0.19487023,-0.14183663,-9.792227,4020
25004336,0.0022113936,0.009109655,-0.008187941,4047,0,-0.0057410155,-0.06545168,-9.59043,4047
25008268,-0.012617141,-0.0068626325,0.0014660977,3932,0,0.038930718,0.2544115,-9.590827,3932
25012295,0.024477305,0.0014781932,-0.010438315,4027,0,0.051671248,-0.36797917,-9.497684,4027
25016275,-0.04178003,-0.017171338,-0.0016095788,3980,0,-0.14460023,-0.03558147,-9.649828,3980
25020277,0.010826238,0.005413448,-0.0038515253,4002,0,0.006913133,0.40609032,-9.731871,4002
25024300,0.017030088,-0.006206844,-0.008799054,4023,0,-0.2180871,-0.5666159,-9.707815,4023
25028269,-0.026645726,-0.0038700355,-0.0054433406,3969,0,-0.21133372,0.29220307,-9.645669,3969
25032305,0.0063123265,0.008270933,-0.0031394335,4036,0,0.051824223,0.17858694,-9.494333,4036
25036277,0.029484719,-0.021364864,-0.010015326,3972,0,-0.092533834,-0.22597219,-9.568812,3972
25040291,-0.038010176,-0.0027984942,-0.004672208,4014,0,-0.09907087,-0.24005705,-9.491429,4014
25044294,0.005831416,-0.0027958797,-0.007253382,4003,0,0.063123405,0.52274084,-9.76409,4003
25048269,0.028285759,-0.0063916887,-0.012151973,3975,0,0.029921679,-0.6336812,-9.768636,3975
25052269,-0.031608198,-0.012760658,-0.0065169665,4000,0,-0.10504788,0.21923411,-9.702835,4000
25056276,0.018386109,0.009162431,-0.007659985,4007,0,-0.026879312,-0.087052174,-9.6623125,4007
25060280,-0.012797874,-0.003908879,-0.010096025,4004,0,0.14731775,-0.0100670485,-9.548253,4004
25064319,0.012819991,-0.011824596,-0.0013785114,4039,0,-0.021773186,0.02107893,-9.6015005,4039
25068269,-0.007585804,0.0009296717,-0.005395324,3950,0,-0.13058601,-0.09641895,-9.637575,3950
25072269,-0.0033329586,0.0006116972,-0.00082867476,4000,0,-0.033140507,0.11821463,-9.740736,4000
25076274,0.0035943687,-0.006746752,-0.0016190592,4005,0,-0.11560434,-0.07459273,-9.670426,4005
25080295,-0.003605828,-0.0033560437,0.0036236593,4021,0,-0.080131166,0.032498337,-9.542094,4021
25084319,-0.0037305898,-0.0061790575,0.0056243385,4024,0,-0.11824503,0.039926007,-9.527361,4024
25088314,0.0043493407,0.0031401902,0.0013923525,3995,0,-0.03603331,-0.022430561,-9.717093,3995
25092269,-0.0068901437,-0.013670264,0.0034191469,3955,0,-0.05500649,-0.20579249,-9.602411,3955
25096276,-0.012360384,-0.0042453655,0.005755906,4007,0,-0.035253588,0.25867367,-9.659473,4007
25100283,0.013997988,-0.00834403,0.003365495,4007,0,-0.13428359,-0.360387,-9.619136,4007
25104306,-0.032576494,0.00082186353,0.00028162898,4023,0,-0.015561117,-0.11435938,-9.666743,4023
25108271,-0.0007289879,-0.009125113,0.0010007094,3965,0,0.068933375,0.20437074,-9.654597,3965
25112269,-0.0006018632,-0.005604454,0.003996626,3998,0,-0.39059436,-0.21234393,-9.75286,3998
25116268,-0.019833,0.024125297,-0.0009093133,3999,0,0.16112986,-0.013945935,-9.77215,3999
25120310,0.00037498953,-0.028582487,0.002366171,4042,0,-0.019373085,-0.049678106,-9.488007,4042
25124317,-0.011892009,0.005050677,-0.0022486562,4007,0,-0.24552438,0.15224099,-9.497956,4007
25128301,0.0075643295,0.006562742,-0.0006392096,3984,0,0.03167735,-0.12750345,-9.587169,3984
25132269,-0.015104775,-0.010346568,0.0016958886,3968,0,-0.10991401,-0.029064469,-9.701646,3968
25136270,0.0132902665,0.00053314184,-0.0024861542,4001,0,-0.1627406,0.11955522,-9.68713,4001
25140291,-0.0070227436,0.0027316785,-0.0023578259,4021,0,-0.10992601,-0.2081635,-9.637425,4021
25144323,-6.829373e-05,-0.0016833975,-0.0003565793,4032,0,-0.006745123,0.36475718,-9.624401,4032
25148279,0.034372807,-0.005734531,-0.0073275063,3956,0,0.1234336,-0.32919627,-9.422939,3956
25152269,-0.022961156,-0.015649825,-0.0035621384,3990,0,-0.1290198,-0.00797323,-9.67343,3990
25156273,0.007295425,0.0014083781,-0.009269091,4004,0,0.019004602,0.026082342,-9.7602625,4004
25160304,0.0069389,-0.00872126,-0.008789619,4031,0,0.029714197,-0.035288427,-9.817202,4031
25164332,0.013847528,-0.0045727454,-0.013114105,4028,0,-0.10120301,-0.20256297,-9.621215,4028
25168301,-0.024819912,0.004614943,-0.008466486,3969,0,-0.025953094,-0.024054918,-9.591382,3969
25172298,0.013447901,-0.0058960435,-0.008213827,3997,0,0.07907512,0.51474124,-9.782018,3997
25176269,0.035400923,-0.009669079,-0.008398091,3971,0,-0.07015438,-0.68695503,-9.428816,3971
25180269,-0.051477462,-0.008075879,-0.0035830766,4000,0,-0.090200275,0.15294339,-9.705806,4000
25184332,0.02201051,-0.0049813464,-0.006909879,4063,0,-0.008550789,0.23546183,-9.71572,4063
25188277,0.0047667143,-0.008978263,-0.0025789659,3945,0,-0.22262128,-0.36732703,-9.650657,3945
25192287,-0.013006226,0.002877593,-0.0031414977,4010,0,0.13425687,0.15874805,-9.577421,4010
25196270,0.0024450156,-0.0211651,0.0036198073,3983,0,-0.22799052,0.007714695,-9.501261,3983
25200269,0.0013643178,0.012181866,0.00035658697,3999,0,-0.19933833,0.0093292985,-9.723634,3999
25204307,-0.000708933,-0.0031894564,-0.0020421734,4038,0,0.2760544,-0.42769828,-9.682037,4038
25208293,-0.033984788,-0.034635898,0.0074148667,3986,0,-0.42072275,0.36067444,-9.61605,3986
25212282,0.032470543,0.029723914,-0.0044059423,3989,0,0.07379328,-0.047203906,-9.5804205,3989
25216271,-0.024569623,-0.020792684,0.0036885326,3989,0,-0.07068857,-0.54876554,-9.645843,3989
25220269,-0.023399211,-0.0045099896,0.0026903339,3998,0,-0.207374,0.55181956,-9.699032,3998
25224310,0.029564578,0.012312022,-0.0014725893,4041,0,0.029227233,-0.3518994,-9.636303,4041
25228276,-0.029786404,-0.0194521,0.004494561,3966,0,-0.29921585,-0.13409497,-9.715859,3966
25232275,-0.0020852827,0.026904538,-0.0009930551,3999,0,0.046118114,0.15436475,-9.703583,3999
25236275,-0.0005037211,-0.019082185,0.003587418,4000,0,-0.004923198,-0.11837325,-9.562563,4000
25240269,-0.0029833883,0.0075422293,0.0008013364,3994,0,-0.2737618,0.027352462,-9.58371,3994
25244306,-0.006142196,0.00965602,0.0009539586,4037,0,0.17015377,-0.06463225,-9.6051,4037
25248311,-0.0007566524,-0.013629934,0.005208627,4005,0,-0.21612456,0.1863651,-9.733625,4005
25252278,0.0025733,0.016390422,-0.0005814982,3967,0,-0.0043730787,-0.22998723,-9.658143,3967
25256302,-0.016629856,-0.009252534,0.004808097,4024,0,-0.01858992,0.114252105,-9.59592,4024
25260268,0.01369453,0.0032568981,-0.0020023212,3966,0,-0.07876784,0.06197717,-9.5557995,3966
25264291,-0.00038647448,0.0045454246,-0.001157125,4023,0,-0.005477077,-0.119056016,-9.744116,4023
25268313,-0.0041556265,-0.015394155,0.00014669645,4022,0,0.011736001,0.0542749,-9.518108,4022
25272275,0.0061299726,0.00027741355,-0.0032081616,3962,0,-0.031278707,-0.03599418,-9.623593,3962
25276284,-0.0047333725,-0.01069567,-0.0053459164,4009,0,-0.10811145,-0.18220666,-9.663609,4009
25280269,-0.007342635,0.00024937367,-0.008026908,3985,0,-0.08522068,0.09467121,-9.679285,3985
25284296,0.009310649,-0.0061003473,-0.011253436,4027,0,0.20749344,-0.060138404,-9.61132,4027
25288290,-0.0074635893,-0.02511358,-0.0077339993,3994,0,-0.22000566,-0.15223992,-9.535677,3994
25292275,-0.0108671235,0.013027797,-0.006524025,3985,0,-0.06614332,0.24815553,-9.71131,3985
25296285,0.023564946,-0.01042966,-0.010698805,4010,0,0.10061775,-0.13520826,-9.754427,4010
25300269,-0.012250847,-0.013990806,-0.0075042853,3984,0,-0.2038564,-0.29791754,-9.577714,3984
25304291,-0.014014068,0.004899114,-0.0067338524,4022,0,0.09276109,0.40537208,-9.587345,4022
25308295,0.0226465,-0.0120124165,-0.0023949936,4004,0,-0.17452605,-0.20135473,-9.551525,4004
25312269,-0.01802523,0.007965169,-0.0045309467,3974,0,-0.050304636,-0.092826284,-9.654792,3974
25315520,-0.006916041,-0.010777827,-0.00022773379,3251,0,-0.04341321,0.2201664,-9.689265,3251
25319501,0.008219382,-0.004986705,-0.000946462,3981,0,-0.23013501,-0.069511384,-9.644914,3981
25323518,-0.0041526826,-0.0006605843,0.0016373058,4017,0,-0.106166504,-0.066687025,-9.619974,4017
25328269,0.0019741154,-0.00013935307,-0.00034948371,4751,0,-0.07638469,0.070751384,-9.696851,4751
25332269,0.0034446786,-0.010479079,0.0027296436,4000,0,-0.22148912,-0.18607484,-9.627057,4000
25336272,-0.015769666,0.0048597916,0.0023349263,4003,0,-0.007975471,0.10654618,-9.547437,4003
25340278,0.0061852103,-0.0076021845,0.005579648,4006,0,-0.030149404,-0.15408096,-9.64962,4006
25344291,-0.009329645,-0.004504928,0.003469646,4013,0,-0.25039387,-0.016798351,-9.699964,4013
25348269,-0.0016158165,0.013922863,-0.0008813988,3978,0,0.116699904,-0.064149566,-9.672468,3978
