timestamp,rollspeed,pitchspeed,yawspeed,q[0],q[1],q[2],q[3],delta_q_reset[0],delta_q_reset[1],delta_q_reset[2],delta_q_reset[3],quat_reset_counter
50752867,0.0011984984,-0.00095236034,-0.0012425573,0.0048156027,0.011381438,-0.004615784,0.999913,0.56756896,0.017342221,-0.0076831304,0.82310724,3
50784872,0.00035606575,-0.0013805442,0.00025540055,0.0048157945,0.011403645,-0.0046171816,0.9999128,0.56756896,0.017342221,-0.0076831304,0.82310724,3
50816867,-0.0003825524,0.0008452451,0.00092032074,0.00481105,0.011402266,-0.0046198955,0.99991274,0.56756896,0.017342221,-0.0076831304,0.82310724,3
50848866,0.0014260483,0.00031675783,0.00079263,0.0048183636,0.011401934,-0.004625295,0.99991274,0.56756896,0.017342221,-0.0076831304,0.82310724,3
50880867,0.00025170122,-0.00021845545,-0.0010194692,0.004822939,0.011404549,-0.0046315347,0.9999127,0.56756896,0.017342221,-0.0076831304,0.82310724,3
50912888,-0.00029089302,0.001058917,-0.00035570376,0.0048165126,0.011412759,-0.004642285,0.99991256,0.56756896,0.017342221,-0.0076831304,0.82310724,3
50944869,-0.0027351484,0.00021545065,-2.4289358e-05,0.004820266,0.011409925,-0.0046504843,0.99991256,0.56756896,0.017342221,-0.0076831304,0.82310724,3
50976867,0.00014718258,-0.00011427293,0.00048671046,0.004807464,0.011407258,-0.004658299,0.99991256,0.56756896,0.017342221,-0.0076831304,0.82310724,3
51008886,0.0033536274,0.0006126604,0.0020467856,0.004756197,0.011416551,-0.0046734256,0.9999126,0.56756896,0.017342221,-0.0076831304,0.82310724,3
51040892,-0.010225542,-0.01824675,0.0053323936,0.0046689403,0.011446411,-0.00473875,0.9999124,0.56756896,0.017342221,-0.0076831304,0.82310724,3
51072867,0.010221777,0.002030472,-0.0008673696,0.0046879025,0.011417193,-0.0047062165,0.99991274,0.56756896,0.017342221,-0.0076831304,0.82310724,3
51104866,0.0043388484,-0.0051051592,-0.00652318,0.004743862,0.011424713,-0.004681082,0.9999125,0.56756896,0.017342221,-0.0076831304,0.82310724,3
51136867,-0.004151671,0.018843785,-0.0043496406,0.0048303497,0.01140243,-0.004664407,0.9999125,0.56756896,0.017342221,-0.0076831304,0.82310724,3
51168913,0.015430561,0.06656705,0.0029772168,0.0047958023,0.01136754,-0.0046465104,0.9999131,0.56756896,0.017342221,-0.0076831304,0.82310724,3
51196873,-0.009552606,-0.018605465,0.011828357,0.004651844,0.011444124,-0.0047209733,0.99991256,0.56756896,0.017342221,-0.0076831304,0.82310724,3
51228867,-0.014747673,-0.019652111,-0.0011313867,0.0045891968,0.011444676,-0.0047598756,0.9999126,0.56756896,0.017342221,-0.0076831304,0.82310724,3
51260867,0.015688913,-0.019301256,-0.0048181238,0.0047086156,0.011434801,-0.004609598,0.999913,0.56756896,0.017342221,-0.0076831304,0.82310724,3
51292867,-0.017790988,0.00984559,0.004414835,0.0047540255,0.01138004,-0.0046228166,0.9999133,0.56756896,0.017342221,-0.0076831304,0.82310724,3
51324881,-0.0059810816,-0.016086522,0.007395995,0.004647476,0.011408017,-0.0047393227,0.999913,0.56756896,0.017342221,-0.0076831304,0.82310724,3
51356882,-0.0032715753,0.009312157,0.00036257412,0.0045656986,0.011378484,-0.0047593745,0.9999135,0.56756896,0.017342221,-0.0076831304,0.82310724,3
51388867,-0.013516078,0.012381715,-0.013752843,0.0046706195,0.011382755,-0.0047009317,0.9999133,0.56756896,0.017342221,-0.0076831304,0.82310724,3
51420867,0.0037553904,0.0076112915,-0.0047174552,0.004876595,0.011330885,-0.0046530915,0.9999131,0.56756896,0.017342221,-0.0076831304,0.82310724,3
51448880,-0.024292363,-0.0043299636,0.008420118,0.004850947,0.0113615915,-0.004646723,0.9999129,0.56756896,0.017342221,-0.0076831304,0.82310724,3
51480873,-0.009078384,-0.024176164,0.004752014,0.004754947,0.011386169,-0.0047886013,0.99991244,0.56756896,0.017342221,-0.0076831304,0.82310724,3
51512876,0.03025585,0.008178756,-0.012291884,0.0048485016,0.011326991,-0.0046460126,0.99991333,0.56756896,0.017342221,-0.0076831304,0.82310724,3
51543290,-0.021466805,-0.025725415,0.036525246,0.004461772,0.011260698,-0.004826797,0.99991506,0.56756896,0.017342221,-0.0076831304,0.82310724,3
51576067,0.04802968,0.025919685,-0.03085264,0.004479795,0.011051382,-0.0051718317,0.99991554,0.56756896,0.017342221,-0.0076831304,0.82310724,3
51608868,-0.0017300239,0.0132106,-0.03500683,0.005020832,0.011079102,-0.0047743917,0.99991465,0.56756896,0.017342221,-0.0076831304,0.82310724,3
51640109,-0.062177632,-0.062841386,0.020334838,0.005156475,0.0111360205,-0.00468858,0.9999137,0.56756896,0.017342221,-0.0076831304,0.82310724,3
51672867,-0.06582266,-0.03244414,0.037231404,0.004594552,0.011082991,-0.005215475,0.9999144,0.56756896,0.017342221,-0.0076831304,0.82310724,3
51703298,0.07136865,0.03276865,-0.021511525,0.004442206,0.011058498,-0.005044944,0.9999163,0.56756896,0.017342221,-0.0076831304,0.82310724,3
51735319,0.07721678,0.07511787,-0.051412206,0.0051276837,0.010973754,-0.0046742633,0.9999158,0.56756896,0.017342221,-0.0076831304,0.82310724,3
51763312,0.013132124,0.12148765,0.016373724,0.0052749556,0.010907318,-0.004300354,0.9999174,0.56756896,0.017342221,-0.0076831304,0.82310724,3
51799296,0.019803224,-0.026457056,0.0142479185,0.00476104,0.0110568125,-0.004517844,0.9999174,0.56756896,0.017342221,-0.0076831304,0.82310724,3
51828095,0.07301036,-0.03968717,-0.017107649,0.004821537,0.0110456655,-0.004439342,0.9999175,0.56756896,0.017342221,-0.0076831304,0.82310724,3
51860076,-0.050976776,0.019346168,-0.0033345707,0.0050122365,0.010836903,-0.0039987518,0.9999208,0.56756896,0.017342221,-0.0076831304,0.82310724,3
51892075,-0.018364351,-0.05023028,0.011334529,0.005081139,0.010821456,-0.0043093152,0.99991924,0.56756896,0.017342221,-0.0076831304,0.82310724,3
51923310,0.048979692,-0.041634653,0.0139560895,0.0049764914,0.010936588,-0.0042530736,0.99991876,0.56756896,0.017342221,-0.0076831304,0.82310724,3
51956082,0.06212634,0.05866056,-0.018585863,0.004906616,0.010789759,-0.0040704766,0.99992144,0.56756896,0.017342221,-0.0076831304,0.82310724,3
51988076,-0.032571156,0.037384074,-0.004418703,0.005073236,0.010763437,-0.0042551323,0.9999202,0.56756896,0.017342221,-0.0076831304,0.82310724,3
52020073,-0.008789115,0.0848011,0.006470769,0.004950203,0.010768443,-0.0040562553,0.99992156,0.56756896,0.017342221,-0.0076831304,0.82310724,3
52051326,-0.05736584,-0.054348215,-0.0055227196,0.00494578,0.010923691,-0.004217609,0.99991924,0.56756896,0.017342221,-0.0076831304,0.82310724,3
52084087,0.05336134,0.00155066,-0.0028723122,0.0050925827,0.010810413,-0.004098329,0.99992025,0.56756896,0.017342221,-0.0076831304,0.82310724,3
52116067,0.045734078,0.032209903,0.006720096,0.00494986,0.010780553,-0.0039500063,0.9999219,0.56756896,0.017342221,-0.0076831304,0.82310724,3
52148067,0.023420816,-0.011250772,-0.0061479653,0.004991304,0.010853367,-0.004198677,0.99991983,0.56756896,0.017342221,-0.0076831304,0.82310724,3
52179317,-0.011763921,-0.04494405,0.017267939,0.0050373897,0.01083726,-0.004020561,0.99992055,0.56756896,0.017342221,-0.0076831304,0.82310724,3
52212089,-0.008944054,0.021764867,-0.0211884,0.0054394896,0.010811588,-0.0040547983,0.9999185,0.56756896,0.017342221,-0.0076831304,0.82310724,3
52240067,0.028030934,-0.00909631,0.031531185,0.0052955695,0.01097147,-0.004229172,0.9999169,0.56756896,0.017342221,-0.0076831304,0.82310724,3
52272066,0.01608063,0.021158313,0.0017946435,0.0048887883,0.010900835,-0.004378466,0.9999191,0.56756896,0.017342221,-0.0076831304,0.82310724,3
52304073,-0.030855991,-0.009227287,-0.022840498,0.0050940895,0.01092069,-0.00441129,0.9999177,0.56756896,0.017342221,-0.0076831304,0.82310724,3
52336066,0.031985,0.041741937,0.0051817587,0.005138582,0.010884275,-0.004104585,0.99991924,0.56756896,0.017342221,-0.0076831304,0.82310724,3
52368096,-0.060057368,0.0045015104,0.015643235,0.004942459,0.010952712,-0.0044061947,0.9999181,0.56756896,0.017342221,-0.0076831304,0.82310724,3
52400103,-0.003965846,0.0022296603,-0.0025942682,0.0049279137,0.010927701,-0.0045378343,0.99991786,0.56756896,0.017342221,-0.0076831304,0.82310724,3
52432066,-0.00146105,0.052646115,-0.006385906,0.0049171466,0.010836031,-0.0043319804,0.9999199,0.56756896,0.017342221,-0.0076831304,0.82310724,3
52464068,-0.035630673,0.036332063,-0.0061566066,0.0049625007,0.010848146,-0.004449611,0.999919,0.56756896,0.017342221,-0.0076831304,0.82310724,3
52492082,0.026267484,-0.00071935495,-0.0018856223,0.004982529,0.010828994,-0.0042227744,0.99992007,0.56756896,0.017342221,-0.0076831304,0.82310724,3
52524073,-0.0012168029,0.09736724,-0.018970894,0.0050842855,0.010745747,-0.0042389017,0.99992037,0.56756896,0.017342221,-0.0076831304,0.82310724,3
52556067,0.034304738,0.108211026,-0.0012626417,0.0051455996,0.010805341,-0.0044696652,0.9999184,0.56756896,0.017342221,-0.0076831304,0.82310724,3
52588074,0.03384811,0.07275903,0.009988155,0.004895296,0.010857762,-0.0044933674,0.999919,0.56756896,0.017342221,-0.0076831304,0.82310724,3
52620094,0.025668543,0.061197266,-0.013994297,0.005017667,0.0108756265,-0.0044882623,0.9999183,0.56756896,0.017342221,-0.0076831304,0.82310724,3
52652084,-0.057350446,0.011126383,0.007477698,0.005095672,0.010933091,-0.004373067,0.9999177,0.56756896,0.017342221,-0.0076831304,0.82310724,3
52684068,-0.0645481,-0.024851913,0.022254126,0.0049931626,0.010969616,-0.004421046,0.9999176,0.56756896,0.017342221,-0.0076831304,0.82310724,3
52716067,-0.0052752346,0.02060499,0.0061146896,0.005030299,0.010909346,-0.004551445,0.99991757,0.56756896,0.017342221,-0.0076831304,0.82310724,3
52748067,-0.07094185,0.05691692,-0.0035842764,0.005169354,0.010712392,-0.00438437,0.9999197,0.56756896,0.017342221,-0.0076831304,0.82310724,3
52780075,-0.021387015,-0.016738188,-0.00059226644,0.0052613444,0.010610921,-0.00423743,0.9999209,0.56756896,0.017342221,-0.0076831304,0.82310724,3
52812115,-0.14937563,-0.16189024,0.04757534,0.0050374186,0.010724673,-0.0044712434,0.99991983,0.56756896,0.017342221,-0.0076831304,0.82310724,3
52844080,-0.07269338,0.10858879,0.00082858745,0.004806353,0.010445263,-0.0044951392,0.9999239,0.56756896,0.017342221,-0.0076831304,0.82310724,3
52876067,-0.0491779,0.028789625,-0.018269395,0.005040123,0.010431672,-0.0045576473,0.9999225,0.56756896,0.017342221,-0.0076831304,0.82310724,3
52908100,-0.021716977,-0.07354687,0.0012341358,0.0050726146,0.010506613,-0.0043294076,0.99992263,0.56756896,0.017342221,-0.0076831304,0.82310724,3
52940073,-0.053442765,-0.11546851,-0.004942439,0.0050378214,0.010650878,-0.004446794,0.9999208,0.56756896,0.017342221,-0.0076831304,0.82310724,3
52972095,0.07221394,0.2692571,-0.00936919,0.005042509,0.009998578,-0.004238075,0.99992836,0.56756896,0.017342221,-0.0076831304,0.82310724,3
53004066,-0.028212832,-0.14006159,0.01831852,0.0049196896,0.010204112,-0.0042345594,0.99992687,0.56756896,0.017342221,-0.0076831304,0.82310724,3
53036067,-0.03374231,0.02141415,-0.0055027995,0.0050642854,0.0101194335,-0.0043004043,0.9999268,0.56756896,0.017342221,-0.0076831304,0.82310724,3
53068087,0.053071544,-0.08451399,0.011458162,0.0050531523,0.010266211,-0.004063293,0.9999263,0.56756896,0.017342221,-0.0076831304,0.82310724,3
53100086,-0.06949642,-0.12197669,0.010628247,0.005056102,0.0102672335,-0.00431119,0.99992526,0.56756896,0.017342221,-0.0076831304,0.82310724,3
53132067,-0.21857022,0.1464268,0.010239052,0.0051550316,0.009848756,-0.004497659,0.9999282,0.56756896,0.017342221,-0.0076831304,0.82310724,3
53164067,-0.13607505,-0.05586284,0.03987623,0.005042455,0.010032816,-0.0046624388,0.9999261,0.56756896,0.017342221,-0.0076831304,0.82310724,3
53196067,-0.053434405,0.03323053,-0.012249506,0.0050261947,0.009802706,-0.0045075975,0.99992925,0.56756896,0.017342221,-0.0076831304,0.82310724,3
53228116,-0.021608869,0.10729047,-0.016135305,0.0051776436,0.009762551,-0.004309726,0.99992967,0.56756896,0.017342221,-0.0076831304,0.82310724,3
53260084,-0.07566855,0.11555031,0.031100279,0.0051066433,0.009464941,-0.0044963607,0.9999321,0.56756896,0.017342221,-0.0076831304,0.82310724,3
53292073,-0.14010523,-0.035631265,0.0035301016,0.0049619437,0.009515566,-0.0044985106,0.9999323,0.56756896,0.017342221,-0.0076831304,0.82310724,3
53324067,-0.01595986,0.084449224,-0.015866794,0.0050930213,0.009257326,-0.004666783,0.9999333,0.56756896,0.017342221,-0.0076831304,0.82310724,3
53356099,-0.012540093,0.046872012,-0.024248652,0.005079929,0.00912411,-0.0046008094,0.9999349,0.56756896,0.017342221,-0.0076831304,0.82310724,3
53388067,-0.1555202,0.0074531455,0.024611725,0.004965947,0.009115174,-0.0048589525,0.9999343,0.56756896,0.017342221,-0.0076831304,0.82310724,3
53420074,-0.0050914595,-0.04872033,-0.003879882,0.004961104,0.008745753,-0.0047566677,0.99993813,0.56756896,0.017342221,-0.0076831304,0.82310724,3
53452079,0.09909286,-0.0118887145,-0.014802328,0.004930139,0.008616048,-0.0043097567,0.99994147,0.56756896,0.017342221,-0.0076831304,0.82310724,3
53484130,-0.04936417,-0.045746952,0.03184137,0.004628479,0.008463183,-0.004450133,0.99994355,0.56756896,0.017342221,-0.0076831304,0.82310724,3
53516076,-0.25990644,0.1522211,0.0057934183,0.004720858,0.008335723,-0.0048619043,0.99994236,0.56756896,0.017342221,-0.0076831304,0.82310724,3
53548080,-0.11804121,-0.044608988,-0.007970545,0.0046795527,0.008485247,-0.0047113406,0.99994195,0.56756896,0.017342221,-0.0076831304,0.82310724,3
53580079,0.050327465,-0.008764464,0.041400805,0.004751563,0.008342738,-0.0047863536,0.9999425,0.56756896,0.017342221,-0.0076831304,0.82310724,3
53612089,-0.18855391,-0.030673567,0.003870761,0.004918369,0.008044502,-0.0050825356,0.99994266,0.56756896,0.017342221,-0.0076831304,0.82310724,3
53640067,-0.051787335,-0.17061707,0.035506982,0.0046742507,0.008004271,-0.005003985,0.99994457,0.56756896,0.017342221,-0.0076831304,0.82310724,3
53672066,-0.11788885,0.08638361,-0.030603554,0.00461984,0.007471101,-0.005533436,0.9999461,0.56756896,0.017342221,-0.0076831304,0.82310724,3
53704074,-0.12533604,0.05781392,0.0065811514,0.004482069,0.0073880805,-0.00546832,0.9999477,0.56756896,0.017342221,-0.0076831304,0.82310724,3
53736067,-0.13712734,0.023640014,0.060019147,0.0045432723,0.007462809,-0.0051754853,0.9999485,0.56756896,0.017342221,-0.0076831304,0.82310724,3
53768096,-0.036069468,0.10628217,0.0048538903,0.004656262,0.0070057306,-0.0055544376,0.9999493,0.56756896,0.017342221,-0.0076831304,0.82310724,3
53800117,-0.14032733,0.11834285,0.030043708,0.0043719723,0.0061651473,-0.005568833,0.99995595,0.56756896,0.017342221,-0.0076831304,0.82310724,3
53832085,0.074346855,-0.12148451,0.04646513,0.0041330704,0.005650218,-0.005594705,0.99995995,0.56756896,0.017342221,-0.0076831304,0.82310724,3
53864067,0.081719846,-0.0011379155,-0.03868851,0.004033666,0.004969257,-0.006426791,0.99995893,0.56756896,0.017342221,-0.0076831304,0.82310724,3
53892075,0.037227973,0.08785183,0.05321862,0.0037248733,0.004844966,-0.0063647875,0.9999611,0.56756896,0.017342221,-0.0076831304,0.82310724,3
53924069,0.17940804,0.062417332,0.0006458097,0.0039661014,0.005415833,-0.0063886684,0.99995714,0.56756896,0.017342221,-0.0076831304,0.82310724,3
53960067,0.051162962,0.12985305,0.07949927,0.0039718836,0.005262066,-0.006486933,0.9999573,0.56756896,0.017342221,-0.0076831304,0.82310724,3
53992067,0.2966319,0.03215163,0.021219335,0.003870792,0.0044127456,-0.006475126,0.9999618,0.56756896,0.017342221,-0.0076831304,0.82310724,3
54024083,0.008527089,0.007735849,0.014115936,0.0038170146,0.0032507582,-0.007279042,0.999961,0.56756896,0.017342221,-0.0076831304,0.82310724,3
54056120,0.039458886,0.059983466,-0.008555777,0.0033983148,0.002146837,-0.007463688,0.9999641,0.56756896,0.017342221,-0.0076831304,0.82310724,3
54088089,-0.08735358,-0.05391432,-0.024477968,0.0033451573,0.0015162749,-0.008035903,0.99996096,0.56756896,0.017342221,-0.0076831304,0.82310724,3
54120075,-0.31832698,0.11288752,0.038979933,0.0032592388,0.0014508007,-0.00838072,0.9999586,0.56756896,0.017342221,-0.0076831304,0.82310724,3
54152067,-0.12855916,-0.03539829,-0.0111646475,0.0031335622,0.0021416675,-0.0084881745,0.99995685,0.56756896,0.017342221,-0.0076831304,0.82310724,3
54184073,-0.299403,0.08857231,-0.034776542,0.0031435818,0.0026190677,-0.008445092,0.99995595,0.56756896,0.017342221,-0.0076831304,0.82310724,3
54216067,-0.08544948,-0.041054763,-0.00079763937,0.00352601,0.0026355926,-0.0075129485,0.9999621,0.56756896,0.017342221,-0.0076831304,0.82310724,3
54248077,0.113790184,0.07383958,0.055595715,0.00338936,0.0018929495,-0.0075041507,0.99996436,0.56756896,0.017342221,-0.0076831304,0.82310724,3
54280071,0.03479566,0.0031910453,0.052741602,0.002994383,0.0013102692,-0.008177216,0.99996126,0.56756896,0.017342221,-0.0076831304,0.82310724,3
54312090,-0.0024411033,0.12751251,0.030515635,0.0029873888,0.0005490473,-0.008554531,0.9999588,0.56756896,0.017342221,-0.0076831304,0.82310724,3
54340092,-0.30833063,0.034944575,-0.054912154,0.0032700312,-0.000540102,-0.008682014,0.9999569,0.56756896,0.017342221,-0.0076831304,0.82310724,3
54372080,-0.14175108,-0.05615423,-0.030830786,0.003430191,-0.0018383823,-0.008964423,0.99995226,0.56756896,0.017342221,-0.0076831304,0.82310724,3
54404067,0.13837682,-0.090061605,-0.002304872,0.0033421163,-0.002737945,-0.00948585,0.9999457,0.56756896,0.017342221,-0.0076831304,0.82310724,3
54436067,0.19127816,0.073644266,-0.037237618,0.0034284352,-0.0036639816,-0.009594249,0.99994147,0.56756896,0.017342221,-0.0076831304,0.82310724,3
54468073,0.1804631,0.10155091,-0.023501098,0.0038289807,-0.0038888643,-0.01008215,0.9999343,0.56756896,0.017342221,-0.0076831304,0.82310724,3
54500078,0.19334891,-0.21782687,0.0050934628,0.0038149634,-0.003473055,-0.010291799,0.9999337,0.56756896,0.017342221,-0.0076831304,0.82310724,3
54532067,-0.19294141,0.021856517,-0.020626351,0.0035915521,-0.004028882,-0.010926767,0.99992573,0.56756896,0.017342221,-0.0076831304,0.82310724,3
54563313,0.25301,-0.2727158,-0.0057710754,0.0038158973,-0.0037738595,-0.010075521,0.9999349,0.56756896,0.017342221,-0.0076831304,0.82310724,3
54591285,0.06418929,0.04793224,0.03997594,0.0037052243,-0.0039055028,-0.009615996,0.9999393,0.56756896,0.017342221,-0.0076831304,0.82310724,3
54627266,0.08821042,-0.15766639,0.0058920505,0.0039892723,-0.0031125706,-0.009031668,0.9999465,0.56756896,0.017342221,-0.0076831304,0.82310724,3
54659293,0.028085422,0.13873222,0.049489044,0.0036269731,-0.0032970626,-0.009036069,0.99994725,0.56756896,0.017342221,-0.0076831304,0.82310724,3
54691267,0.096145615,-0.18034256,-0.02126618,0.0035467222,-0.0029916936,-0.008962502,0.99994916,0.56756896,0.017342221,-0.0076831304,0.82310724,3
54722506,-0.15667452,-0.014728531,0.00041330792,0.003654361,-0.003194573,-0.009176905,0.9999462,0.56756896,0.017342221,-0.0076831304,0.82310724,3
54755291,-0.23748727,0.117438264,-0.001272402,0.0033995155,-0.004194133,-0.009382695,0.9999414,0.56756896,0.017342221,-0.0076831304,0.82310724,3
54787266,-0.09101225,0.10672769,-0.008610038,0.0034099247,-0.0054147346,-0.010131549,0.99992824,0.56756896,0.017342221,-0.0076831304,0.82310724,3
54819276,0.13082238,0.18526179,0.00012352644,0.003129006,-0.006856903,-0.010465452,0.99991685,0.56756896,0.017342221,-0.0076831304,0.82310724,3
54847267,-0.34068123,-0.043621212,0.0018745393,0.0033046242,-0.007821139,-0.011149849,0.9999018,0.56756896,0.017342221,-0.0076831304,0.82310724,3
54879273,-0.40571353,0.09839042,0.014149081,0.0036986794,-0.009061794,-0.011965569,0.99988055,0.56756896,0.017342221,-0.0076831304,0.82310724,3
54913675,-0.07691882,0.19989048,-0.024754142,0.0037254023,-0.010290649,-0.011979324,0.99986845,0.56756896,0.017342221,-0.0076831304,0.82310724,3
54944103,-0.23330536,-0.069382444,-0.02591291,0.003826746,-0.010493813,-0.0126037635,0.99985826,0.56756896,0.017342221,-0.0076831304,0.82310724,3
54975267,-0.14334498,-0.09968478,0.012351219,0.0034169992,-0.010775079,-0.0131561505,0.9998496,0.56756896,0.017342221,-0.0076831304,0.82310724,3
55007273,0.22428906,-0.3199258,-0.002245885,0.0034602033,-0.0108343,-0.012624773,0.99985564,0.56756896,0.017342221,-0.0076831304,0.82310724,3
55039268,-0.021781163,-0.18599308,0.054842576,0.00396375,-0.011322384,-0.012585331,0.99984884,0.56756896,0.017342221,-0.0076831304,0.82310724,3
55071267,-0.1256079,-0.069012426,0.06611611,0.003984221,-0.012174932,-0.012943491,0.9998342,0.56756896,0.017342221,-0.0076831304,0.82310724,3
55098530,0.2861417,0.029364262,0.058101676,0.0039014928,-0.012837685,-0.013192511,0.999823,0.56756896,0.017342221,-0.0076831304,0.82310724,3
55131267,-0.15929472,0.46855026,0.0017205093,0.0041467478,-0.014616623,-0.013354157,0.99979544,0.56756896,0.017342221,-0.0076831304,0.82310724,3
55163322,-0.0728453,0.63322496,-0.037490558,0.0043766736,-0.016624771,-0.01376899,0.99975747,0.56756896,0.017342221,-0.0076831304,0.82310724,3
55195266,-0.061659593,0.36480442,0.113511965,0.003421351,-0.018601429,-0.014667861,0.99971354,0.56756896,0.017342221,-0.0076831304,0.82310724,3
55227293,-0.31681865,-0.12124384,0.0507173,0.0026776653,-0.019926166,-0.015951402,0.9996707,0.56756896,0.017342221,-0.0076831304,0.82310724,3
55259267,-0.6067605,-0.08889258,-0.065424226,0.002906853,-0.021422917,-0.016934289,0.9996228,0.56756896,0.017342221,-0.0076831304,0.82310724,3
55291273,0.1354228,0.0767851,-0.0759036,0.003471463,-0.022336299,-0.016072398,0.9996154,0.56756896,0.017342221,-0.0076831304,0.82310724,3
55323276,0.17400423,-0.243539,-0.022289231,0.003755504,-0.022752834,-0.016246542,0.9996021,0.56756896,0.017342221,-0.0076831304,0.82310724,3
55359273,0.24757016,0.52662754,-0.044207666,0.004189023,-0.024657182,-0.016100852,0.9995576,0.56756896,0.017342221,-0.0076831304,0.82310724,3
55391266,0.028588152,0.14009918,0.028349146,0.004546062,-0.025248872,-0.016455889,0.9995355,0.56756896,0.017342221,-0.0076831304,0.82310724,3
55423314,-0.17236792,-0.23224108,-0.017939417,0.0050393757,-0.025103087,-0.01669706,0.9995327,0.56756896,0.017342221,-0.0076831304,0.82310724,3
55455287,0.07289909,-0.18961208,0.032466732,0.0055504115,-0.024313899,-0.016163133,0.99955827,0.56756896,0.017342221,-0.0076831304,0.82310724,3
55487273,-0.05097063,-0.2590284,0.020027215,0.0058725416,-0.02324423,-0.01592231,0.9995858,0.56756896,0.017342221,-0.0076831304,0.82310724,3
55519267,-0.1852007,-0.11531546,-0.075406134,0.0061106957,-0.022691092,-0.015496351,0.99960375,0.56756896,0.017342221,-0.0076831304,0.82310724,3
55547269,-0.31505883,-0.033415895,-0.022187572,0.0060916943,-0.022359913,-0.0154374745,0.9996123,0.56756896,0.017342221,-0.0076831304,0.82310724,3
55579279,0.074737616,0.0113057345,0.046030127,0.005654794,-0.02263379,-0.014309521,0.99962544,0.56756896,0.017342221,-0.0076831304,0.82310724,3
55611279,-0.21578678,-0.17691049,-0.001831658,0.005810596,-0.02234215,-0.013121543,0.99964744,0.56756896,0.017342221,-0.0076831304,0.82310724,3
55643313,-0.035312504,0.36403894,-0.00690311,0.0058757276,-0.02400752,-0.012615296,0.99961495,0.56756896,0.017342221,-0.0076831304,0.82310724,3
55675267,0.17841,0.03329438,0.095273264,0.0047433428,-0.02547005,-0.012450503,0.9995868,0.56756896,0.017342221,-0.0076831304,0.82310724,3
55707268,-0.2495929,0.1127873,0.013645565,0.0039412472,-0.026724834,-0.013398277,0.99954534,0.56756896,0.017342221,-0.0076831304,0.82310724,3
55739267,0.25046077,0.03021801,0.08707265,0.0035141937,-0.0281505,-0.013609905,0.9995049,0.56756896,0.017342221,-0.0076831304,0.82310724,3
55771273,-0.031153647,-0.32092467,-0.031037178,0.0032073397,-0.028976206,-0.013871851,0.99947876,0.56756896,0.017342221,-0.0076831304,0.82310724,3
55803298,0.34003514,0.25821498,-0.03204191,0.0037034675,-0.03071702,-0.01337147,0.9994318,0.56756896,0.017342221,-0.0076831304,0.82310724,3
55835267,-0.03017797,0.22590475,-0.05606836,0.0044221696,-0.03208613,-0.011972122,0.9994036,0.56756896,0.017342221,-0.0076831304,0.82310724,3
55867268,0.1759147,0.19177285,-0.15236951,0.0060805213,-0.03266614,-0.010417202,0.9993936,0.56756896,0.017342221,-0.0076831304,0.82310724,3
55899292,-0.075114906,-0.1870148,-0.08152989,0.006982908,-0.032537304,-0.00925364,0.99940336,0.56756896,0.017342221,-0.0076831304,0.82310724,3
55931301,-0.12610015,-0.029388035,-0.13285431,0.007926114,-0.03263981,-0.008534488,0.99939936,0.56756896,0.017342221,-0.0076831304,0.82310724,3
55963298,-0.07624129,-0.06694737,-0.055224553,0.00890798,-0.03254998,-0.008044946,0.99939805,0.56756896,0.017342221,-0.0076831304,0.82310724,3
55995328,-0.53262144,0.1113416,-0.0632522,0.009728913,-0.032399483,-0.008918712,0.9993879,0.56756896,0.017342221,-0.0076831304,0.82310724,3
56023308,0.17110597,0.08319439,-0.09141536,0.010762988,-0.03236969,-0.008003345,0.99938595,0.56756896,0.017342221,-0.0076831304,0.82310724,3
56055293,-0.23326702,-0.1421234,-0.07866669,0.011768084,-0.03241105,-0.009140141,0.99936354,0.56756896,0.017342221,-0.0076831304,0.82310724,3
56087266,0.20874801,-0.20511463,-0.040413734,0.012471018,-0.032996528,-0.008958089,0.9993375,0.56756896,0.017342221,-0.0076831304,0.82310724,3
56119267,-0.1586044,0.08692209,-0.10082591,0.013862994,-0.03410732,-0.010259742,0.99926937,0.56756896,0.017342221,-0.0076831304,0.82310724,3
56151267,0.013686612,-0.019203288,-0.04115749,0.015151048,-0.03533122,-0.010041048,0.9992104,0.56756896,0.017342221,-0.0076831304,0.82310724,3
56183271,0.026054552,0.065323636,-0.15131858,0.017038167,-0.036603663,-0.00999177,0.9991347,0.56756896,0.017342221,-0.0076831304,0.82310724,3
56215267,0.2667878,-0.141282,-0.15842026,0.019386081,-0.037166394,-0.009295254,0.9990778,0.56756896,0.017342221,-0.0076831304,0.82310724,3
56247266,0.099195756,-0.039057836,-0.18219548,0.02149089,-0.03799321,-0.0089102015,0.9990072,0.56756896,0.017342221,-0.0076831304,0.82310724,3
56275267,0.0510553,0.101862594,-0.22577101,0.023929533,-0.038602673,-0.008290901,0.9989337,0.56756896,0.017342221,-0.0076831304,0.82310724,3
56307266,0.024124853,-0.0085841995,-0.19130224,0.027268229,-0.0396102,-0.0072698225,0.99881667,0.56756896,0.017342221,-0.0076831304,0.82310724,3
56339273,0.053043246,0.053192187,-0.16340996,0.030037664,-0.041117378,-0.0069053653,0.99867886,0.56756896,0.017342221,-0.0076831304,0.82310724,3
56371268,-0.07858934,0.19356094,-0.20765693,0.03290622,-0.04226395,-0.0061758966,0.99854535,0.56756896,0.017342221,-0.0076831304,0.82310724,3
56403299,0.055366457,0.007975326,-0.20935366,0.036264613,-0.042609807,-0.0046616104,0.9984226,0.56756896,0.017342221,-0.0076831304,0.82310724,3
56435267,0.0035088588,0.008695143,-0.1959432,0.039458383,-0.042679373,-0.0037207874,0.99830246,0.56756896,0.017342221,-0.0076831304,0.82310724,3
56467273,0.07487551,0.06001295,-0.10571444,0.041983537,-0.04272591,-0.0039381315,0.99819666,0.56756896,0.017342221,-0.0076831304,0.82310724,3
56499308,-0.1365481,-0.05869184,-0.051384512,0.044110514,-0.04275903,-0.0048672543,0.9980994,0.56756896,0.017342221,-0.0076831304,0.82310724,3
56531272,0.17015961,-0.10346781,-0.14851291,0.046478905,-0.042550568,-0.0046145166,0.99800193,0.56756896,0.017342221,-0.0076831304,0.82310724,3
56559291,0.21437533,-0.40260994,-0.09107439,0.04842694,-0.041519463,-0.0044450704,0.99795353,0.56756896,0.017342221,-0.0076831304,0.82310724,3
56591267,0.1115857,-0.31731376,-0.105758734,0.050328784,-0.040647633,-0.00563526,0.99788934,0.56756896,0.017342221,-0.0076831304,0.82310724,3
56623304,-0.4086381,-0.18251319,-0.054395188,0.051495217,-0.0397637,-0.0073035643,0.99785465,0.56756896,0.017342221,-0.0076831304,0.82310724,3
56655266,0.03968547,-0.09328987,-0.23338068,0.053616658,-0.0384258,-0.0069707613,0.9977977,0.56756896,0.017342221,-0.0076831304,0.82310724,3
56687292,0.00076775206,0.2557003,-0.2043973,0.05616392,-0.037143227,-0.0060681687,0.997712,0.56756896,0.017342221,-0.0076831304,0.82310724,3
56719267,0.33338627,-0.09626132,-0.07283311,0.05818889,-0.03528312,-0.0042582704,0.99767286,0.56756896,0.017342221,-0.0076831304,0.82310724,3
56751273,0.24115154,-0.041634932,-0.11165561,0.059944164,-0.033823136,-0.0034094919,0.9976227,0.56756896,0.017342221,-0.0076831304,0.82310724,3
56783316,0.28946173,-0.2755566,-0.106430896,0.06138425,-0.031594012,-0.0025473626,0.9976108,0.56756896,0.017342221,-0.0076831304,0.82310724,3
56811267,0.076800175,-0.030087475,-0.09728531,0.06204076,-0.030186642,-0.0027341477,0.9976133,0.56756896,0.017342221,-0.0076831304,0.82310724,3
56843296,-0.046644446,-0.045848798,0.051425494,0.061953597,-0.028706115,-0.00342801,0.9976603,0.56756896,0.017342221,-0.0076831304,0.82310724,3
56875274,0.32394323,0.0070829606,-0.042085093,0.062150292,-0.027857078,-0.0033470532,0.9976724,0.56756896,0.017342221,-0.0076831304,0.82310724,3
56907276,0.06614674,-0.1630644,-0.03396194,0.06263756,-0.02725363,-0.0036046149,0.99765766,0.56756896,0.017342221,-0.0076831304,0.82310724,3
56939268,0.11562964,0.08002679,0.038683295,0.06301607,-0.027215146,-0.0026103843,0.997638,0.56756896,0.017342221,-0.0076831304,0.82310724,3
56971266,0.33275115,0.35870346,0.00034638576,0.063234076,-0.028172359,-0.0020114903,0.99759907,0.56756896,0.017342221,-0.0076831304,0.82310724,3
57003316,0.17196141,0.19331652,0.08225747,0.0628381,-0.02849375,-0.0017947895,0.9976153,0.56756896,0.017342221,-0.0076831304,0.82310724,3
57035273,-0.04670341,0.20820358,-0.0060258005,0.06254556,-0.028905258,-0.0014381518,0.99762243,0.56756896,0.017342221,-0.0076831304,0.82310724,3
57067267,-0.3487867,-0.0896901,0.008866895,0.06239979,-0.029480146,-0.0015477777,0.9976146,0.56756896,0.017342221,-0.0076831304,0.82310724,3
57099267,-0.094943225,-0.14955059,0.06371047,0.061568648,-0.029368514,-0.00096673856,0.99767023,0.56756896,0.017342221,-0.0076831304,0.82310724,3
57131283,0.19752283,-0.3141874,0.036831126,0.06089915,-0.029598918,-0.00038592133,0.9977049,0.56756896,0.017342221,-0.0076831304,0.82310724,3
57163265,-0.01985884,-0.045536816,0.025196966,0.060562015,-0.0298241,-0.0008604967,0.99771845,0.56756896,0.017342221,-0.0076831304,0.82310724,3
57195278,-0.08658875,-0.1501218,-0.02656815,0.06012619,-0.02877619,-0.0010768565,0.9977754,0.56756896,0.017342221,-0.0076831304,0.82310724,3
57227269,-0.04676856,0.2285452,-0.022172997,0.06040299,-0.02831884,-0.0002700487,0.9977723,0.56756896,0.017342221,-0.0076831304,0.82310724,3
57259328,0.20571147,0.2273841,-0.03620955,0.06066711,-0.028365074,-0.00042429563,0.99775493,0.56756896,0.017342221,-0.0076831304,0.82310724,3
57291268,-0.39396307,0.035217963,0.08632153,0.05959501,-0.02828178,-0.0020340635,0.99781984,0.56756896,0.017342221,-0.0076831304,0.82310724,3
57323299,-0.092872046,-0.03059587,-0.06257861,0.059711237,-0.028514097,-0.0028036349,0.9978044,0.56756896,0.017342221,-0.0076831304,0.82310724,3
57355267,-0.2035456,-0.13029274,0.0006776487,0.060151957,-0.029130189,-0.0040707393,0.9977559,0.56756896,0.017342221,-0.0076831304,0.82310724,3
57387275,-0.22914572,-0.21708314,-0.04454057,0.060070828,-0.03038148,-0.004916588,0.9977196,0.56756896,0.017342221,-0.0076831304,0.82310724,3
57419267,-0.28258005,-0.2625467,-0.027939646,0.05976563,-0.030793445,-0.0054349788,0.99772257,0.56756896,0.017342221,-0.0076831304,0.82310724,3
57451267,-0.06120261,-0.015586833,0.0749391,0.058973785,-0.03099672,-0.0049748737,0.9977658,0.56756896,0.017342221,-0.0076831304,0.82310724,3
57483308,0.2973596,0.058321077,0.1324801,0.057266943,-0.031380348,-0.004105116,0.9978572,0.56756896,0.017342221,-0.0076831304,0.82310724,3
57515275,0.09342787,0.009911651,0.16252357,0.05493663,-0.03177135,-0.003613384,0.99797773,0.56756896,0.017342221,-0.0076831304,0.82310724,3
57547268,-0.11339636,-0.56987983,0.13545583,0.05279136,-0.03002517,-0.0024165078,0.9981511,0.56756896,0.017342221,-0.0076831304,0.82310724,3
57579267,0.0868177,-0.31396022,0.226418,0.050025195,-0.02854318,-0.0016560456,0.99833864,0.56756896,0.017342221,-0.0076831304,0.82310724,3
57611267,0.0371304,0.14482394,0.22700849,0.04650139,-0.028011784,-0.0010976492,0.9985248,0.56756896,0.017342221,-0.0076831304,0.82310724,3
57642520,0.16413148,0.166951,0.36024842,0.042761173,-0.028073842,-0.0004531076,0.9986908,0.56756896,0.017342221,-0.0076831304,0.82310724,3
57675302,0.081669696,0.09812178,0.30846477,0.038761858,-0.028514326,-0.0015198338,0.9988404,0.56756896,0.017342221,-0.0076831304,0.82310724,3
57706466,-0.03341784,0.06297362,0.18891913,0.035279606,-0.028032849,-0.0024730884,0.99898124,0.56756896,0.017342221,-0.0076831304,0.82310724,3
57738467,-0.35695592,-0.16414087,0.18929273,0.032030676,-0.02786801,-0.0035646567,0.999092,0.56756896,0.017342221,-0.0076831304,0.82310724,3
57771267,0.119168706,-0.115072735,0.2361571,0.028138278,-0.028610962,-0.0036073967,0.999188,0.56756896,0.017342221,-0.0076831304,0.82310724,3
57802467,-0.005447126,0.13090308,0.30331343,0.024148384,-0.029745448,-0.003760194,0.9992587,0.56756896,0.017342221,-0.0076831304,0.82310724,3
57834467,0.23142862,0.13611966,0.26274714,0.019628068,-0.030416613,-0.0037845443,0.9993375,0.56756896,0.017342221,-0.0076831304,0.82310724,3
57866483,0.037663665,0.20627388,0.29596382,0.014789017,-0.030413821,-0.0026183915,0.9994246,0.56756896,0.017342221,-0.0076831304,0.82310724,3
57898479,0.062393166,-0.085738555,0.30184498,0.009735214,-0.030002812,-0.0010856659,0.9995018,0.56756896,0.017342221,-0.0076831304,0.82310724,3
57930467,0.084975705,-0.120486446,0.3522946,0.0041338424,-0.029821148,0.0001541216,0.99954677,0.56756896,0.017342221,-0.0076831304,0.82310724,3
57962467,-0.029172005,-0.028330225,0.3257332,-0.0015260305,-0.029793072,5.3335107e-06,0.999555,0.56756896,0.017342221,-0.0076831304,0.82310724,3
57990475,0.19449297,-0.02231938,0.33736232,-0.006478939,-0.03004538,0.0005377275,0.99952745,0.56756896,0.017342221,-0.0076831304,0.82310724,3
58022467,-0.07015449,0.1487267,0.34702948,-0.012265723,-0.03143615,-0.00028463075,0.9994305,0.56756896,0.017342221,-0.0076831304,0.82310724,3
58054493,-0.09933684,-0.08979151,0.37333533,-0.017984902,-0.03273715,-0.0011817137,0.9993015,0.56756896,0.017342221,-0.0076831304,0.82310724,3
58086476,0.14169805,0.17077409,0.39615634,-0.024055177,-0.034790926,-0.0022843946,0.9991025,0.56756896,0.017342221,-0.0076831304,0.82310724,3
58118467,-0.09111798,0.11451518,0.35960922,-0.030299485,-0.036222465,-0.003996685,0.9988764,0.56756896,0.017342221,-0.0076831304,0.82310724,3
58150467,-0.37069878,0.16433413,0.30107772,-0.036168337,-0.037638996,-0.0050040595,0.99862415,0.56756896,0.017342221,-0.0076831304,0.82310724,3
58182467,0.27359328,-0.04145958,0.34600466,-0.041502327,-0.03898531,-0.0043854956,0.99836797,0.56756896,0.017342221,-0.0076831304,0.82310724,3
58214482,-0.14760499,0.2576406,0.3141641,-0.046570882,-0.039912768,-0.004733448,0.99810606,0.56756896,0.017342221,-0.0076831304,0.82310724,3
58242472,0.07416321,0.037666965,0.2811492,-0.051102147,-0.040252075,-0.005242365,0.9978682,0.56756896,0.017342221,-0.0076831304,0.82310724,3
58274467,-0.3053085,0.006023708,0.26119918,-0.055622466,-0.039185993,-0.007082171,0.9976575,0.56756896,0.017342221,-0.0076831304,0.82310724,3
58306467,0.10812278,-0.18968378,0.1603846,-0.058609985,-0.03809397,-0.008373785,0.9975187,0.56756896,0.017342221,-0.0076831304,0.82310724,3
58338476,-0.39512292,-0.20554104,0.15372741,-0.06116374,-0.036363248,-0.010248644,0.99741256,0.56756896,0.017342221,-0.0076831304,0.82310724,3
58370467,0.018198645,-0.13888547,0.08982146,-0.06318679,-0.034654282,-0.011185995,0.9973372,0.56756896,0.017342221,-0.0076831304,0.82310724,3
58402467,0.08944786,0.05852218,0.11262591,-0.06526362,-0.03279486,-0.011032,0.997268,0.56756896,0.017342221,-0.0076831304,0.82310724,3
58434467,-0.24116755,0.0786005,0.049646195,-0.06656858,-0.031300634,-0.010342502,0.9972372,0.56756896,0.017342221,-0.0076831304,0.82310724,3
58466466,0.5090023,-0.08945726,0.00061280956,-0.06740769,-0.030263724,-0.00793517,0.99723494,0.56756896,0.017342221,-0.0076831304,0.82310724,3
58498489,0.032779567,0.0732369,-0.01644006,-0.06798611,-0.028981447,-0.005662634,0.9972492,0.56756896,0.017342221,-0.0076831304,0.82310724,3
58530506,-0.049293935,-0.37324888,0.07567704,-0.06842682,-0.02660573,-0.003651385,0.99729466,0.56756896,0.017342221,-0.0076831304,0.82310724,3
58562473,0.18855357,0.10027608,-0.021438792,-0.06871689,-0.024452377,-0.0028794964,0.99733233,0.56756896,0.017342221,-0.0076831304,0.82310724,3
58594467,-0.33063912,-0.29155916,-0.02294355,-0.06825157,-0.02069009,-0.0018023567,0.997452,0.56756896,0.017342221,-0.0076831304,0.82310724,3
58626510,0.24106279,-0.14600506,-0.107896015,-0.06727916,-0.017879307,0.00031626166,0.997574,0.56756896,0.017342221,-0.0076831304,0.82310724,3
58658493,-0.14519863,-0.15086414,-0.035111014,-0.066291265,-0.015385345,0.00010585072,0.9976817,0.56756896,0.017342221,-0.0076831304,0.82310724,3
58690485,0.104393184,-0.21205842,-0.048477083,-0.06500295,-0.012662875,-0.00091818837,0.9978044,0.56756896,0.017342221,-0.0076831304,0.82310724,3
58722466,-0.1946583,-0.2270885,-0.14073953,-0.0633407,-0.010025106,-0.0040717064,0.9979333,0.56756896,0.017342221,-0.0076831304,0.82310724,3
58754499,-0.2054543,-0.018520063,-0.21158598,-0.06094443,-0.007909426,-0.005469547,0.99809486,0.56756896,0.017342221,-0.0076831304,0.82310724,3
58786516,0.29615772,-0.26895168,-0.16503765,-0.05828013,-0.006242792,-0.0038832473,0.99827325,0.56756896,0.017342221,-0.0076831304,0.82310724,3
58818474,0.3559881,0.04756075,-0.019512713,-0.056161687,-0.005027688,-0.00096676813,0.9984086,0.56756896,0.017342221,-0.0076831304,0.82310724,3
58854476,0.10502241,-0.0036739628,-0.063036256,-0.0536417,-0.002895409,0.0036513505,0.9985494,0.56756896,0.017342221,-0.0076831304,0.82310724,3
58886473,0.63835055,-0.09628649,-0.29435095,-0.050575856,-0.0011795828,0.010225649,0.99866724,0.56756896,0.017342221,-0.0076831304,0.82310724,3
58914465,0.4012887,-0.10006624,-0.21375766,-0.04779834,0.00016369036,0.015529147,0.99873626,0.56756896,0.017342221,-0.0076831304,0.82310724,3
58946466,0.3875047,-0.12668341,-0.18009259,-0.0446323,0.0016624103,0.019756304,0.9988067,0.56756896,0.017342221,-0.0076831304,0.82310724,3
58978466,0.069003455,-0.18006809,-0.16900614,-0.041697573,0.003945054,0.020982338,0.9989022,0.56756896,0.017342221,-0.0076831304,0.82310724,3
59010467,0.19908541,-0.24879116,-0.1987398,-0.0385148,0.004912917,0.021198252,0.9990212,0.56756896,0.017342221,-0.0076831304,0.82310724,3
59042488,0.027134378,-0.00909658,-0.12974092,-0.035699937,0.00587836,0.021039177,0.9991239,0.56756896,0.017342221,-0.0076831304,0.82310724,3
59074498,-0.3177432,0.2394983,-0.12145192,-0.032776557,0.00722148,0.021093717,0.999214,0.56756896,0.017342221,-0.0076831304,0.82310724,3
59106466,0.062039584,-0.12418921,-0.24072301,-0.030034596,0.009325543,0.02196369,0.99926406,0.56756896,0.017342221,-0.0076831304,0.82310724,3
59138467,0.12805246,-0.274934,-0.20453273,-0.027707739,0.011299708,0.023632713,0.9992729,0.56756896,0.017342221,-0.0076831304,0.82310724,3
59170473,-0.8265423,-0.071638994,0.8205889,-0.027882837,0.012120788,0.02360695,0.99925894,0.56756896,0.017342221,-0.0076831304,0.82310724,3
59202467,-2.2470472,-2.0624046,0.789259,-0.046744328,0.017666597,0.003901024,0.9987431,0.56756896,0.017342221,-0.0076831304,0.82310724,3
59234467,1.2499263,-0.2519821,0.2714106,-0.054893028,0.017157177,0.0009448342,0.99834436,0.56756896,0.017342221,-0.0076831304,0.82310724,3
59266466,0.9793725,-0.35533687,-0.49600014,-0.048390932,0.015546393,0.016827634,0.99856573,0.56756896,0.017342221,-0.0076831304,0.82310724,3
59298489,0.115067504,0.18412311,-0.44456664,-0.04123621,0.010165928,0.027119724,0.9987296,0.56756896,0.017342221,-0.0076831304,0.82310724,3
59330467,1.2774984,-0.075651824,-0.3422983,-0.034787953,0.009010794,0.036772944,0.9986773,0.56756896,0.017342221,-0.0076831304,0.82310724,3
59362515,2.7759087,-0.17670937,-0.07735955,-0.029243186,0.009259018,0.055594224,0.9979822,0.56756896,0.017342221,-0.0076831304,0.82310724,3
59390467,-0.16549993,0.72428644,0.035214607,-0.027187275,0.0069781467,0.07029916,0.99713105,0.56756896,0.017342221,-0.0076831304,0.82310724,3
59422466,-1.3719969,1.6915953,0.0055175954,-0.029569907,-0.009336839,0.05989788,0.9977228,0.56756896,0.017342221,-0.0076831304,0.82310724,3
59454473,-0.745263,0.8000146,0.058287606,-0.03174407,-0.027489979,0.041411858,0.99825937,0.56756896,0.017342221,-0.0076831304,0.82310724,3
59486487,-0.51167494,-0.053341232,0.009662317,-0.030059882,-0.02994282,0.03322403,0.99854696,0.56756896,0.017342221,-0.0076831304,0.82310724,3
59518466,-0.55953926,-0.24924028,0.09888377,-0.031690124,-0.026614191,0.02329523,0.99887174,0.56756896,0.017342221,-0.0076831304,0.82310724,3
59550475,-0.068560846,-0.82350296,-0.13676806,-0.03080083,-0.015063322,0.01872266,0.99923664,0.56756896,0.017342221,-0.0076831304,0.82310724,3
59582467,0.31474087,-0.8122574,-0.037303608,-0.029694442,0.00035154723,0.021534719,0.99932706,0.56756896,0.017342221,-0.0076831304,0.82310724,3
59614505,0.35978034,-0.75369644,0.044985775,-0.029243492,0.014003575,0.027417433,0.9990981,0.56756896,0.017342221,-0.0076831304,0.82310724,3
59642467,0.65619135,-0.5173431,-0.0012617074,-0.029200107,0.02422058,0.035885233,0.9986356,0.56756896,0.017342221,-0.0076831304,0.82310724,3
59674505,0.421041,0.34112746,-0.10622411,-0.028546195,0.026134737,0.04273331,0.9983366,0.56756896,0.017342221,-0.0076831304,0.82310724,3
59706466,-0.4553836,0.8260425,-0.2485947,-0.025833312,0.018145444,0.037897922,0.9987828,0.56756896,0.017342221,-0.0076831304,0.82310724,3
59738473,-0.80690855,0.7161181,-0.030840194,-0.024216816,0.0064405706,0.02690058,0.999324,0.56756896,0.017342221,-0.0076831304,0.82310724,3
59770481,-0.21668425,0.5175707,0.17965165,-0.027177427,-0.0033793882,0.017352905,0.9994743,0.56756896,0.017342221,-0.0076831304,0.82310724,3
59802525,0.30987144,0.13331683,0.10479601,-0.030207848,-0.0085199075,0.019145545,0.999324,0.56756896,0.017342221,-0.0076831304,0.82310724,3
59834467,-0.09412534,-0.36494318,0.047058653,-0.031156125,-0.004593235,0.021742154,0.9992675,0.56756896,0.017342221,-0.0076831304,0.82310724,3
59866483,-0.006515852,0.051428035,-0.10653107,-0.029336017,-0.0014657452,0.02145417,0.9993383,0.56756896,0.017342221,-0.0076831304,0.82310724,3
59898495,0.05204848,0.08764969,-0.12376276,-0.027812412,-0.0016414275,0.022024566,0.99936914,0.56756896,0.017342221,-0.0076831304,0.82310724,3
59930501,0.049209446,0.033817094,0.044197366,-0.026979646,-0.0021413334,0.023077453,0.99936736,0.56756896,0.017342221,-0.0076831304,0.82310724,3
59962469,-0.06405827,0.05501567,0.035958227,-0.027387707,-0.0033323988,0.022570025,0.99936455,0.56756896,0.017342221,-0.0076831304,0.82310724,3
59994467,-0.09364535,0.017289003,0.049258213,-0.027894948,-0.0047139684,0.020153882,0.9993966,0.56756896,0.017342221,-0.0076831304,0.82310724,3
60026466,-0.0009508034,-0.08133932,0.009815066,-0.028150538,-0.0048912065,0.01871426,0.99941653,0.56756896,0.017342221,-0.0076831304,0.82310724,3
60058465,0.12146527,-0.07482211,-0.00970825,-0.027927246,-0.005387871,0.018842729,0.99941784,0.56756896,0.017342221,-0.0076831304,0.82310724,3
60090472,0.0026637632,-0.102091275,0.058067966,-0.028175803,-0.005865644,0.01892741,0.9994066,0.56756896,0.017342221,-0.0076831304,0.82310724,3
60122501,-0.24076915,-0.017247604,-0.027375124,-0.028219854,-0.006178584,0.01926489,0.99939704,0.56756896,0.017342221,-0.0076831304,0.82310724,3
60158467,-0.03695626,-0.04583306,-0.026622012,-0.027848445,-0.0059807105,0.019283105,0.9994083,0.56756896,0.017342221,-0.0076831304,0.82310724,3
60190466,-0.40419528,0.09529294,-0.0037865343,-0.028111137,-0.006170678,0.018263133,0.999419,0.56756896,0.017342221,-0.0076831304,0.82310724,3
60222477,-0.31682122,0.10279868,-0.014741484,-0.02794886,-0.0065658037,0.017474206,0.99943507,0.56756896,0.017342221,-0.0076831304,0.82310724,3
60254466,-0.10194417,0.022283945,0.021541752,-0.027530199,-0.006822607,0.017450599,0.99944544,0.56756896,0.017342221,-0.0076831304,0.82310724,3
60286481,0.020901805,-0.019463096,-0.024676453,-0.027825454,-0.007058824,0.016698703,0.9994485,0.56756896,0.017342221,-0.0076831304,0.82310724,3
60314476,0.20391464,0.084290646,0.0028123315,-0.027106337,-0.007103293,0.016485034,0.9994714,0.56756896,0.017342221,-0.0076831304,0.82310724,3
60346473,0.035181597,0.008446483,0.0007166391,-0.027544653,-0.0071906145,0.016276628,0.9994622,0.56756896,0.017342221,-0.0076831304,0.82310724,3
60378467,-0.14749779,-0.033277817,0.024178129,-0.027742239,-0.0071608117,0.015446655,0.9994701,0.56756896,0.017342221,-0.0076831304,0.82310724,3
60410467,-0.055927843,0.1926276,-0.08266681,-0.027234554,-0.007220798,0.016172873,0.9994722,0.56756896,0.017342221,-0.0076831304,0.82310724,3
60442467,-0.03225262,-0.060780548,0.057217587,-0.027653815,-0.006774478,0.016548628,0.99945766,0.56756896,0.017342221,-0.0076831304,0.82310724,3
60474478,0.1515568,-0.03039189,-0.058750875,-0.027423328,-0.0067866757,0.01632624,0.9994676,0.56756896,0.017342221,-0.0076831304,0.82310724,3
60506466,0.07660868,-0.031110577,0.07905157,-0.027598454,-0.0068276273,0.016758578,0.9994553,0.56756896,0.017342221,-0.0076831304,0.82310724,3
60538479,0.074568465,0.049354725,-0.03600668,-0.02767069,-0.0072531095,0.016066633,0.9994617,0.56756896,0.017342221,-0.0076831304,0.82310724,3
60570479,-0.13091788,0.0017515414,-0.0023897344,-0.027742704,-0.006946369,0.016102014,0.99946135,0.56756896,0.017342221,-0.0076831304,0.82310724,3
60602483,-0.12307286,0.14611368,-0.057357177,-0.027538536,-0.0073381555,0.016465988,0.9994582,0.56756896,0.017342221,-0.0076831304,0.82310724,3
60634467,-0.04144229,-0.10677665,-0.029305004,-0.027775211,-0.0065135355,0.015831135,0.9994677,0.56756896,0.017342221,-0.0076831304,0.82310724,3
60666466,0.06883532,0.0117335655,0.012037744,-0.027333863,-0.006980779,0.015424041,0.999483,0.56756896,0.017342221,-0.0076831304,0.82310724,3
60698474,0.160584,0.05351019,0.009817029,-0.027803851,-0.007046767,0.015161628,0.99947363,0.56756896,0.017342221,-0.0076831304,0.82310724,3
60730467,0.12639236,0.059533067,-0.0013559177,-0.02761529,-0.007017807,0.014117317,0.9994944,0.56756896,0.017342221,-0.0076831304,0.82310724,3
60762467,-0.024307314,-0.20254031,-0.00698398,-0.027837608,-0.0065552304,0.014266436,0.9994891,0.56756896,0.017342221,-0.0076831304,0.82310724,3
60790509,0.07198507,-0.17039628,-0.020992089,-0.027457876,-0.0066565466,0.015046895,0.9994876,0.56756896,0.017342221,-0.0076831304,0.82310724,3
60825709,-0.05559464,-0.15778549,0.038444307,-0.028126266,-0.006417837,0.015523418,0.99946326,0.56756896,0.017342221,-0.0076831304,0.82310724,3
60857689,0.16062975,-0.2215261,-0.012497263,-0.0274986,-0.006693391,0.01691116,0.9994564,0.56756896,0.017342221,-0.0076831304,0.82310724,3
60889682,0.15302433,0.0016927372,0.017625656,-0.028001888,-0.006803001,0.018159298,0.9994198,0.56756896,0.017342221,-0.0076831304,0.82310724,3
60921693,0.094725266,-0.029370354,-0.06395158,-0.027349753,-0.0068927556,0.018503891,0.9994309,0.56756896,0.017342221,-0.0076831304,0.82310724,3
60953685,-0.045995228,0.20945635,-0.018960997,-0.026154943,-0.0073706065,0.01992057,0.99943227,0.56756896,0.017342221,-0.0076831304,0.82310724,3
60985666,-0.09352157,0.17772107,-0.012518706,-0.027103886,-0.0077264807,0.019978968,0.9994031,0.56756896,0.017342221,-0.0076831304,0.82310724,3
61017667,-0.71692866,0.3167577,0.33767718,-0.030956138,-0.007665667,0.012138596,0.99941766,0.56756896,0.017342221,-0.0076831304,0.82310724,3
61048895,-0.80602413,-0.056057617,-0.29690608,-0.032893658,-0.006813189,0.0029365711,0.9994313,0.56756896,0.017342221,-0.0076831304,0.82310724,3
61077667,-0.201272,-0.10673524,-0.057752334,-0.029506082,-0.0071401554,0.00029001693,0.9995391,0.56756896,0.017342221,-0.0076831304,0.82310724,3
61109674,-0.4025157,0.14510962,-0.013369384,-0.029975785,-0.006605506,0.0034930238,0.9995227,0.56756896,0.017342221,-0.0076831304,0.82310724,3
61141671,0.0068558054,0.11744578,0.17252074,-0.030160991,-0.0072471723,0.0025341792,0.99951565,0.56756896,0.017342221,-0.0076831304,0.82310724,3
61173679,0.40991497,0.14010336,0.10889728,-0.033552773,-0.0090589635,0.0025560886,0.9993927,0.56756896,0.017342221,-0.0076831304,0.82310724,3
61205694,-0.09968624,-0.049205143,-0.087675095,-0.03281494,-0.008839203,0.0016719871,0.999421,0.56756896,0.017342221,-0.0076831304,0.82310724,3
61237674,-0.108677305,0.10324515,-0.07505593,-0.032858167,-0.007437094,0.0009276981,0.99943197,0.56756896,0.017342221,-0.0076831304,0.82310724,3
61269686,0.043407507,0.3039352,-0.028905677,-0.03194401,-0.008142201,0.0028339282,0.9994525,0.56756896,0.017342221,-0.0076831304,0.82310724,3
61301667,-0.0048577045,0.15287405,-0.009729968,-0.03236348,-0.008832078,0.002788394,0.9994333,0.56756896,0.017342221,-0.0076831304,0.82310724,3
61333667,-0.07338659,-0.009419972,0.028567536,-0.03143037,-0.009053453,0.00244627,0.999462,0.56756896,0.017342221,-0.0076831304,0.82310724,3
61365673,0.12457745,-0.16043897,-0.013935445,-0.031851735,-0.008152544,0.0031957438,0.9994543,0.56756896,0.017342221,-0.0076831304,0.82310724,3
61397695,-0.006326953,-0.07082292,0.065173484,-0.032198742,-0.008133279,0.0030541946,0.99944377,0.56756896,0.017342221,-0.0076831304,0.82310724,3
61429676,0.06395448,-0.083256215,-0.007814744,-0.032475807,-0.008317678,0.0037978762,0.9994308,0.56756896,0.017342221,-0.0076831304,0.82310724,3
61461667,-0.053193174,0.07157586,-0.09947846,-0.032047555,-0.008427511,0.00402746,0.9994427,0.56756896,0.017342221,-0.0076831304,0.82310724,3
61493667,-0.12277462,-0.0033613176,0.057630304,-0.031076692,-0.00890701,0.0037506255,0.9994703,0.56756896,0.017342221,-0.0076831304,0.82310724,3
61525698,0.14238906,-0.08378044,-0.02810371,-0.03158612,-0.008414587,0.004336394,0.9994563,0.56756896,0.017342221,-0.0076831304,0.82310724,3
61557666,0.08401928,0.05654142,-0.0119131785,-0.031319767,-0.008108915,0.003329983,0.999471,0.56756896,0.017342221,-0.0076831304,0.82310724,3
61589673,0.14302255,0.15104945,-0.038280804,-0.031053206,-0.008324855,0.003723795,0.99947613,0.56756896,0.017342221,-0.0076831304,0.82310724,3
61621666,0.031950846,0.046146628,-0.04613238,-0.029767347,-0.008813141,0.003987957,0.99951005,0.56756896,0.017342221,-0.0076831304,0.82310724,3
61653711,0.19052534,-0.025022982,0.070563555,-0.02978535,-0.00876946,0.0031631072,0.9995129,0.56756896,0.017342221,-0.0076831304,0.82310724,3
61685667,0.008609838,-0.10958326,-0.021784093,-0.02985359,-0.008133424,0.0035388742,0.99951494,0.56756896,0.017342221,-0.0076831304,0.82310724,3
61717682,0.077813864,0.06869994,0.034103785,-0.02986749,-0.008497523,0.0039114957,0.99951017,0.56756896,0.017342221,-0.0076831304,0.82310724,3
61745666,0.011531103,-0.013735414,0.13471916,-0.031576242,-0.007965375,0.0038412593,0.9994623,0.56756896,0.017342221,-0.0076831304,0.82310724,3
61777679,0.062420625,0.021726772,-0.026931902,-0.032178793,-0.007626249,0.003392911,0.9994473,0.56756896,0.017342221,-0.0076831304,0.82310724,3
61809677,0.024893079,-0.059858225,-0.04047033,-0.031413894,-0.007710433,0.0044560926,0.9994668,0.56756896,0.017342221,-0.0076831304,0.82310724,3
61841681,-0.030355021,0.067343704,-0.03488242,-0.030909259,-0.007870214,0.0040570158,0.999483,0.56756896,0.017342221,-0.0076831304,0.82310724,3
61873673,-0.023908934,0.14051543,0.052786246,-0.031137561,-0.008067144,0.003541122,0.9994763,0.56756896,0.017342221,-0.0076831304,0.82310724,3
61905707,-0.037506633,0.044442587,-0.12963991,-0.030780166,-0.008337968,0.004572222,0.99948096,0.56756896,0.017342221,-0.0076831304,0.82310724,3
61937667,0.39702544,0.006447036,-0.028386004,-0.029939562,-0.008677937,0.0041564903,0.99950546,0.56756896,0.017342221,-0.0076831304,0.82310724,3
61969671,0.11209777,-0.056496773,-0.011696419,-0.029754749,-0.008413507,0.00418411,0.9995131,0.56756896,0.017342221,-0.0076831304,0.82310724,3
61997667,0.09243527,0.19991879,0.008174527,-0.029993834,-0.00881091,0.0038381105,0.9995039,0.56756896,0.017342221,-0.0076831304,0.82310724,3
62029676,0.006596551,-0.014659453,0.16624531,-0.031681933,-0.008567592,0.003568079,0.9994549,0.56756896,0.017342221,-0.0076831304,0.82310724,3
62061667,-0.1030551,-0.026209848,-0.017144166,-0.032747198,-0.008279983,0.0034892997,0.9994233,0.56756896,0.017342221,-0.0076831304,0.82310724,3
62093667,0.036566768,-0.06832309,-0.03864745,-0.031842865,-0.008480813,0.00401859,0.99944884,0.56756896,0.017342221,-0.0076831304,0.82310724,3
62125666,-0.017166613,-0.06908902,0.023228705,-0.032045387,-0.008524243,0.003816558,0.9994429,0.56756896,0.017342221,-0.0076831304,0.82310724,3
62157692,-0.03339324,0.025023326,-0.0012192137,-0.03193642,-0.008755987,0.0032310695,0.99944633,0.56756896,0.017342221,-0.0076831304,0.82310724,3
62189668,0.0050831065,-0.022075964,-0.083637275,-0.031212175,-0.008719567,0.004163138,0.99946606,0.56756896,0.017342221,-0.0076831304,0.82310724,3
62221680,-0.06738329,0.025374893,0.09452208,-0.03164933,-0.009227571,0.0029435833,0.9994521,0.56756896,0.017342221,-0.0076831304,0.82310724,3
62253667,0.010843061,-0.11429005,-0.020001382,-0.03217105,-0.009087453,0.0023998455,0.9994382,0.56756896,0.017342221,-0.0076831304,0.82310724,3
62285724,-0.15970525,-0.07089357,-0.0035820883,-0.03178905,-0.008925192,0.0026326068,0.99945134,0.56756896,0.017342221,-0.0076831304,0.82310724,3
62317667,0.09617931,-0.05849643,-0.0022760655,-0.031737972,-0.0087353075,0.003004829,0.99945354,0.56756896,0.017342221,-0.0076831304,0.82310724,3
62349679,-0.06392295,-0.08476799,-0.045335736,-0.03174833,-0.009215338,0.0026617628,0.99944985,0.56756896,0.017342221,-0.0076831304,0.82310724,3
62381693,0.16357626,0.026269166,-0.11099837,-0.02912709,-0.010127686,0.0026078946,0.999521,0.56756896,0.017342221,-0.0076831304,0.82310724,3
62413683,0.123443894,-0.027628575,0.10918332,-0.02977874,-0.0097048655,0.0029135407,0.99950516,0.56756896,0.017342221,-0.0076831304,0.82310724,3
62445666,-0.10588157,-0.088203505,-0.01109788,-0.030586092,-0.009515319,0.0020825046,0.9994848,0.56756896,0.017342221,-0.0076831304,0.82310724,3
62477677,0.052297823,0.09060233,-0.055096354,-0.029578216,-0.010272738,0.0032710617,0.9995043,0.56756896,0.017342221,-0.0076831304,0.82310724,3
62509667,0.13153572,-0.17130159,0.03263144,-0.029344572,-0.009570521,0.0036538062,0.99951684,0.56756896,0.017342221,-0.0076831304,0.82310724,3
62541678,-0.092326626,0.11733549,-0.03248951,-0.029457796,-0.009516075,0.002645982,0.9995172,0.56756896,0.017342221,-0.0076831304,0.82310724,3
62573667,-0.0013482298,0.15209238,0.039632924,-0.02995809,-0.01053666,0.0027825811,0.99949175,0.56756896,0.017342221,-0.0076831304,0.82310724,3
62605667,0.106234334,-0.070582256,-0.024852362,-0.030151231,-0.009920553,0.002587811,0.9994928,0.56756896,0.017342221,-0.0076831304,0.82310724,3
62637679,-0.029365228,0.0144284405,-0.026281038,-0.029553277,-0.009730122,0.0029295546,0.99951154,0.56756896,0.017342221,-0.0076831304,0.82310724,3
62669673,0.014852765,0.042446278,0.031708002,-0.029528247,-0.010120008,0.00333839,0.9995072,0.56756896,0.017342221,-0.0076831304,0.82310724,3
62701674,-0.0037307946,-0.13738611,0.064013354,-0.030614134,-0.009493324,0.0022582344,0.99948364,0.56756896,0.017342221,-0.0076831304,0.82310724,3
62733667,0.051567864,0.011620169,-0.03727715,-0.030570652,-0.009616109,0.0021143737,0.9994841,0.56756896,0.017342221,-0.0076831304,0.82310724,3
62765673,0.02216518,0.027380317,-0.09690961,-0.029142128,-0.010054027,0.0023809408,0.9995219,0.56756896,0.017342221,-0.0076831304,0.82310724,3
62797686,0.116016805,-0.062488854,0.02515562,-0.029113105,-0.009964883,0.0034659696,0.99952054,0.56756896,0.017342221,-0.0076831304,0.82310724,3
62829667,-0.063326135,0.01831745,-0.008146299,-0.02946536,-0.0098909065,0.0033789414,0.99951124,0.56756896,0.017342221,-0.0076831304,0.82310724,3
62861667,0.036513764,0.059321318,-0.009528121,-0.029069504,-0.010186019,0.0028565207,0.9995215,0.56756896,0.017342221,-0.0076831304,0.82310724,3
62893673,-0.108694136,-0.18682517,0.07349559,-0.029846033,-0.009695288,0.002493869,0.9995044,0.56756896,0.017342221,-0.0076831304,0.82310724,3
62925680,-0.035398796,0.09792829,-0.02170502,-0.030128067,-0.009576168,0.001910367,0.9994984,0.56756896,0.017342221,-0.0076831304,0.82310724,3
62957694,0.101028584,0.083755076,-0.073203474,-0.029156586,-0.010176534,0.0024454163,0.9995201,0.56756896,0.017342221,-0.0076831304,0.82310724,3
62989668,-0.057116795,-0.08442651,0.026979294,-0.028910471,-0.010285176,0.0033333749,0.9995236,0.56756896,0.017342221,-0.0076831304,0.82310724,3
63021679,0.05445134,-0.05235984,0.039513525,-0.029555934,-0.009650383,0.0032354484,0.9995113,0.56756896,0.017342221,-0.0076831304,0.82310724,3
63053667,0.08282584,-0.13102268,-0.008630966,-0.029682271,-0.009772349,0.0025772844,0.9995084,0.56756896,0.017342221,-0.0076831304,0.82310724,3
63085666,-0.057710316,-0.017944202,-0.0060978844,-0.029297952,-0.010140197,0.0026840048,0.9995157,0.56756896,0.017342221,-0.0076831304,0.82310724,3
63117673,0.08628043,-0.043043938,-0.029422292,-0.0289877,-0.009719711,0.0037114245,0.9995256,0.56756896,0.017342221,-0.0076831304,0.82310724,3
63145675,-0.07097024,-0.12833649,0.04697106,-0.028748838,-0.009628472,0.0041414495,0.9995318,0.56756896,0.017342221,-0.0076831304,0.82310724,3
63177673,-0.048211236,-0.16263753,0.06491712,-0.029717105,-0.009204545,0.0033245466,0.9995105,0.56756896,0.017342221,-0.0076831304,0.82310724,3
63209679,-0.03722737,0.16934796,-0.10933171,-0.029303575,-0.0094030425,0.0022245585,0.99952394,0.56756896,0.017342221,-0.0076831304,0.82310724,3
63241675,0.1491507,0.074197054,-0.014176764,-0.028187329,-0.010053808,0.0038764637,0.9995446,0.56756896,0.017342221,-0.0076831304,0.82310724,3
63273668,0.032987896,-0.032061618,-0.0045087985,-0.028322563,-0.009630774,0.005135453,0.9995393,0.56756896,0.017342221,-0.0076831304,0.82310724,3
63305666,-0.035710733,-0.024818351,-0.00068677636,-0.02828721,-0.00960418,0.0049715973,0.9995414,0.56756896,0.017342221,-0.0076831304,0.82310724,3
63337667,-0.08311739,-0.05192247,0.089899644,-0.029257465,-0.009231398,0.004169435,0.9995206,0.56756896,0.017342221,-0.0076831304,0.82310724,3
63369667,-0.05029749,0.03719671,-0.021463439,-0.029844852,-0.0087413415,0.002614135,0.999513,0.56756896,0.017342221,-0.0076831304,0.82310724,3
63397668,0.191336,0.05593095,-0.05487625,-0.029166616,-0.009057191,0.0035505756,0.9995273,0.56756896,0.017342221,-0.0076831304,0.82310724,3
63429713,0.0578185,0.060305566,-0.028268816,-0.028745541,-0.009248322,0.004783163,0.9995325,0.56756896,0.017342221,-0.0076831304,0.82310724,3
63461709,0.008293044,0.047369123,0.0028249212,-0.028685275,-0.008965426,0.0044033583,0.99953866,0.56756896,0.017342221,-0.0076831304,0.82310724,3
63493674,-0.009040987,0.043928105,0.005668622,-0.028906044,-0.009001207,0.0039887945,0.99953365,0.56756896,0.017342221,-0.0076831304,0.82310724,3
63525724,-0.02229131,0.0032296502,-0.008677158,-0.028841684,-0.0089594945,0.0035127578,0.99953765,0.56756896,0.017342221,-0.0076831304,0.82310724,3
63557684,0.07915595,-0.018629266,0.0036429162,-0.028825182,-0.008791028,0.0041592484,0.9995372,0.56756896,0.017342221,-0.0076831304,0.82310724,3
63589667,0.023129353,0.014871995,-0.013175249,-0.028723028,-0.008837911,0.004693839,0.9995374,0.56756896,0.017342221,-0.0076831304,0.82310724,3
63621667,-0.035799976,-0.010680474,0.0124223605,-0.028694471,-0.008805486,0.004280204,0.99954027,0.56756896,0.017342221,-0.0076831304,0.82310724,3
63656873,-0.0027223632,0.0028168336,-0.0039848117,-0.028852087,-0.008777573,0.004008861,0.9995371,0.56756896,0.017342221,-0.0076831304,0.82310724,3
63689667,0.015678123,-0.018371606,-0.008245907,-0.028637646,-0.00871647,0.004075229,0.99954355,0.56756896,0.017342221,-0.0076831304,0.82310724,3
63721666,0.02547934,0.0033775046,0.004412247,-0.028664034,-0.0087164575,0.0045775105,0.9995406,0.56756896,0.017342221,-0.0076831304,0.82310724,3
63753693,-0.0028840129,0.017586963,-0.0063977614,-0.028672397,-0.008716717,0.004510714,0.99954075,0.56756896,0.017342221,-0.0076831304,0.82310724,3
63783313,-0.01417858,0.004365981,0.0010623574,-0.028692296,-0.008652154,0.004263402,0.99954176,0.56756896,0.017342221,-0.0076831304,0.82310724,3
63815267,0.0025749656,-0.007569759,-0.005280897,-0.028664606,-0.008631336,0.0042405687,0.9995429,0.56756896,0.017342221,-0.0076831304,0.82310724,3
63847287,0.025283432,-0.0036965623,-0.0049243076,-0.028587569,-0.008624914,0.0044336063,0.99954426,0.56756896,0.017342221,-0.0076831304,0.82310724,3
63878479,0.016137997,0.01774458,0.003664812,-0.02857911,-0.008667572,0.0046485215,0.9995432,0.56756896,0.017342221,-0.0076831304,0.82310724,3
63908867,-0.015493832,0.0059626377,-0.00020473136,-0.02859358,-0.008600133,0.0045014345,0.999544,0.56756896,0.017342221,-0.0076831304,0.82310724,3
63940873,0.001847265,0.0013515551,0.00077032484,-0.028614208,-0.008562357,0.0043740454,0.9995443,0.56756896,0.017342221,-0.0076831304,0.82310724,3
63972867,0.03042414,-0.010387355,-0.0033057686,-0.028572915,-0.008578848,0.0045168665,0.9995447,0.56756896,0.017342221,-0.0076831304,0.82310724,3
64004868,-0.0033776541,0.018699769,-0.0027796952,-0.028517455,-0.008558677,0.004638261,0.99954593,0.56756896,0.017342221,-0.0076831304,0.82310724,3
