timestamp,timestamp_last_signal,channel_count,rssi,rc_lost_frame_count,rc_total_frame_count,rc_ppm_frame_length,values[0],values[1],values[2],values[3],values[4],values[5],values[6],values[7],values[8],values[9],values[10],values[11],values[12],values[13],values[14],values[15],values[16],values[17],rc_failsafe,rc_lost,input_source
214090937,214090937,18,40,0,0,0,1094,1932,1094,1937,1094,1094,1094,1094,1514,1514,1514,1514,944,2084,1514,1514,998,1998,0,0,4
214306970,214306970,18,40,0,0,0,1094,1932,1094,1937,1094,1094,1094,1094,1514,1514,1514,1514,944,2084,1514,1514,998,1998,0,0,4
214505938,214505938,18,40,0,0,0,1514,1568,1094,1520,1094,1094,1094,1094,1514,1514,1514,1514,944,2084,1514,1514,998,1998,0,0,4
214701952,214701952,18,40,0,0,0,1514,1512,1094,1519,1094,1094,1094,1094,1514,1514,1514,1514,944,2084,1514,1514,998,1998,0,0,4
214902402,214902402,18,40,0,0,0,1514,1512,1094,1519,1094,1094,1094,1094,1514,1514,1514,1514,944,2084,1514,1514,998,1998,0,0,4
215118049,215118049,18,40,0,0,0,1514,1512,1094,1519,1094,1094,1094,1094,1514,1514,1514,1514,944,2084,1514,1514,998,1998,0,0,4
215317365,215317365,18,40,0,0,0,1514,1512,1094,1519,1094,1094,1094,1094,1514,1514,1514,1514,944,2084,1514,1514,998,1998,0,0,4
215521215,215521215,18,40,0,0,0,1514,1512,1094,1519,1094,1094,1094,1094,1514,1514,1514,1514,944,2084,1514,1514,998,1998,0,0,4
215721575,215721575,18,40,0,0,0,1514,1512,1094,1519,1094,1094,1094,1094,1514,1514,1514,1514,944,2084,1514,1514,998,1998,0,0,4
215920386,215920386,18,40,0,0,0,1514,1512,1094,1519,1094,1094,1094,1094,1514,1514,1514,1514,944,2084,1514,1514,998,1998,0,0,4
216136573,216136573,18,40,0,0,0,1514,1512,1094,1519,1094,1094,1094,1094,1514,1514,1514,1514,944,2084,1514,1514,998,1998,0,0,4
216324569,216324569,18,40,0,0,0,1514,1512,1094,1519,1094,1094,1094,1094,1514,1514,1514,1514,944,2084,1514,1514,998,1998,0,0,4
216523821,216523821,18,40,0,0,0,1514,1512,1094,1519,1094,1094,1094,1094,1514,1514,1514,1514,944,2084,1514,1514,998,1998,0,0,4
216728176,216728176,18,40,0,0,0,1514,1512,1094,1518,1094,1094,1094,1094,1514,1514,1514,1514,944,2084,1514,1514,998,1998,0,0,4
216931783,216931783,18,40,0,0,0,1514,1512,1119,1519,1094,1094,1094,1094,1514,1514,1514,1514,944,2084,1514,1514,998,1998,0,0,4
217151671,217151671,18,40,0,0,0,1514,1512,1120,1519,1094,1094,1094,1094,1514,1514,1514,1514,944,2084,1514,1514,998,1998,0,0,4
217350966,217350966,18,40,0,0,0,1514,1512,1117,1517,1094,1094,1094,1094,1514,1514,1514,1514,944,2084,1514,1514,998,1998,0,0,4
217550782,217550782,18,40,0,0,0,1514,1512,1117,1517,1094,1094,1094,1094,1514,1514,1514,1514,944,2084,1514,1514,998,1998,0,0,4
217755141,217755141,18,40,0,0,0,1514,1512,1181,1518,1094,1094,1094,1094,1514,1514,1514,1514,944,2084,1514,1514,998,1998,0,0,4
217954784,217954784,18,40,0,0,0,1514,1512,1274,1517,1094,1094,1094,1094,1514,1514,1514,1514,944,2084,1514,1514,998,1998,0,0,4
218153991,218153991,18,40,0,0,0,1514,1512,1305,1519,1094,1094,1094,1094,1514,1514,1514,1514,944,2084,1514,1514,998,1998,0,0,4
218354214,218354214,18,40,0,0,0,1514,1512,1333,1519,1094,1094,1094,1094,1514,1514,1514,1514,944,2084,1514,1514,998,1998,0,0,4
218553950,218553950,18,40,0,0,0,1514,1512,1334,1519,1094,1094,1094,1094,1514,1514,1514,1514,944,2084,1514,1514,998,1998,0,0,4
218765400,218765400,18,40,0,0,0,1514,1512,1364,1519,1094,1094,1094,1094,1514,1514,1514,1514,944,2084,1514,1514,998,1998,0,0,4
218961185,218961185,18,40,0,0,0,1514,1512,1394,1519,1094,1094,1094,1094,1514,1514,1514,1514,944,2084,1514,1514,998,1998,0,0,4
219161409,219161409,18,40,0,0,0,1514,1512,1424,1518,1094,1094,1094,1094,1514,1514,1514,1514,944,2084,1514,1514,998,1998,0,0,4
219365417,219365417,18,40,0,0,0,1514,1512,1457,1519,1094,1094,1094,1094,1514,1514,1514,1514,944,2084,1514,1514,998,1998,0,0,4
219556554,219556554,18,40,0,0,0,1514,1512,1458,1519,1094,1094,1094,1094,1514,1514,1514,1514,944,2084,1514,1514,998,1998,0,0,4
219776575,219776575,18,40,0,0,0,1513,1490,1458,1519,1094,1094,1094,1094,1514,1514,1514,1514,944,2084,1514,1514,998,1998,0,0,4
219976399,219976399,18,40,0,0,0,1512,1484,1485,1517,1094,1094,1094,1094,1514,1514,1514,1514,944,2084,1514,1514,998,1998,0,0,4
220175771,220175771,18,40,0,0,0,1512,1485,1545,1517,1094,1094,1094,1094,1514,1514,1514,1514,944,2084,1514,1514,998,1998,0,0,4
220371759,220371759,18,40,0,0,0,1512,1483,1547,1518,1094,1094,1094,1094,1514,1514,1514,1514,944,2084,1514,1514,998,1998,0,0,4
220571793,220571793,18,40,0,0,0,1512,1476,1547,1518,1094,1094,1094,1094,1514,1514,1514,1514,944,2084,1514,1514,998,1998,0,0,4
220779576,220779576,18,40,0,0,0,1512,1459,1547,1518,1094,1094,1094,1094,1514,1514,1514,1514,944,2084,1514,1514,998,1998,0,0,4
220995670,220995670,18,40,0,0,0,1512,1455,1547,1518,1094,1094,1094,1094,1514,1514,1514,1514,944,2084,1514,1514,998,1998,0,0,4
221195162,221195162,18,40,0,0,0,1512,1451,1579,1518,1094,1094,1094,1094,1514,1514,1514,1514,944,2084,1514,1514,998,1998,0,0,4
221386766,221386766,18,40,0,0,0,1512,1448,1580,1518,1094,1094,1094,1094,1514,1514,1514,1514,944,2084,1514,1514,998,1998,0,0,4
221591118,221591118,18,40,0,0,0,1512,1437,1580,1518,1094,1094,1094,1094,1514,1514,1514,1514,944,2084,1514,1514,998,1998,0,0,4
221806219,221806219,18,40,0,0,0,1512,1397,1580,1518,1094,1094,1094,1094,1514,1514,1514,1514,944,2084,1514,1514,998,1998,0,0,4
222005953,222005953,18,40,0,0,0,1512,1390,1580,1518,1094,1094,1094,1094,1514,1514,1514,1514,944,2084,1514,1514,998,1998,0,0,4
222205947,222205947,18,40,0,0,0,1512,1411,1580,1518,1094,1094,1094,1094,1514,1514,1514,1514,944,2084,1514,1514,998,1998,0,0,4
222401958,222401958,18,40,0,0,0,1512,1421,1580,1518,1094,1094,1094,1094,1514,1514,1514,1514,944,2084,1514,1514,998,1998,0,0,4
222593458,222593458,18,40,0,0,0,1512,1412,1581,1519,1094,1094,1094,1094,1514,1514,1514,1514,944,2084,1514,1514,998,1998,0,0,4
222801579,222801579,18,40,0,0,0,1513,1397,1581,1519,1094,1094,1094,1094,1514,1514,1514,1514,944,2084,1514,1514,998,1998,0,0,4
223005209,223005209,18,40,0,0,0,1512,1388,1581,1519,1094,1094,1094,1094,1514,1514,1514,1514,944,2084,1514,1514,998,1998,0,0,4
223206974,223206974,18,40,0,0,0,1507,1396,1615,1519,1094,1094,1094,1094,1514,1514,1514,1514,944,2084,1514,1514,998,1998,0,0,4
223408763,223408763,18,40,0,0,0,1511,1403,1615,1519,1094,1094,1094,1094,1514,1514,1514,1514,944,2084,1514,1514,998,1998,0,0,4
223604582,223604582,18,40,0,0,0,1511,1406,1615,1519,1094,1094,1094,1094,1514,1514,1514,1514,944,2084,1514,1514,998,1998,0,0,4
223804730,223804730,18,40,0,0,0,1512,1413,1614,1519,1094,1094,1094,1094,1514,1514,1514,1514,944,2084,1514,1514,998,1998,0,0,4
224023779,224023779,18,40,0,0,0,1512,1430,1614,1519,1094,1094,1094,1094,1514,1514,1514,1514,944,2084,1514,1514,998,1998,0,0,4
224223792,224223792,18,40,0,0,0,1513,1464,1614,1519,1094,1094,1094,1094,1514,1514,1514,1514,944,2084,1514,1514,998,1998,0,0,4
224423746,224423746,18,40,0,0,0,1514,1494,1614,1519,1094,1094,1094,1094,1514,1514,1514,1514,944,2084,1514,1514,998,1998,0,0,4
224623682,224623682,18,40,0,0,0,1514,1500,1614,1519,1094,1094,1094,1094,1514,1514,1514,1514,944,2084,1514,1514,998,1998,0,0,4
224818774,224818774,18,40,0,0,0,1514,1500,1615,1519,1094,1094,1094,1094,1514,1514,1514,1514,944,2084,1514,1514,998,1998,0,0,4
225038782,225038782,18,40,0,0,0,1514,1496,1640,1519,1094,1094,1094,1094,1514,1514,1514,1514,944,2084,1514,1514,998,1998,0,0,4
225234939,225234939,18,40,0,0,0,1514,1495,1649,1519,1094,1094,1094,1094,1514,1514,1514,1514,944,2084,1514,1514,998,1998,0,0,4
225441268,225441268,18,40,0,0,0,1514,1483,1649,1519,1094,1094,1094,1094,1514,1514,1514,1514,944,2084,1514,1514,998,1998,0,0,4
225626215,225626215,18,40,0,0,0,1514,1477,1649,1519,1094,1094,1094,1094,1514,1514,1514,1514,944,2084,1514,1514,998,1998,0,0,4
225841946,225841946,18,40,0,0,0,1514,1477,1649,1519,1094,1094,1094,1094,1514,1514,1514,1514,944,2084,1514,1514,998,1998,0,0,4
226041952,226041952,18,40,0,0,0,1514,1478,1649,1519,1094,1094,1094,1094,1514,1514,1514,1514,944,2084,1514,1514,998,1998,0,0,4
226237386,226237386,18,40,0,0,0,1513,1480,1649,1519,1094,1094,1094,1094,1514,1514,1514,1514,944,2084,1514,1514,998,1998,0,0,4
226449424,226449424,18,40,0,0,0,1512,1480,1649,1519,1094,1094,1094,1094,1514,1514,1514,1514,944,2084,1514,1514,998,1998,0,0,4
226645378,226645378,18,40,0,0,0,1512,1484,1649,1519,1094,1094,1094,1094,1514,1514,1514,1514,944,2084,1514,1514,998,1998,0,0,4
226857530,226857530,18,40,0,0,0,1457,1484,1649,1519,1094,1094,1094,1094,1514,1514,1514,1514,944,2084,1514,1514,998,1998,0,0,4
227052365,227052365,18,40,0,0,0,1476,1483,1649,1519,1094,1094,1094,1094,1514,1514,1514,1514,944,2084,1514,1514,998,1998,0,0,4
227248369,227248369,18,40,0,0,0,1492,1484,1649,1519,1094,1094,1094,1094,1514,1514,1514,1514,944,2084,1514,1514,998,1998,0,0,4
227472489,227472489,18,40,0,0,0,1473,1475,1649,1519,1094,1094,1094,1094,1514,1514,1514,1514,944,2084,1514,1514,998,1998,0,0,4
227674894,227674894,18,40,0,0,0,1497,1463,1649,1519,1094,1094,1094,1094,1514,1514,1514,1514,944,2084,1514,1514,998,1998,0,0,4
227871576,227871576,18,40,0,0,0,1502,1452,1650,1519,1094,1094,1094,1094,1514,1514,1514,1514,944,2084,1514,1514,998,1998,0,0,4
228071765,228071765,18,40,0,0,0,1509,1447,1685,1519,1094,1094,1094,1094,1514,1514,1514,1514,944,2084,1514,1514,998,1998,0,0,4
228275561,228275561,18,40,0,0,0,1510,1450,1685,1519,1094,1094,1094,1094,1514,1514,1514,1514,944,2084,1514,1514,998,1998,0,0,4
228475239,228475239,18,40,0,0,0,1512,1465,1685,1519,1094,1094,1094,1094,1514,1514,1514,1514,944,2084,1514,1514,998,1998,0,0,4
228670781,228670781,18,40,0,0,0,1512,1507,1685,1519,1094,1094,1094,1094,1514,1514,1514,1514,944,2084,1514,1514,998,1998,0,0,4
228882971,228882971,18,40,0,0,0,1514,1512,1685,1519,1094,1094,1094,1094,1514,1514,1514,1514,944,2084,1514,1514,998,1998,0,0,4
229082802,229082802,18,40,0,0,0,1514,1512,1684,1519,1094,1094,1094,1094,1514,1514,1514,1514,944,2084,1514,1514,998,1998,0,0,4
229282336,229282336,18,40,0,0,0,1529,1502,1684,1519,1094,1094,1094,1094,1514,1514,1514,1514,944,2084,1514,1514,998,1998,0,0,4
229482343,229482343,18,40,0,0,0,1588,1507,1684,1519,1094,1094,1094,1094,1514,1514,1514,1514,944,2084,1514,1514,998,1998,0,0,4
229681947,229681947,18,40,0,0,0,1528,1509,1684,1519,1094,1094,1094,1094,1514,1514,1514,1514,944,2084,1514,1514,998,1998,0,0,4
229881501,229881501,18,40,0,0,0,1515,1468,1684,1519,1094,1094,1094,1094,1514,1514,1514,1514,944,2084,1514,1514,998,1998,0,0,4
230085132,230085132,18,40,0,0,0,1515,1442,1684,1519,1094,1094,1094,1094,1514,1514,1514,1514,944,2084,1514,1514,998,1998,0,0,4
230301144,230301144,18,40,0,0,0,1517,1463,1684,1519,1094,1094,1094,1094,1514,1514,1514,1514,944,2084,1514,1514,998,1998,0,0,4
230493368,230493368,18,40,0,0,0,1517,1473,1684,1519,1094,1094,1094,1094,1514,1514,1514,1514,944,2084,1514,1514,998,1998,0,0,4
230696731,230696731,18,40,0,0,0,1516,1508,1684,1519,1094,1094,1094,1094,1514,1514,1514,1514,944,2084,1514,1514,998,1998,0,0,4
230892615,230892615,18,40,0,0,0,1515,1512,1684,1519,1094,1094,1094,1094,1514,1514,1514,1514,944,2084,1514,1514,998,1998,0,0,4
231092562,231092562,18,40,0,0,0,1514,1512,1684,1519,1094,1094,1094,1094,1514,1514,1514,1514,944,2084,1514,1514,998,1998,0,0,4
231292565,231292565,18,40,0,0,0,1514,1429,1684,1519,1094,1094,1094,1094,1514,1514,1514,1514,944,2084,1514,1514,998,1998,0,0,4
231511599,231511599,18,40,0,0,0,1507,1420,1684,1519,1094,1094,1094,1094,1514,1514,1514,1514,944,2084,1514,1514,998,1998,0,0,4
231715946,231715946,18,40,0,0,0,1475,1450,1684,1519,1094,1094,1094,1094,1514,1514,1514,1514,944,2084,1514,1514,998,1998,0,0,4
231899746,231899746,18,40,0,0,0,1467,1466,1684,1519,1094,1094,1094,1094,1514,1514,1514,1514,944,2084,1514,1514,998,1998,0,0,4
232122995,232122995,18,40,0,0,0,1461,1461,1684,1519,1094,1094,1094,1094,1514,1514,1514,1514,944,2084,1514,1514,998,1998,0,0,4
232323161,232323161,18,40,0,0,0,1476,1480,1684,1519,1094,1094,1094,1094,1514,1514,1514,1514,944,2084,1514,1514,998,1998,0,0,4
232514926,232514926,18,40,0,0,0,1461,1490,1684,1519,1094,1094,1094,1094,1514,1514,1514,1514,944,2084,1514,1514,998,1998,0,0,4
232714802,232714802,18,40,0,0,0,1473,1494,1684,1519,1094,1094,1094,1094,1514,1514,1514,1514,944,2084,1514,1514,998,1998,0,0,4
232937420,232937420,18,40,0,0,0,1487,1494,1684,1519,1094,1094,1094,1094,1514,1514,1514,1514,944,2084,1514,1514,998,1998,0,0,4
233133974,233133974,18,40,0,0,0,1510,1506,1684,1519,1094,1094,1094,1094,1514,1514,1514,1514,944,2084,1514,1514,998,1998,0,0,4
233334159,233334159,18,40,0,0,0,1508,1507,1684,1519,1094,1094,1094,1094,1514,1514,1514,1514,944,2084,1514,1514,998,1998,0,0,4
233541148,233541148,18,40,0,0,0,1510,1507,1684,1519,1094,1094,1094,1094,1514,1514,1514,1514,944,2084,1514,1514,998,1998,0,0,4
233745210,233745210,18,40,0,0,0,1510,1506,1684,1519,1514,1094,1094,1094,1514,1514,1514,1514,944,2084,1514,1514,998,1998,0,0,4
233925397,233925397,18,40,0,0,0,1511,1509,1684,1519,1514,1094,1094,1094,1514,1514,1514,1514,944,2084,1514,1514,998,1998,0,0,4
234149297,234149297,18,40,0,0,0,1512,1511,1684,1519,1934,1094,1094,1094,1514,1514,1514,1514,944,2084,1514,1514,998,1998,0,0,4
234352364,234352364,18,40,0,0,0,1513,1512,1684,1519,1934,1094,1094,1094,1514,1514,1514,1514,944,2084,1514,1514,998,1998,0,0,4
234548378,234548378,18,40,0,0,0,1514,1512,1684,1519,1934,1094,1094,1094,1514,1514,1514,1514,944,2084,1514,1514,998,1998,0,0,4
234748546,234748546,18,40,0,0,0,1514,1512,1684,1519,1934,1094,1094,1094,1514,1514,1514,1514,944,2084,1514,1514,998,1998,0,0,4
234964588,234964588,18,40,0,0,0,1514,1512,1684,1519,1934,1094,1094,1094,1514,1514,1514,1514,944,2084,1514,1514,998,1998,0,0,4
235147567,235147567,18,40,0,0,0,1514,1512,1684,1519,1934,1094,1094,1094,1514,1514,1514,1514,944,2084,1514,1514,998,1998,0,0,4
235351560,235351560,18,40,0,0,0,1514,1512,1684,1519,1934,1094,1094,1094,1514,1514,1514,1514,944,2084,1514,1514,998,1998,0,0,4
235563762,235563762,18,40,0,0,0,1514,1512,1684,1519,1934,1094,1094,1094,1514,1514,1514,1514,944,2084,1514,1514,998,1998,0,0,4
235771974,235771974,18,40,0,0,0,1514,1512,1684,1519,1934,1094,1094,1094,1514,1514,1514,1514,944,2084,1514,1514,998,1998,0,0,4
235970983,235970983,18,40,0,0,0,1514,1512,1684,1518,1934,1094,1094,1094,1514,1514,1514,1514,944,2084,1514,1514,998,1998,0,0,4
236174733,236174733,18,40,0,0,0,1514,1512,1645,1517,1934,1094,1094,1094,1514,1514,1514,1514,944,2084,1514,1514,998,1998,0,0,4
236366999,236366999,18,40,0,0,0,1514,1512,1626,1517,1934,1094,1094,1094,1514,1514,1514,1514,944,2084,1514,1514,998,1998,0,0,4
236574763,236574763,18,40,0,0,0,1514,1512,1610,1517,1934,1094,1094,1094,1514,1514,1514,1514,944,2084,1514,1514,998,1998,0,0,4
236770029,236770029,18,40,0,0,0,1514,1512,1610,1517,1934,1094,1094,1094,1514,1514,1514,1514,944,2084,1514,1514,998,1998,0,0,4
236974212,236974212,18,40,0,0,0,1514,1512,1611,1517,1934,1094,1094,1094,1514,1514,1514,1514,944,2084,1514,1514,998,1998,0,0,4
237174318,237174318,18,40,0,0,0,1514,1512,1611,1517,1934,1094,1094,1094,1514,1514,1514,1514,944,2084,1514,1514,998,1998,0,0,4
237372441,237372441,18,40,0,0,0,1514,1512,1611,1517,1934,1094,1094,1094,1514,1514,1514,1514,944,2084,1514,1514,998,1998,0,0,4
237585136,237585136,18,40,0,0,0,1514,1512,1611,1517,1934,1094,1094,1094,1514,1514,1514,1514,944,2084,1514,1514,998,1998,0,0,4
237785517,237785517,18,40,0,0,0,1514,1512,1611,1517,1934,1094,1094,1094,1514,1514,1514,1514,944,2084,1514,1514,998,1998,0,0,4
237985211,237985211,18,40,0,0,0,1514,1512,1611,1517,1934,1094,1094,1094,1514,1514,1514,1514,944,2084,1514,1514,998,1998,0,0,4
238184384,238184384,18,40,0,0,0,1514,1512,1611,1517,1934,1094,1094,1094,1514,1514,1514,1514,944,2084,1514,1514,998,1998,0,0,4
238396718,238396718,18,40,0,0,0,1514,1512,1611,1517,1934,1094,1094,1094,1514,1514,1514,1514,944,2084,1514,1514,998,1998,0,0,4
238592559,238592559,18,40,0,0,0,1514,1512,1611,1517,1934,1094,1094,1094,1514,1514,1514,1514,944,2084,1514,1514,998,1998,0,0,4
238792032,238792032,18,40,0,0,0,1514,1512,1611,1517,1934,1094,1094,1094,1514,1514,1514,1514,944,2084,1514,1514,998,1998,0,0,4
238995812,238995812,18,40,0,0,0,1514,1512,1611,1517,1934,1094,1094,1094,1514,1514,1514,1514,944,2084,1514,1514,998,1998,0,0,4
239199746,239199746,18,40,0,0,0,1514,1512,1611,1517,1934,1094,1094,1094,1514,1514,1514,1514,944,2084,1514,1514,998,1998,0,0,4
239403984,239403984,18,40,0,0,0,1514,1512,1611,1517,1934,1094,1094,1094,1514,1514,1514,1514,944,2084,1514,1514,998,1998,0,0,4
239602827,239602827,18,40,0,0,0,1514,1512,1611,1517,1934,1094,1094,1094,1514,1514,1514,1514,944,2084,1514,1514,998,1998,0,0,4
239802978,239802978,18,40,0,0,0,1514,1512,1611,1517,1934,1094,1094,1094,1514,1514,1514,1514,944,2084,1514,1514,998,1998,0,0,4
240018948,240018948,18,40,0,0,0,1514,1512,1611,1517,1934,1094,1094,1094,1514,1514,1514,1514,944,2084,1514,1514,998,1998,0,0,4
240218969,240218969,18,40,0,0,0,1514,1512,1611,1517,1934,1094,1094,1094,1514,1514,1514,1514,944,2084,1514,1514,998,1998,0,0,4
240421950,240421950,18,40,0,0,0,1514,1512,1611,1517,1934,1094,1094,1094,1514,1514,1514,1514,944,2084,1514,1514,998,1998,0,0,4
240626441,240626441,18,40,0,0,0,1514,1512,1611,1517,1934,1094,1094,1094,1514,1514,1514,1514,944,2084,1514,1514,998,1998,0,0,4
240826197,240826197,18,40,0,0,0,1514,1512,1611,1517,1934,1094,1094,1094,1514,1514,1514,1514,944,2084,1514,1514,998,1998,0,0,4
241009945,241009945,18,40,0,0,0,1514,1512,1611,1517,1934,1094,1094,1094,1514,1514,1514,1514,944,2084,1514,1514,998,1998,0,0,4
241225394,241225394,18,40,0,0,0,1514,1512,1611,1517,1934,1094,1094,1094,1514,1514,1514,1514,944,2084,1514,1514,998,1998,0,0,4
241429389,241429389,18,40,0,0,0,1514,1512,1611,1517,1934,1094,1094,1094,1514,1514,1514,1514,944,2084,1514,1514,998,1998,0,0,4
241629179,241629179,18,40,0,0,0,1514,1512,1611,1517,1934,1094,1094,1094,1514,1514,1514,1514,944,2084,1514,1514,998,1998,0,0,4
241825384,241825384,18,40,0,0,0,1514,1512,1611,1517,1934,1094,1094,1094,1514,1514,1514,1514,944,2084,1514,1514,998,1998,0,0,4
242024591,242024591,18,40,0,0,0,1514,1512,1611,1517,1934,1094,1094,1094,1514,1514,1514,1514,944,2084,1514,1514,998,1998,0,0,4
242244719,242244719,18,40,0,0,0,1514,1512,1611,1517,1934,1094,1094,1094,1514,1514,1514,1514,944,2084,1514,1514,998,1998,0,0,4
242444567,242444567,18,40,0,0,0,1514,1512,1611,1517,1934,1094,1094,1094,1514,1514,1514,1514,944,2084,1514,1514,998,1998,0,0,4
242643779,242643779,18,40,0,0,0,1514,1512,1611,1517,1934,1094,1094,1094,1514,1514,1514,1514,944,2084,1514,1514,998,1998,0,0,4
242839561,242839561,18,40,0,0,0,1514,1512,1611,1517,1934,1094,1094,1094,1514,1514,1514,1514,944,2084,1514,1514,998,1998,0,0,4
243043768,243043768,18,40,0,0,0,1514,1512,1611,1517,1934,1094,1094,1094,1514,1514,1514,1514,944,2084,1514,1514,998,1998,0,0,4
243247776,243247776,18,40,0,0,0,1514,1512,1611,1517,1934,1094,1094,1094,1514,1514,1514,1514,944,2084,1514,1514,998,1998,0,0,4
243442979,243442979,18,40,0,0,0,1514,1512,1611,1517,1934,1094,1094,1094,1514,1514,1514,1514,944,2084,1514,1514,998,1998,0,0,4
243663034,243663034,18,40,0,0,0,1514,1512,1611,1517,1934,1094,1094,1094,1514,1514,1514,1514,944,2084,1514,1514,998,1998,0,0,4
243862991,243862991,18,40,0,0,0,1514,1512,1611,1517,1934,1094,1094,1094,1514,1514,1514,1514,944,2084,1514,1514,998,1998,0,0,4
244050764,244050764,18,40,0,0,0,1514,1512,1611,1517,1934,1094,1094,1094,1514,1514,1514,1514,944,2084,1514,1514,998,1998,0,0,4
244273970,244273970,18,40,0,0,0,1514,1512,1611,1517,1934,1094,1094,1094,1514,1514,1514,1514,944,2084,1514,1514,998,1998,0,0,4
244473967,244473967,18,40,0,0,0,1514,1512,1611,1517,1934,1094,1094,1094,1514,1514,1514,1514,944,2084,1514,1514,998,1998,0,0,4
244674171,244674171,18,40,0,0,0,1514,1512,1611,1517,1934,1094,1094,1094,1514,1514,1514,1514,944,2084,1514,1514,998,1998,0,0,4
244853423,244853423,18,40,0,0,0,1514,1512,1611,1517,1934,1094,1094,1094,1514,1514,1514,1514,944,2084,1514,1514,998,1998,0,0,4
245077378,245077378,18,40,0,0,0,1514,1512,1611,1517,1934,1094,1094,1094,1514,1514,1514,1514,944,2084,1514,1514,998,1998,0,0,4
245281145,245281145,18,40,0,0,0,1514,1512,1611,1517,1934,1094,1094,1094,1514,1514,1514,1514,944,2084,1514,1514,998,1998,0,0,4
245461386,245461386,18,40,0,0,0,1514,1512,1611,1517,1934,1094,1094,1094,1514,1514,1514,1514,944,2084,1514,1514,998,1998,0,0,4
245684340,245684340,18,40,0,0,0,1514,1512,1611,1517,1934,1094,1094,1094,1514,1514,1514,1514,944,2084,1514,1514,998,1998,0,0,4
245884465,245884465,18,40,0,0,0,1514,1512,1611,1517,1934,1094,1094,1094,1514,1514,1514,1514,944,2084,1514,1514,998,1998,0,0,4
246088851,246088851,18,40,0,0,0,1514,1512,1611,1517,1934,1094,1094,1094,1514,1514,1514,1514,944,2084,1514,1514,998,1998,0,0,4
246292584,246292584,18,40,0,0,0,1514,1512,1611,1517,1934,1094,1094,1094,1514,1514,1514,1514,944,2084,1514,1514,998,1998,0,0,4
246491598,246491598,18,40,0,0,0,1514,1512,1611,1517,1934,1094,1094,1094,1514,1514,1514,1514,944,2084,1514,1514,998,1998,0,0,4
246691817,246691817,18,40,0,0,0,1514,1512,1611,1517,1934,1094,1094,1094,1514,1514,1514,1514,944,2084,1514,1514,998,1998,0,0,4
246891776,246891776,18,40,0,0,0,1514,1512,1611,1517,1934,1094,1094,1094,1514,1514,1514,1514,944,2084,1514,1514,998,1998,0,0,4
247091007,247091007,18,40,0,0,0,1514,1512,1611,1517,1934,1094,1094,1094,1514,1514,1514,1514,944,2084,1514,1514,998,1998,0,0,4
247290989,247290989,18,40,0,0,0,1514,1512,1611,1517,1934,1094,1094,1094,1514,1514,1514,1514,944,2084,1514,1514,998,1998,0,0,4
247510982,247510982,18,40,0,0,0,1514,1512,1611,1517,1934,1094,1094,1094,1514,1514,1514,1514,944,2084,1514,1514,998,1998,0,0,4
247695001,247695001,18,40,0,0,0,1514,1512,1611,1517,1934,1094,1094,1094,1514,1514,1514,1514,944,2084,1514,1514,998,1998,0,0,4
247914194,247914194,18,40,0,0,0,1514,1512,1611,1517,1934,1094,1094,1094,1514,1514,1514,1514,944,2084,1514,1514,998,1998,0,0,4
248098206,248098206,18,40,0,0,0,1514,1512,1611,1517,1934,1094,1094,1094,1514,1514,1514,1514,944,2084,1514,1514,998,1998,0,0,4
248310166,248310166,18,40,0,0,0,1514,1512,1611,1517,1934,1094,1094,1094,1514,1514,1514,1514,944,2084,1514,1514,998,1998,0,0,4
248514172,248514172,18,40,0,0,0,1514,1512,1611,1517,1934,1094,1094,1094,1514,1514,1514,1514,944,2084,1514,1514,998,1998,0,0,4
248713517,248713517,18,40,0,0,0,1514,1512,1611,1517,1934,1094,1094,1094,1514,1514,1514,1514,944,2084,1514,1514,998,1998,0,0,4
248917387,248917387,18,40,0,0,0,1514,1512,1611,1517,1934,1094,1094,1094,1514,1514,1514,1514,944,2084,1514,1514,998,1998,0,0,4
249109517,249109517,18,40,0,0,0,1514,1512,1611,1517,1934,1094,1094,1094,1514,1514,1514,1514,944,2084,1514,1514,998,1998,0,0,4
249317375,249317375,18,40,0,0,0,1514,1512,1611,1517,1934,1094,1094,1094,1514,1514,1514,1514,944,2084,1514,1514,998,1998,0,0,4
249520468,249520468,18,40,0,0,0,1514,1512,1611,1517,1934,1094,1094,1094,1514,1514,1514,1514,944,2084,1514,1514,998,1998,0,0,4
249720731,249720731,18,40,0,0,0,1514,1512,1611,1517,1934,1094,1094,1094,1514,1514,1514,1514,944,2084,1514,1514,998,1998,0,0,4
249940353,249940353,18,40,0,0,0,1514,1512,1611,1517,1934,1094,1094,1094,1514,1514,1514,1514,944,2084,1514,1514,998,1998,0,0,4
250140383,250140383,18,40,0,0,0,1514,1512,1611,1517,1934,1094,1094,1094,1514,1514,1514,1514,944,2084,1514,1514,998,1998,0,0,4
250335747,250335747,18,40,0,0,0,1514,1512,1611,1517,1934,1094,1094,1094,1514,1514,1514,1514,944,2084,1514,1514,998,1998,0,0,4
250535761,250535761,18,40,0,0,0,1514,1512,1611,1517,1934,1094,1094,1094,1514,1514,1514,1514,944,2084,1514,1514,998,1998,0,0,4
250743630,250743630,18,40,0,0,0,1514,1512,1611,1517,1934,1094,1094,1094,1514,1514,1514,1514,944,2084,1514,1514,998,1998,0,0,4
250935799,250935799,18,40,0,0,0,1514,1512,1611,1517,1934,1094,1094,1094,1514,1514,1514,1514,944,2084,1514,1514,998,1998,0,0,4
251142839,251142839,18,40,0,0,0,1514,1512,1611,1517,1934,1094,1094,1094,1514,1514,1514,1514,944,2084,1514,1514,998,1998,0,0,4
251339123,251339123,18,40,0,0,0,1514,1512,1611,1517,1934,1094,1094,1094,1514,1514,1514,1514,944,2084,1514,1514,998,1998,0,0,4
251538776,251538776,18,40,0,0,0,1514,1512,1611,1517,1934,1094,1094,1094,1514,1514,1514,1514,944,2084,1514,1514,998,1998,0,0,4
251746178,251746178,18,40,0,0,0,1514,1512,1611,1517,1934,1094,1094,1094,1514,1514,1514,1514,944,2084,1514,1514,998,1998,0,0,4
251945971,251945971,18,40,0,0,0,1514,1512,1611,1517,1934,1094,1094,1094,1514,1514,1514,1514,944,2084,1514,1514,998,1998,0,0,4
252145966,252145966,18,40,0,0,0,1514,1512,1611,1517,1934,1094,1094,1094,1514,1514,1514,1514,944,2084,1514,1514,998,1998,0,0,4
252362251,252362251,18,40,0,0,0,1514,1512,1611,1517,1934,1094,1094,1094,1514,1514,1514,1514,944,2084,1514,1514,998,1998,0,0,4
252557396,252557396,18,40,0,0,0,1514,1512,1611,1517,1934,1094,1094,1094,1514,1514,1514,1514,944,2084,1514,1514,998,1998,0,0,4
252773269,252773269,18,40,0,0,0,1514,1512,1611,1517,1934,1094,1094,1094,1514,1514,1514,1514,944,2084,1514,1514,998,1998,0,0,4
252977379,252977379,18,40,0,0,0,1514,1512,1611,1517,1934,1094,1094,1094,1514,1514,1514,1514,944,2084,1514,1514,998,1998,0,0,4
253176359,253176359,18,40,0,0,0,1514,1512,1611,1517,1934,1094,1094,1094,1514,1514,1514,1514,944,2084,1514,1514,998,1998,0,0,4
253368573,253368573,18,40,0,0,0,1514,1512,1611,1517,1934,1094,1094,1094,1514,1514,1514,1514,944,2084,1514,1514,998,1998,0,0,4
253569450,253569450,18,40,0,0,0,1514,1512,1611,1517,1934,1094,1094,1094,1514,1514,1514,1514,944,2084,1514,1514,998,1998,0,0,4
253788567,253788567,18,40,0,0,0,1514,1512,1611,1517,1934,1094,1094,1094,1514,1514,1514,1514,944,2084,1514,1514,998,1998,0,0,4
253984469,253984469,18,40,0,0,0,1514,1512,1611,1517,1934,1094,1094,1094,1514,1514,1514,1514,944,2084,1514,1514,998,1998,0,0,4
254191795,254191795,18,40,0,0,0,1514,1512,1611,1517,1934,1094,1094,1094,1514,1514,1514,1514,944,2084,1514,1514,998,1998,0,0,4
254396046,254396046,18,40,0,0,0,1514,1512,1611,1517,1934,1094,1094,1094,1514,1514,1514,1514,944,2084,1514,1514,998,1998,0,0,4
254583800,254583800,18,40,0,0,0,1514,1512,1611,1517,1934,1094,1094,1094,1514,1514,1514,1514,944,2084,1514,1514,998,1998,0,0,4
254787020,254787020,18,40,0,0,0,1514,1512,1611,1517,1934,1094,1094,1094,1514,1514,1514,1514,944,2084,1514,1514,998,1998,0,0,4
254990774,254990774,18,40,0,0,0,1514,1512,1611,1517,1934,1094,1094,1094,1514,1514,1514,1514,944,2084,1514,1514,998,1998,0,0,4
255191140,255191140,18,40,0,0,0,1514,1512,1611,1517,1934,1094,1094,1094,1514,1514,1514,1514,944,2084,1514,1514,998,1998,0,0,4
255407036,255407036,18,40,0,0,0,1514,1512,1611,1517,1934,1094,1094,1094,1514,1514,1514,1514,944,2084,1514,1514,998,1998,0,0,4
255609970,255609970,18,40,0,0,0,1514,1512,1611,1517,1934,1094,1094,1094,1514,1514,1514,1514,944,2084,1514,1514,998,1998,0,0,4
255802244,255802244,18,40,0,0,0,1514,1512,1611,1517,1934,1094,1094,1094,1514,1514,1514,1514,944,2084,1514,1514,998,1998,0,0,4
256001976,256001976,18,40,0,0,0,1514,1512,1611,1517,1934,1094,1094,1094,1514,1514,1514,1514,944,2084,1514,1514,998,1998,0,0,4
256205139,256205139,18,40,0,0,0,1514,1512,1599,1517,1934,1094,1094,1094,1514,1514,1514,1514,944,2084,1514,1514,998,1998,0,0,4
256409536,256409536,18,40,0,0,0,1514,1512,1576,1517,1934,1094,1094,1094,1514,1514,1514,1514,944,2084,1514,1514,998,1998,0,0,4
256609363,256609363,18,40,0,0,0,1514,1512,1576,1517,1934,1094,1094,1094,1514,1514,1514,1514,944,2084,1514,1514,998,1998,0,0,4
256809387,256809387,18,40,0,0,0,1514,1512,1576,1517,1934,1094,1094,1094,1514,1514,1514,1514,944,2084,1514,1514,998,1998,0,0,4
257025369,257025369,18,40,0,0,0,1514,1512,1576,1517,1934,1094,1094,1094,1514,1514,1514,1514,944,2084,1514,1514,998,1998,0,0,4
257224584,257224584,18,40,0,0,0,1514,1512,1576,1517,1934,1094,1094,1094,1514,1514,1514,1514,944,2084,1514,1514,998,1998,0,0,4
257428453,257428453,18,40,0,0,0,1514,1512,1576,1517,1934,1094,1094,1094,1514,1514,1514,1514,944,2084,1514,1514,998,1998,0,0,4
257624582,257624582,18,40,0,0,0,1514,1512,1576,1517,1934,1094,1094,1094,1514,1514,1514,1514,944,2084,1514,1514,998,1998,0,0,4
257823053,257823053,18,40,0,0,0,1514,1512,1576,1517,1934,1094,1094,1094,1514,1514,1514,1514,944,2084,1514,1514,998,1998,0,0,4
258023853,258023853,18,40,0,0,0,1514,1512,1576,1517,1934,1094,1094,1094,1514,1514,1514,1514,944,2084,1514,1514,998,1998,0,0,4
258243918,258243918,18,40,0,0,0,1514,1512,1576,1517,1934,1094,1094,1094,1514,1514,1514,1514,944,2084,1514,1514,998,1998,0,0,4
258435749,258435749,18,40,0,0,0,1514,1512,1576,1517,1934,1094,1094,1094,1514,1514,1514,1514,944,2084,1514,1514,998,1998,0,0,4
258643054,258643054,18,40,0,0,0,1514,1512,1576,1517,1934,1094,1094,1094,1514,1514,1514,1514,944,2084,1514,1514,998,1998,0,0,4
258834967,258834967,18,40,0,0,0,1514,1512,1577,1517,1934,1094,1094,1094,1514,1514,1514,1514,944,2084,1514,1514,998,1998,0,0,4
259042975,259042975,18,40,0,0,0,1514,1512,1577,1517,1934,1094,1094,1094,1514,1514,1514,1514,944,2084,1514,1514,998,1998,0,0,4
259234962,259234962,18,40,0,0,0,1514,1512,1577,1517,1934,1094,1094,1094,1514,1514,1514,1514,944,2084,1514,1514,998,1998,0,0,4
259438175,259438175,18,40,0,0,0,1514,1512,1577,1517,1934,1094,1094,1094,1514,1514,1514,1514,944,2084,1514,1514,998,1998,0,0,4
259649955,259649955,18,40,0,0,0,1514,1512,1577,1517,1934,1094,1094,1094,1514,1514,1514,1514,944,2084,1514,1514,998,1998,0,0,4
259858361,259858361,18,40,0,0,0,1514,1512,1577,1517,1934,1094,1094,1094,1514,1514,1514,1514,944,2084,1514,1514,998,1998,0,0,4
260062356,260062356,18,40,0,0,0,1514,1512,1577,1517,1934,1094,1094,1094,1514,1514,1514,1514,944,2084,1514,1514,998,1998,0,0,4
260265198,260265198,18,40,0,0,0,1514,1512,1577,1517,1934,1094,1094,1094,1514,1514,1514,1514,944,2084,1514,1514,998,1998,0,0,4
260457442,260457442,18,40,0,0,0,1514,1512,1577,1517,1934,1094,1094,1094,1514,1514,1514,1514,944,2084,1514,1514,998,1998,0,0,4
260657398,260657398,18,40,0,0,0,1514,1512,1577,1517,1934,1094,1094,1094,1514,1514,1514,1514,944,2084,1514,1514,998,1998,0,0,4
260857408,260857408,18,40,0,0,0,1514,1512,1577,1517,1934,1094,1094,1094,1514,1514,1514,1514,944,2084,1514,1514,998,1998,0,0,4
261060590,261060590,18,40,0,0,0,1514,1512,1577,1517,1934,1094,1094,1094,1514,1514,1514,1514,944,2084,1514,1514,998,1998,0,0,4
261284384,261284384,18,40,0,0,0,1514,1512,1577,1517,1934,1094,1094,1094,1514,1514,1514,1514,944,2084,1514,1514,998,1998,0,0,4
261464592,261464592,18,40,0,0,0,1514,1512,1577,1517,1934,1094,1094,1094,1514,1514,1514,1514,944,2084,1514,1514,998,1998,0,0,4
261663963,261663963,18,40,0,0,0,1514,1512,1577,1517,1934,1094,1094,1094,1514,1514,1514,1514,944,2084,1514,1514,998,1998,0,0,4
261871821,261871821,18,40,0,0,0,1514,1512,1577,1517,1934,1094,1094,1094,1514,1514,1514,1514,944,2084,1514,1514,998,1998,0,0,4
262091777,262091777,18,40,0,0,0,1514,1512,1577,1517,1934,1094,1094,1094,1514,1514,1514,1514,944,2084,1514,1514,998,1998,0,0,4
262275768,262275768,18,40,0,0,0,1514,1512,1577,1517,1934,1094,1094,1094,1514,1514,1514,1514,944,2084,1514,1514,998,1998,0,0,4
262475765,262475765,18,40,0,0,0,1514,1512,1577,1517,1934,1094,1094,1094,1514,1514,1514,1514,944,2084,1514,1514,998,1998,0,0,4
262690957,262690957,18,40,0,0,0,1514,1512,1577,1517,1934,1094,1094,1094,1514,1514,1514,1514,944,2084,1514,1514,998,1998,0,0,4
262894968,262894968,18,40,0,0,0,1514,1512,1577,1517,1934,1094,1094,1094,1514,1514,1514,1514,944,2084,1514,1514,998,1998,0,0,4
263091136,263091136,18,40,0,0,0,1514,1512,1577,1517,1934,1094,1094,1094,1514,1514,1514,1514,944,2084,1514,1514,998,1998,0,0,4
263294194,263294194,18,40,0,0,0,1514,1512,1577,1517,1934,1094,1094,1094,1514,1514,1514,1514,944,2084,1514,1514,998,1998,0,0,4
263498157,263498157,18,40,0,0,0,1514,1512,1577,1517,1934,1094,1094,1094,1514,1514,1514,1514,944,2084,1514,1514,998,1998,0,0,4
263693951,263693951,18,40,0,0,0,1514,1512,1577,1517,1934,1094,1094,1094,1514,1514,1514,1514,944,2084,1514,1514,998,1998,0,0,4
263890154,263890154,18,40,0,0,0,1514,1512,1577,1517,1934,1094,1094,1094,1514,1514,1514,1514,944,2084,1514,1514,998,1998,0,0,4
264093412,264093412,18,40,0,0,0,1514,1512,1576,1517,1934,1094,1094,1094,1514,1514,1514,1514,944,2084,1514,1514,998,1998,0,0,4
264293184,264293184,18,40,0,0,0,1514,1512,1576,1517,1934,1094,1094,1094,1514,1514,1514,1514,944,2084,1514,1514,998,1998,0,0,4
264493686,264493686,18,40,0,0,0,1514,1512,1576,1517,1934,1094,1094,1094,1514,1514,1514,1514,944,2084,1514,1514,998,1998,0,0,4
264717394,264717394,18,40,0,0,0,1514,1512,1576,1517,1934,1094,1094,1094,1514,1514,1514,1514,944,2084,1514,1514,998,1998,0,0,4
264900373,264900373,18,40,0,0,0,1514,1512,1576,1517,1934,1094,1094,1094,1514,1514,1514,1514,944,2084,1514,1514,998,1998,0,0,4
265120495,265120495,18,40,0,0,0,1514,1512,1577,1517,1934,1094,1094,1094,1514,1514,1514,1514,944,2084,1514,1514,998,1998,0,0,4
265316548,265316548,18,40,0,0,0,1514,1512,1577,1517,1934,1094,1094,1094,1514,1514,1514,1514,944,2084,1514,1514,998,1998,0,0,4
265515773,265515773,18,40,0,0,0,1514,1512,1577,1517,1934,1094,1094,1094,1514,1514,1514,1514,944,2084,1514,1514,998,1998,0,0,4
265716030,265716030,18,40,0,0,0,1514,1512,1577,1517,1934,1094,1094,1094,1514,1514,1514,1514,944,2084,1514,1514,998,1998,0,0,4
265911808,265911808,18,40,0,0,0,1514,1512,1577,1517,1934,1094,1094,1094,1514,1514,1514,1514,944,2084,1514,1514,998,1998,0,0,4
266111943,266111943,18,40,0,0,0,1514,1512,1577,1517,1934,1094,1094,1094,1514,1514,1514,1514,944,2084,1514,1514,998,1998,0,0,4
266335769,266335769,18,40,0,0,0,1514,1512,1577,1517,1934,1094,1094,1094,1514,1514,1514,1514,944,2084,1514,1514,998,1998,0,0,4
266538767,266538767,18,40,0,0,0,1514,1512,1577,1517,1934,1094,1094,1094,1514,1514,1514,1514,944,2084,1514,1514,998,1998,0,0,4
266742820,266742820,18,40,0,0,0,1514,1512,1577,1517,1934,1094,1094,1094,1514,1514,1514,1514,944,2084,1514,1514,998,1998,0,0,4
266942967,266942967,18,40,0,0,0,1514,1512,1577,1517,1934,1094,1094,1094,1514,1514,1514,1514,944,2084,1514,1514,998,1998,0,0,4
267127028,267127028,18,40,0,0,0,1514,1512,1577,1517,1934,1094,1094,1094,1514,1514,1514,1514,944,2084,1514,1514,998,1998,0,0,4
267334335,267334335,18,40,0,0,0,1514,1512,1577,1517,1934,1094,1094,1094,1514,1514,1514,1514,944,2084,1514,1514,998,1998,0,0,4
267550328,267550328,18,40,0,0,0,1514,1512,1576,1517,1934,1094,1094,1094,1514,1514,1514,1514,944,2084,1514,1514,998,1998,0,0,4
267754242,267754242,18,40,0,0,0,1514,1512,1543,1517,1934,1094,1094,1094,1514,1514,1514,1514,944,2084,1514,1514,998,1998,0,0,4
267949368,267949368,18,40,0,0,0,1514,1512,1544,1517,1934,1094,1094,1094,1514,1514,1514,1514,944,2084,1514,1514,998,1998,0,0,4
268157770,268157770,18,40,0,0,0,1514,1512,1544,1517,1934,1094,1094,1094,1514,1514,1514,1514,944,2084,1514,1514,998,1998,0,0,4
268357391,268357391,18,40,0,0,0,1514,1512,1544,1517,1934,1094,1094,1094,1514,1514,1514,1514,944,2084,1514,1514,998,1998,0,0,4
268557393,268557393,18,40,0,0,0,1514,1512,1544,1517,1934,1094,1094,1094,1514,1514,1514,1514,944,2084,1514,1514,998,1998,0,0,4
268758385,268758385,18,40,0,0,0,1514,1512,1544,1517,1934,1094,1094,1094,1514,1514,1514,1514,944,2084,1514,1514,998,1998,0,0,4
268964610,268964610,18,40,0,0,0,1514,1512,1543,1517,1934,1094,1094,1094,1514,1514,1514,1514,944,2084,1514,1514,998,1998,0,0,4
269168488,269168488,18,40,0,0,0,1514,1512,1511,1517,1934,1094,1094,1094,1514,1514,1514,1514,944,2084,1514,1514,998,1998,0,0,4
269364598,269364598,18,40,0,0,0,1514,1512,1511,1517,1934,1094,1094,1094,1514,1514,1514,1514,944,2084,1514,1514,998,1998,0,0,4
269563783,269563783,18,40,0,0,0,1514,1512,1511,1517,1934,1094,1094,1094,1514,1514,1514,1514,944,2084,1514,1514,998,1998,0,0,4
269763814,269763814,18,40,0,0,0,1514,1512,1511,1517,1934,1094,1094,1094,1514,1514,1514,1514,944,2084,1514,1514,998,1998,0,0,4
269983795,269983795,18,40,0,0,0,1514,1512,1511,1517,1934,1094,1094,1094,1514,1514,1514,1514,944,2084,1514,1514,998,1998,0,0,4
270179731,270179731,18,40,0,0,0,1514,1512,1511,1517,1934,1094,1094,1094,1514,1514,1514,1514,944,2084,1514,1514,998,1998,0,0,4
270383161,270383161,18,40,0,0,0,1514,1512,1511,1517,1934,1094,1094,1094,1514,1514,1514,1514,944,2084,1514,1514,998,1998,0,0,4
270586970,270586970,18,40,0,0,0,1514,1512,1493,1517,1934,1094,1094,1094,1514,1514,1514,1514,944,2084,1514,1514,998,1998,0,0,4
270782975,270782975,18,40,0,0,0,1514,1512,1482,1517,1934,1094,1094,1094,1514,1514,1514,1514,944,2084,1514,1514,998,1998,0,0,4
270995231,270995231,18,40,0,0,0,1514,1512,1482,1517,1934,1094,1094,1094,1514,1514,1514,1514,944,2084,1514,1514,998,1998,0,0,4
271201953,271201953,18,40,0,0,0,1514,1512,1482,1517,1934,1094,1094,1094,1514,1514,1514,1514,944,2084,1514,1514,998,1998,0,0,4
271390499,271390499,18,40,0,0,0,1514,1512,1482,1517,1934,1094,1094,1094,1514,1514,1514,1514,944,2084,1514,1514,998,1998,0,0,4
271590224,271590224,18,40,0,0,0,1514,1512,1482,1517,1934,1094,1094,1094,1514,1514,1514,1514,944,2084,1514,1514,998,1998,0,0,4
271810178,271810178,18,40,0,0,0,1514,1512,1482,1517,1934,1094,1094,1094,1514,1514,1514,1514,944,2084,1514,1514,998,1998,0,0,4
272017396,272017396,18,40,0,0,0,1514,1512,1482,1517,1934,1094,1094,1094,1514,1514,1514,1514,944,2084,1514,1514,998,1998,0,0,4
272217362,272217362,18,40,0,0,0,1514,1512,1482,1517,1934,1094,1094,1094,1514,1514,1514,1514,944,2084,1514,1514,998,1998,0,0,4
272413186,272413186,18,40,0,0,0,1514,1512,1482,1517,1934,1094,1094,1094,1514,1514,1514,1514,944,2084,1514,1514,998,1998,0,0,4
272617364,272617364,18,40,0,0,0,1514,1512,1482,1517,1934,1094,1094,1094,1514,1514,1514,1514,944,2084,1514,1514,998,1998,0,0,4
273424581,273424581,18,40,0,0,0,1514,1512,1482,1517,1934,1094,1094,1094,1514,1514,1514,1514,944,2084,1514,1514,998,1998,0,0,4
273627615,273627615,18,40,0,0,0,1514,1512,1482,1517,1934,1094,1094,1094,1514,1514,1514,1514,944,2084,1514,1514,998,1998,0,0,4
273823791,273823791,18,40,0,0,0,1514,1512,1482,1517,1934,1094,1094,1094,1514,1514,1514,1514,944,2084,1514,1514,998,1998,0,0,4
274023779,274023779,18,40,0,0,0,1514,1512,1482,1517,1934,1094,1094,1094,1514,1514,1514,1514,944,2084,1514,1514,998,1998,0,0,4
274223811,274223811,18,40,0,0,0,1514,1512,1482,1517,1934,1094,1094,1094,1514,1514,1514,1514,944,2084,1514,1514,998,1998,0,0,4
274430804,274430804,18,40,0,0,0,1514,1512,1482,1517,1934,1094,1094,1094,1514,1514,1514,1514,944,2084,1514,1514,998,1998,0,0,4
274626984,274626984,18,40,0,0,0,1514,1512,1482,1517,1934,1094,1094,1094,1514,1514,1514,1514,944,2084,1514,1514,998,1998,0,0,4
274842851,274842851,18,40,0,0,0,1514,1512,1482,1517,1934,1094,1094,1094,1514,1514,1514,1514,944,2084,1514,1514,998,1998,0,0,4
275043026,275043026,18,40,0,0,0,1514,1512,1482,1517,1934,1094,1094,1094,1514,1514,1514,1514,944,2084,1514,1514,998,1998,0,0,4
275241945,275241945,18,40,0,0,0,1514,1512,1482,1517,1934,1094,1094,1094,1514,1514,1514,1514,944,2084,1514,1514,998,1998,0,0,4
275462244,275462244,18,40,0,0,0,1514,1512,1482,1517,1934,1094,1094,1094,1514,1514,1514,1514,944,2084,1514,1514,998,1998,0,0,4
275662384,275662384,18,40,0,0,0,1514,1512,1482,1517,1934,1094,1094,1094,1514,1514,1514,1514,944,2084,1514,1514,998,1998,0,0,4
275841934,275841934,18,40,0,0,0,1514,1512,1482,1517,1934,1094,1094,1094,1514,1514,1514,1514,944,2084,1514,1514,998,1998,0,0,4
276049167,276049167,18,40,0,0,0,1514,1512,1482,1517,1934,1094,1094,1094,1514,1514,1514,1514,944,2084,1514,1514,998,1998,0,0,4
276265363,276265363,18,40,0,0,0,1514,1512,1482,1517,1934,1094,1094,1094,1514,1514,1514,1514,944,2084,1514,1514,998,1998,0,0,4
276469409,276469409,18,40,0,0,0,1514,1512,1482,1517,1934,1094,1094,1094,1514,1514,1514,1514,944,2084,1514,1514,998,1998,0,0,4
276672830,276672830,18,40,0,0,0,1514,1512,1482,1517,1934,1094,1094,1094,1514,1514,1514,1514,944,2084,1514,1514,998,1998,0,0,4
276868360,276868360,18,40,0,0,0,1514,1512,1482,1517,1934,1094,1094,1094,1514,1514,1514,1514,944,2084,1514,1514,998,1998,0,0,4
277064613,277064613,18,40,0,0,0,1514,1512,1482,1517,1934,1094,1094,1094,1514,1514,1514,1514,944,2084,1514,1514,998,1998,0,0,4
277260627,277260627,18,40,0,0,0,1514,1512,1482,1517,1934,1094,1094,1094,1514,1514,1514,1514,944,2084,1514,1514,998,1998,0,0,4
277464152,277464152,18,40,0,0,0,1514,1512,1482,1517,1934,1094,1094,1094,1514,1514,1514,1514,944,2084,1514,1514,998,1998,0,0,4
277679934,277679934,18,40,0,0,0,1514,1512,1482,1517,1934,1094,1094,1094,1514,1514,1514,1514,944,2084,1514,1514,998,1998,0,0,4
277883596,277883596,18,40,0,0,0,1514,1512,1482,1517,1934,1094,1094,1094,1514,1514,1514,1514,944,2084,1514,1514,998,1998,0,0,4
278083922,278083922,18,40,0,0,0,1514,1512,1482,1517,1934,1094,1094,1094,1514,1514,1514,1514,944,2084,1514,1514,998,1998,0,0,4
278282969,278282969,18,40,0,0,0,1514,1512,1482,1517,1934,1094,1094,1094,1514,1514,1514,1514,944,2084,1514,1514,998,1998,0,0,4
278482981,278482981,18,40,0,0,0,1514,1512,1482,1517,1934,1094,1094,1094,1514,1514,1514,1514,944,2084,1514,1514,998,1998,0,0,4
278683038,278683038,18,40,0,0,0,1514,1512,1482,1517,1934,1094,1094,1094,1514,1514,1514,1514,944,2084,1514,1514,998,1998,0,0,4
278882817,278882817,18,40,0,0,0,1514,1512,1482,1517,1934,1094,1094,1094,1514,1514,1514,1514,944,2084,1514,1514,998,1998,0,0,4
279086190,279086190,18,40,0,0,0,1514,1512,1482,1517,1934,1094,1094,1094,1514,1514,1514,1514,944,2084,1514,1514,998,1998,0,0,4
279289416,279289416,18,40,0,0,0,1514,1512,1482,1517,1934,1094,1094,1094,1514,1514,1514,1514,944,2084,1514,1514,998,1998,0,0,4
279494178,279494178,18,40,0,0,0,1514,1512,1482,1517,1934,1094,1094,1094,1514,1514,1514,1514,944,2084,1514,1514,998,1998,0,0,4
279714019,279714019,18,40,0,0,0,1514,1512,1482,1517,1934,1094,1094,1094,1514,1514,1514,1514,944,2084,1514,1514,998,1998,0,0,4
279909408,279909408,18,40,0,0,0,1514,1512,1482,1517,1934,1094,1094,1094,1514,1514,1514,1514,944,2084,1514,1514,998,1998,0,0,4
280101151,280101151,18,40,0,0,0,1514,1512,1482,1517,1934,1094,1094,1094,1514,1514,1514,1514,944,2084,1514,1514,998,1998,0,0,4
280305518,280305518,18,40,0,0,0,1514,1512,1482,1517,1934,1094,1094,1094,1514,1514,1514,1514,944,2084,1514,1514,998,1998,0,0,4
280505163,280505163,18,40,0,0,0,1514,1512,1482,1517,1934,1094,1094,1094,1514,1514,1514,1514,944,2084,1514,1514,998,1998,0,0,4
280705187,280705187,18,40,0,0,0,1514,1512,1482,1517,1934,1094,1094,1094,1514,1514,1514,1514,944,2084,1514,1514,998,1998,0,0,4
280916787,280916787,18,40,0,0,0,1514,1512,1482,1517,1934,1094,1094,1094,1514,1514,1514,1514,944,2084,1514,1514,998,1998,0,0,4
281112609,281112609,18,40,0,0,0,1514,1512,1482,1517,1934,1094,1094,1094,1514,1514,1514,1514,944,2084,1514,1514,998,1998,0,0,4
281312716,281312716,18,40,0,0,0,1514,1512,1482,1517,1934,1094,1094,1094,1514,1514,1514,1514,944,2084,1514,1514,998,1998,0,0,4
281511779,281511779,18,40,0,0,0,1514,1512,1482,1517,1934,1094,1094,1094,1514,1514,1514,1514,944,2084,1514,1514,998,1998,0,0,4
281735743,281735743,18,40,0,0,0,1514,1512,1482,1517,1934,1094,1094,1094,1514,1514,1514,1514,944,2084,1514,1514,998,1998,0,0,4
281931762,281931762,18,40,0,0,0,1514,1512,1482,1517,1934,1094,1094,1094,1514,1514,1514,1514,944,2084,1514,1514,998,1998,0,0,4
282135832,282135832,18,40,0,0,0,1514,1512,1482,1517,1934,1094,1094,1094,1514,1514,1514,1514,944,2084,1514,1514,998,1998,0,0,4
282338793,282338793,18,40,0,0,0,1514,1512,1482,1517,1934,1094,1094,1094,1514,1514,1514,1514,944,2084,1514,1514,998,1998,0,0,4
282542815,282542815,18,40,0,0,0,1514,1512,1482,1517,1934,1094,1094,1094,1514,1514,1514,1514,944,2084,1514,1514,998,1998,0,0,4
282746816,282746816,18,40,0,0,0,1514,1512,1482,1517,1934,1094,1094,1094,1514,1514,1514,1514,944,2084,1514,1514,998,1998,0,0,4
282943004,282943004,18,40,0,0,0,1514,1512,1482,1517,1934,1094,1094,1094,1514,1514,1514,1514,944,2084,1514,1514,998,1998,0,0,4
283141947,283141947,18,40,0,0,0,1514,1512,1482,1517,1934,1094,1094,1094,1514,1514,1514,1514,944,2084,1514,1514,998,1998,0,0,4
283345979,283345979,18,40,0,0,0,1514,1512,1482,1517,1934,1094,1094,1094,1514,1514,1514,1514,944,2084,1514,1514,998,1998,0,0,4
283545977,283545977,18,40,0,0,0,1514,1512,1482,1517,1934,1094,1094,1094,1514,1514,1514,1514,944,2084,1514,1514,998,1998,0,0,4
283762385,283762385,18,40,0,0,0,1514,1512,1482,1517,1934,1094,1094,1094,1514,1514,1514,1514,944,2084,1514,1514,998,1998,0,0,4
283965387,283965387,18,40,0,0,0,1514,1512,1482,1517,1934,1094,1094,1094,1514,1514,1514,1514,944,2084,1514,1514,998,1998,0,0,4
284165423,284165423,18,40,0,0,0,1514,1512,1482,1517,1934,1094,1094,1094,1514,1514,1514,1514,944,2084,1514,1514,998,1998,0,0,4
284349405,284349405,18,40,0,0,0,1514,1512,1482,1517,1934,1094,1094,1094,1514,1514,1514,1514,944,2084,1514,1514,998,1998,0,0,4
284573383,284573383,18,40,0,0,0,1514,1512,1482,1517,1934,1094,1094,1094,1514,1514,1514,1514,944,2084,1514,1514,998,1998,0,0,4
284772574,284772574,18,40,0,0,0,1514,1512,1482,1517,1934,1094,1094,1094,1514,1514,1514,1514,944,2084,1514,1514,998,1998,0,0,4
284968651,284968651,18,40,0,0,0,1514,1512,1482,1517,1934,1094,1094,1094,1514,1514,1514,1514,944,2084,1514,1514,998,1998,0,0,4
285168568,285168568,18,40,0,0,0,1514,1512,1482,1517,1934,1094,1094,1094,1514,1514,1514,1514,944,2084,1514,1514,998,1998,0,0,4
285388565,285388565,18,40,0,0,0,1514,1512,1482,1517,1934,1094,1094,1094,1514,1514,1514,1514,944,2084,1514,1514,998,1998,0,0,4
285587807,285587807,18,40,0,0,0,1514,1512,1482,1517,1934,1094,1094,1094,1514,1514,1514,1514,944,2084,1514,1514,998,1998,0,0,4
285787763,285787763,18,40,0,0,0,1514,1512,1482,1517,1934,1094,1094,1094,1514,1514,1514,1514,944,2084,1514,1514,998,1998,0,0,4
285971803,285971803,18,40,0,0,0,1514,1512,1482,1517,1934,1094,1094,1094,1514,1514,1514,1514,944,2084,1514,1514,998,1998,0,0,4
286187759,286187759,18,40,0,0,0,1514,1512,1482,1517,1934,1094,1094,1094,1514,1514,1514,1514,944,2084,1514,1514,998,1998,0,0,4
286390755,286390755,18,40,0,0,0,1514,1512,1482,1517,1934,1094,1094,1094,1514,1514,1514,1514,944,2084,1514,1514,998,1998,0,0,4
286586990,286586990,18,40,0,0,0,1514,1512,1482,1517,1934,1094,1094,1094,1514,1514,1514,1514,944,2084,1514,1514,998,1998,0,0,4
286779121,286779121,18,40,0,0,0,1514,1512,1482,1517,1934,1094,1094,1094,1514,1514,1514,1514,944,2084,1514,1514,998,1998,0,0,4
286995176,286995176,18,40,0,0,0,1514,1512,1482,1517,1934,1094,1094,1094,1514,1514,1514,1514,944,2084,1514,1514,998,1998,0,0,4
287190208,287190208,18,40,0,0,0,1514,1512,1482,1517,1934,1094,1094,1094,1514,1514,1514,1514,944,2084,1514,1514,998,1998,0,0,4
287394206,287394206,18,40,0,0,0,1514,1512,1482,1517,1934,1094,1094,1094,1514,1514,1514,1514,944,2084,1514,1514,998,1998,0,0,4
287602160,287602160,18,40,0,0,0,1514,1512,1482,1517,1934,1094,1094,1094,1514,1514,1514,1514,944,2084,1514,1514,998,1998,0,0,4
287790202,287790202,18,40,0,0,0,1514,1512,1482,1517,1934,1094,1094,1094,1514,1514,1514,1514,944,2084,1514,1514,998,1998,0,0,4
287993386,287993386,18,40,0,0,0,1514,1512,1482,1517,1934,1094,1094,1094,1514,1514,1514,1514,944,2084,1514,1514,998,1998,0,0,4
288197550,288197550,18,40,0,0,0,1514,1512,1482,1517,1934,1094,1094,1094,1514,1514,1514,1514,944,2084,1514,1514,998,1998,0,0,4
288401398,288401398,18,40,0,0,0,1514,1512,1482,1517,1934,1094,1094,1094,1514,1514,1514,1514,944,2084,1514,1514,998,1998,0,0,4
288609288,288609288,18,40,0,0,0,1514,1512,1482,1517,1934,1094,1094,1094,1514,1514,1514,1514,944,2084,1514,1514,998,1998,0,0,4
288804421,288804421,18,40,0,0,0,1514,1512,1482,1517,1934,1094,1094,1094,1514,1514,1514,1514,944,2084,1514,1514,998,1998,0,0,4
289020577,289020577,18,40,0,0,0,1514,1512,1482,1517,1934,1094,1094,1094,1514,1514,1514,1514,944,2084,1514,1514,998,1998,0,0,4
289208604,289208604,18,40,0,0,0,1514,1512,1482,1517,1934,1094,1094,1094,1514,1514,1514,1514,944,2084,1514,1514,998,1998,0,0,4
289428588,289428588,18,40,0,0,0,1514,1512,1482,1517,1934,1094,1094,1094,1514,1514,1514,1514,944,2084,1514,1514,998,1998,0,0,4
289612398,289612398,18,40,0,0,0,1514,1512,1482,1517,1934,1094,1094,1094,1514,1514,1514,1514,944,2084,1514,1514,998,1998,0,0,4
289831550,289831550,18,40,0,0,0,1514,1512,1482,1517,1934,1094,1094,1094,1514,1514,1514,1514,944,2084,1514,1514,998,1998,0,0,4
290035797,290035797,18,40,0,0,0,1514,1512,1482,1517,1934,1094,1094,1094,1514,1514,1514,1514,944,2084,1514,1514,998,1998,0,0,4
290235769,290235769,18,40,0,0,0,1514,1512,1482,1517,1934,1094,1094,1094,1514,1514,1514,1514,944,2084,1514,1514,998,1998,0,0,4
290438946,290438946,18,40,0,0,0,1514,1512,1482,1517,1934,1094,1094,1094,1514,1514,1514,1514,944,2084,1514,1514,998,1998,0,0,4
290642974,290642974,18,40,0,0,0,1514,1512,1482,1517,1934,1094,1094,1094,1514,1514,1514,1514,944,2084,1514,1514,998,1998,0,0,4
290838766,290838766,18,40,0,0,0,1514,1512,1482,1517,1934,1094,1094,1094,1514,1514,1514,1514,944,2084,1514,1514,998,1998,0,0,4
291042958,291042958,18,40,0,0,0,1514,1512,1482,1517,1934,1094,1094,1094,1514,1514,1514,1514,944,2084,1514,1514,998,1998,0,0,4
291250929,291250929,18,40,0,0,0,1514,1512,1482,1517,1934,1094,1094,1094,1514,1514,1514,1514,944,2084,1514,1514,998,1998,0,0,4
291442327,291442327,18,40,0,0,0,1514,1512,1482,1517,1934,1094,1094,1094,1514,1514,1514,1514,944,2084,1514,1514,998,1998,0,0,4
291658338,291658338,18,40,0,0,0,1514,1512,1482,1517,1934,1094,1094,1094,1514,1514,1514,1514,944,2084,1514,1514,998,1998,0,0,4
291854184,291854184,18,40,0,0,0,1514,1512,1482,1517,1934,1094,1094,1094,1514,1514,1514,1514,944,2084,1514,1514,998,1998,0,0,4
292054219,292054219,18,40,0,0,0,1514,1512,1482,1517,1934,1094,1094,1094,1514,1514,1514,1514,944,2084,1514,1514,998,1998,0,0,4
292257520,292257520,18,40,0,0,0,1514,1512,1482,1517,1934,1094,1094,1094,1514,1514,1514,1514,944,2084,1514,1514,998,1998,0,0,4
292461390,292461390,18,40,0,0,0,1514,1512,1482,1517,1934,1094,1094,1094,1514,1514,1514,1514,944,2084,1514,1514,998,1998,0,0,4
292657388,292657388,18,40,0,0,0,1514,1512,1482,1517,1934,1094,1094,1094,1514,1514,1514,1514,944,2084,1514,1514,998,1998,0,0,4
292873381,292873381,18,40,0,0,0,1514,1512,1482,1517,1934,1094,1094,1094,1514,1514,1514,1514,944,2084,1514,1514,998,1998,0,0,4
293076595,293076595,18,40,0,0,0,1514,1512,1482,1517,1934,1094,1094,1094,1514,1514,1514,1514,944,2084,1514,1514,998,1998,0,0,4
293280426,293280426,18,40,0,0,0,1514,1512,1482,1517,1934,1094,1094,1094,1514,1514,1514,1514,944,2084,1514,1514,998,1998,0,0,4
293476570,293476570,18,40,0,0,0,1514,1512,1482,1517,1934,1094,1094,1094,1514,1514,1514,1514,944,2084,1514,1514,998,1998,0,0,4
293676607,293676607,18,40,0,0,0,1514,1512,1482,1517,1934,1094,1094,1094,1514,1514,1514,1514,944,2084,1514,1514,998,1998,0,0,4
293875805,293875805,18,40,0,0,0,1514,1512,1482,1517,1934,1094,1094,1094,1514,1514,1514,1514,944,2084,1514,1514,998,1998,0,0,4
294079746,294079746,18,40,0,0,0,1514,1512,1482,1517,1934,1094,1094,1094,1514,1514,1514,1514,944,2084,1514,1514,998,1998,0,0,4
294279582,294279582,18,40,0,0,0,1514,1512,1482,1517,1934,1094,1094,1094,1514,1514,1514,1514,944,2084,1514,1514,998,1998,0,0,4
294479768,294479768,18,40,0,0,0,1514,1512,1482,1517,1934,1094,1094,1094,1514,1514,1514,1514,944,2084,1514,1514,998,1998,0,0,4
294682947,294682947,18,40,0,0,0,1514,1512,1482,1517,1934,1094,1094,1094,1514,1514,1514,1514,944,2084,1514,1514,998,1998,0,0,4
294903137,294903137,18,40,0,0,0,1514,1512,1482,1517,1934,1094,1094,1094,1514,1514,1514,1514,944,2084,1514,1514,998,1998,0,0,4
295106969,295106969,18,40,0,0,0,1514,1512,1482,1517,1934,1094,1094,1094,1514,1514,1514,1514,944,2084,1514,1514,998,1998,0,0,4
295290983,295290983,18,40,0,0,0,1514,1512,1482,1517,1934,1094,1094,1094,1514,1514,1514,1514,944,2084,1514,1514,998,1998,0,0,4
295498034,295498034,18,40,0,0,0,1514,1512,1482,1517,1934,1094,1094,1094,1514,1514,1514,1514,944,2084,1514,1514,998,1998,0,0,4
295706175,295706175,18,40,0,0,0,1514,1512,1482,1517,1934,1094,1094,1094,1514,1514,1514,1514,944,2084,1514,1514,998,1998,0,0,4
295905950,295905950,18,40,0,0,0,1514,1512,1482,1517,1934,1094,1094,1094,1514,1514,1514,1514,944,2084,1514,1514,998,1998,0,0,4
296106189,296106189,18,40,0,0,0,1514,1512,1482,1517,1934,1094,1094,1094,1514,1514,1514,1514,944,2084,1514,1514,998,1998,0,0,4
296305154,296305154,18,40,0,0,0,1514,1512,1482,1517,1934,1094,1094,1094,1514,1514,1514,1514,944,2084,1514,1514,998,1998,0,0,4
296521207,296521207,18,40,0,0,0,1514,1512,1482,1517,1934,1094,1094,1094,1514,1514,1514,1514,944,2084,1514,1514,998,1998,0,0,4
296721148,296721148,18,40,0,0,0,1514,1512,1482,1517,1934,1094,1094,1094,1514,1514,1514,1514,944,2084,1514,1514,998,1998,0,0,4
296913461,296913461,18,40,0,0,0,1514,1512,1482,1517,1934,1094,1094,1094,1514,1514,1514,1514,944,2084,1514,1514,998,1998,0,0,4
297120563,297120563,18,40,0,0,0,1514,1512,1482,1517,1934,1094,1094,1094,1514,1514,1514,1514,944,2084,1514,1514,998,1998,0,0,4
297324582,297324582,18,40,0,0,0,1514,1512,1482,1517,1934,1094,1094,1094,1514,1514,1514,1514,944,2084,1514,1514,998,1998,0,0,4
297532397,297532397,18,40,0,0,0,1514,1512,1482,1517,1934,1094,1094,1094,1514,1514,1514,1514,944,2084,1514,1514,998,1998,0,0,4
297736468,297736468,18,40,0,0,0,1514,1512,1482,1517,1934,1094,1094,1094,1514,1514,1514,1514,944,2084,1514,1514,998,1998,0,0,4
297919944,297919944,18,40,0,0,0,1514,1512,1482,1517,1934,1094,1094,1094,1514,1514,1514,1514,944,2084,1514,1514,998,1998,0,0,4
298139582,298139582,18,40,0,0,0,1514,1512,1482,1517,1934,1094,1094,1094,1514,1514,1514,1514,944,2084,1514,1514,998,1998,0,0,4
298343743,298343743,18,40,0,0,0,1514,1512,1482,1517,1934,1094,1094,1094,1514,1514,1514,1514,944,2084,1514,1514,998,1998,0,0,4
298539547,298539547,18,40,0,0,0,1514,1512,1482,1517,1934,1094,1094,1094,1514,1514,1514,1514,944,2084,1514,1514,998,1998,0,0,4
299549244,299549244,18,40,0,0,0,1514,1512,1482,1517,1934,1094,1094,1094,1514,1514,1514,1514,944,2084,1514,1514,998,1998,0,0,4
299750320,299750320,18,40,0,0,0,1514,1512,1482,1517,1934,1094,1094,1094,1514,1514,1514,1514,944,2084,1514,1514,998,1998,0,0,4
299949954,299949954,18,40,0,0,0,1514,1512,1482,1517,1934,1094,1094,1094,1514,1514,1514,1514,944,2084,1514,1514,998,1998,0,0,4
300150198,300150198,18,40,0,0,0,1514,1512,1482,1517,1934,1094,1094,1094,1514,1514,1514,1514,944,2084,1514,1514,998,1998,0,0,4
300349963,300349963,18,40,0,0,0,1514,1512,1482,1517,1934,1094,1094,1094,1514,1514,1514,1514,944,2084,1514,1514,998,1998,0,0,4
300565374,300565374,18,40,0,0,0,1514,1512,1482,1517,1934,1094,1094,1094,1514,1514,1514,1514,944,2084,1514,1514,998,1998,0,0,4
300769406,300769406,18,40,0,0,0,1514,1512,1482,1517,1934,1094,1094,1094,1514,1514,1514,1514,944,2084,1514,1514,998,1998,0,0,4
300969179,300969179,18,40,0,0,0,1514,1512,1482,1517,1934,1094,1094,1094,1514,1514,1514,1514,944,2084,1514,1514,998,1998,0,0,4
301169368,301169368,18,40,0,0,0,1514,1512,1482,1517,1934,1094,1094,1094,1514,1514,1514,1514,944,2084,1514,1514,998,1998,0,0,4
301368746,301368746,18,40,0,0,0,1514,1512,1482,1517,1934,1094,1094,1094,1514,1514,1514,1514,944,2084,1514,1514,998,1998,0,0,4
301572563,301572563,18,40,0,0,0,1514,1512,1482,1517,1934,1094,1094,1094,1514,1514,1514,1514,944,2084,1514,1514,998,1998,0,0,4
301768559,301768559,18,40,0,0,0,1514,1512,1482,1517,1934,1094,1094,1094,1514,1514,1514,1514,944,2084,1514,1514,998,1998,0,0,4
301976377,301976377,18,40,0,0,0,1514,1512,1482,1517,1934,1094,1094,1094,1514,1514,1514,1514,944,2084,1514,1514,998,1998,0,0,4
302176564,302176564,18,40,0,0,0,1514,1512,1482,1517,1934,1094,1094,1094,1514,1514,1514,1514,944,2084,1514,1514,998,1998,0,0,4
302383790,302383790,18,40,0,0,0,1514,1512,1482,1517,1934,1094,1094,1094,1514,1514,1514,1514,944,2084,1514,1514,998,1998,0,0,4
302571766,302571766,18,40,0,0,0,1514,1512,1482,1517,1934,1094,1094,1094,1514,1514,1514,1514,944,2084,1514,1514,998,1998,0,0,4
302783557,302783557,18,40,0,0,0,1514,1512,1482,1517,1934,1094,1094,1094,1514,1514,1514,1514,944,2084,1514,1514,998,1998,0,0,4
302983917,302983917,18,40,0,0,0,1514,1512,1482,1517,1934,1094,1094,1094,1514,1514,1514,1514,944,2084,1514,1514,998,1998,0,0,4
303182808,303182808,18,40,0,0,0,1514,1512,1482,1517,1934,1094,1094,1094,1514,1514,1514,1514,944,2084,1514,1514,998,1998,0,0,4
303398807,303398807,18,40,0,0,0,1514,1512,1482,1517,1934,1094,1094,1094,1514,1514,1514,1514,944,2084,1514,1514,998,1998,0,0,4
303578947,303578947,18,40,0,0,0,1514,1512,1482,1517,1934,1094,1094,1094,1514,1514,1514,1514,944,2084,1514,1514,998,1998,0,0,4
303798190,303798190,18,40,0,0,0,1514,1512,1482,1517,1934,1094,1094,1094,1514,1514,1514,1514,944,2084,1514,1514,998,1998,0,0,4
303998178,303998178,18,40,0,0,0,1514,1512,1482,1517,1934,1094,1094,1094,1514,1514,1514,1514,944,2084,1514,1514,998,1998,0,0,4
304190165,304190165,18,40,0,0,0,1514,1512,1482,1517,1934,1094,1094,1094,1514,1514,1514,1514,944,2084,1514,1514,998,1998,0,0,4
304394187,304394187,18,40,0,0,0,1514,1512,1482,1517,1934,1094,1094,1094,1514,1514,1514,1514,944,2084,1514,1514,998,1998,0,0,4
304612472,304612472,18,40,0,0,0,1514,1512,1482,1517,1934,1094,1094,1094,1514,1514,1514,1514,944,2084,1514,1514,998,1998,0,0,4
304793388,304793388,18,40,0,0,0,1514,1512,1482,1517,1934,1094,1094,1094,1514,1514,1514,1514,944,2084,1514,1514,998,1998,0,0,4
305009406,305009406,18,40,0,0,0,1514,1512,1482,1517,1934,1094,1094,1094,1514,1514,1514,1514,944,2084,1514,1514,998,1998,0,0,4
305209350,305209350,18,40,0,0,0,1514,1512,1482,1517,1934,1094,1094,1094,1514,1514,1514,1514,944,2084,1514,1514,998,1998,0,0,4
305409179,305409179,18,40,0,0,0,1514,1512,1482,1517,1934,1094,1094,1094,1514,1514,1514,1514,944,2084,1514,1514,998,1998,0,0,4
305608792,305608792,18,40,0,0,0,1514,1512,1482,1517,1934,1094,1094,1094,1514,1514,1514,1514,944,2084,1514,1514,998,1998,0,0,4
305824727,305824727,18,40,0,0,0,1514,1512,1482,1517,1934,1094,1094,1094,1514,1514,1514,1514,944,2084,1514,1514,998,1998,0,0,4
306024610,306024610,18,40,0,0,0,1514,1512,1482,1517,1934,1094,1094,1094,1514,1514,1514,1514,944,2084,1514,1514,998,1998,0,0,4
306224429,306224429,18,40,0,0,0,1514,1512,1482,1517,1934,1094,1094,1094,1514,1514,1514,1514,944,2084,1514,1514,998,1998,0,0,4
306431577,306431577,18,40,0,0,0,1514,1512,1482,1517,1934,1094,1094,1094,1514,1514,1514,1514,944,2084,1514,1514,998,1998,0,0,4
306619766,306619766,18,40,0,0,0,1514,1512,1482,1517,1934,1094,1094,1094,1514,1514,1514,1514,944,2084,1514,1514,998,1998,0,0,4
306847766,306847766,18,40,0,0,0,1514,1512,1482,1517,1934,1094,1094,1094,1514,1514,1514,1514,944,2084,1514,1514,998,1998,0,0,4
307047918,307047918,18,40,0,0,0,1514,1512,1482,1517,1934,1094,1094,1094,1514,1514,1514,1514,944,2084,1514,1514,998,1998,0,0,4
307246769,307246769,18,40,0,0,0,1514,1512,1482,1517,1934,1094,1094,1094,1514,1514,1514,1514,944,2084,1514,1514,998,1998,0,0,4
307446762,307446762,18,40,0,0,0,1514,1512,1482,1517,1934,1094,1094,1094,1514,1514,1514,1514,944,2084,1514,1514,998,1998,0,0,4
307642973,307642973,18,40,0,0,0,1514,1512,1482,1517,1934,1094,1094,1094,1514,1514,1514,1514,944,2084,1514,1514,998,1998,0,0,4
307842948,307842948,18,40,0,0,0,1514,1512,1482,1517,1934,1094,1094,1094,1514,1514,1514,1514,944,2084,1514,1514,998,1998,0,0,4
308045236,308045236,18,40,0,0,0,1514,1512,1482,1517,1934,1094,1094,1094,1514,1514,1514,1514,944,2084,1514,1514,998,1998,0,0,4
308262231,308262231,18,40,0,0,0,1514,1512,1482,1517,1934,1094,1094,1094,1514,1514,1514,1514,944,2084,1514,1514,998,1998,0,0,4
308450320,308450320,18,40,0,0,0,1514,1512,1482,1517,1934,1094,1094,1094,1514,1514,1514,1514,944,2084,1514,1514,998,1998,0,0,4
308650005,308650005,18,40,0,0,0,1514,1512,1482,1517,1934,1094,1094,1094,1514,1514,1514,1514,944,2084,1514,1514,998,1998,0,0,4
308852408,308852408,18,40,0,0,0,1514,1512,1482,1517,1934,1094,1094,1094,1514,1514,1514,1514,944,2084,1514,1514,998,1998,0,0,4
309069150,309069150,18,40,0,0,0,1514,1512,1482,1517,1934,1094,1094,1094,1514,1514,1514,1514,944,2084,1514,1514,998,1998,0,0,4
309265176,309265176,18,40,0,0,0,1514,1512,1482,1517,1934,1094,1094,1094,1514,1514,1514,1514,944,2084,1514,1514,998,1998,0,0,4
309465375,309465375,18,40,0,0,0,1514,1512,1482,1517,1934,1094,1094,1094,1514,1514,1514,1514,944,2084,1514,1514,998,1998,0,0,4
309665434,309665434,18,40,0,0,0,1514,1512,1482,1517,1934,1094,1094,1094,1514,1514,1514,1514,944,2084,1514,1514,998,1998,0,0,4
309868546,309868546,18,40,0,0,0,1514,1512,1482,1517,1934,1094,1094,1094,1514,1514,1514,1514,944,2084,1514,1514,998,1998,0,0,4
310068735,310068735,18,40,0,0,0,1514,1512,1482,1517,1934,1094,1094,1094,1514,1514,1514,1514,944,2084,1514,1514,998,1998,0,0,4
310268453,310268453,18,40,0,0,0,1514,1512,1482,1517,1934,1094,1094,1094,1514,1514,1514,1514,944,2084,1514,1514,998,1998,0,0,4
310468553,310468553,18,40,0,0,0,1514,1512,1482,1517,1934,1094,1094,1094,1514,1514,1514,1514,944,2084,1514,1514,998,1998,0,0,4
310667795,310667795,18,40,0,0,0,1514,1512,1482,1517,1934,1094,1094,1094,1514,1514,1514,1514,944,2084,1514,1514,998,1998,0,0,4
310883655,310883655,18,40,0,0,0,1514,1512,1482,1517,1934,1094,1094,1094,1514,1514,1514,1514,944,2084,1514,1514,998,1998,0,0,4
311079634,311079634,18,40,0,0,0,1514,1512,1482,1517,1934,1094,1094,1094,1514,1514,1514,1514,944,2084,1514,1514,998,1998,0,0,4
311279794,311279794,18,40,0,0,0,1514,1512,1482,1517,1934,1094,1094,1094,1514,1514,1514,1514,944,2084,1514,1514,998,1998,0,0,4
311478948,311478948,18,40,0,0,0,1514,1512,1482,1517,1934,1094,1094,1094,1514,1514,1514,1514,944,2084,1514,1514,998,1998,0,0,4
311683158,311683158,18,40,0,0,0,1514,1512,1482,1517,1934,1094,1094,1094,1514,1514,1514,1514,944,2084,1514,1514,998,1998,0,0,4
311886992,311886992,18,40,0,0,0,1514,1512,1482,1517,1934,1094,1094,1094,1514,1514,1514,1514,944,2084,1514,1514,998,1998,0,0,4
312090962,312090962,18,40,0,0,0,1514,1512,1482,1517,1934,1094,1094,1094,1514,1514,1514,1514,944,2084,1514,1514,998,1998,0,0,4
312290991,312290991,18,40,0,0,0,1514,1512,1482,1517,1934,1094,1094,1094,1514,1514,1514,1514,944,2084,1514,1514,998,1998,0,0,4
312490370,312490370,18,40,0,0,0,1514,1512,1482,1517,1934,1094,1094,1094,1514,1514,1514,1514,944,2084,1514,1514,998,1998,0,0,4
312694181,312694181,18,40,0,0,0,1514,1512,1482,1517,1934,1094,1094,1094,1514,1514,1514,1514,944,2084,1514,1514,998,1998,0,0,4
312910224,312910224,18,40,0,0,0,1514,1512,1482,1517,1934,1094,1094,1094,1514,1514,1514,1514,944,2084,1514,1514,998,1998,0,0,4
313110191,313110191,18,40,0,0,0,1514,1512,1482,1517,1934,1094,1094,1094,1514,1514,1514,1514,944,2084,1514,1514,998,1998,0,0,4
313321375,313321375,18,40,0,0,0,1514,1512,1482,1517,1934,1094,1094,1094,1514,1514,1514,1514,944,2084,1514,1514,998,1998,0,0,4
313521275,313521275,18,40,0,0,0,1514,1512,1482,1517,1934,1094,1094,1094,1514,1514,1514,1514,944,2084,1514,1514,998,1998,0,0,4
313709386,313709386,18,40,0,0,0,1514,1512,1482,1517,1934,1094,1094,1094,1514,1514,1514,1514,944,2084,1514,1514,998,1998,0,0,4
313921399,313921399,18,40,0,0,0,1514,1512,1482,1517,1934,1094,1094,1094,1514,1514,1514,1514,944,2084,1514,1514,998,1998,0,0,4
314117376,314117376,18,40,0,0,0,1514,1512,1482,1517,1934,1094,1094,1094,1514,1514,1514,1514,944,2084,1514,1514,998,1998,0,0,4
314316470,314316470,18,40,0,0,0,1514,1512,1482,1517,1934,1094,1094,1094,1514,1514,1514,1514,944,2084,1514,1514,998,1998,0,0,4
314516561,314516561,18,40,0,0,0,1514,1512,1482,1517,1934,1094,1094,1094,1514,1514,1514,1514,944,2084,1514,1514,998,1998,0,0,4
314740725,314740725,18,40,0,0,0,1514,1512,1482,1517,1934,1094,1094,1094,1514,1514,1514,1514,944,2084,1514,1514,998,1998,0,0,4
314920722,314920722,18,40,0,0,0,1514,1512,1482,1517,1934,1094,1094,1094,1514,1514,1514,1514,944,2084,1514,1514,998,1998,0,0,4
315139769,315139769,18,40,0,0,0,1514,1512,1482,1517,1934,1094,1094,1094,1514,1514,1514,1514,944,2084,1514,1514,998,1998,0,0,4
315339618,315339618,18,40,0,0,0,1514,1512,1482,1517,1934,1094,1094,1094,1514,1514,1514,1514,944,2084,1514,1514,998,1998,0,0,4
315539775,315539775,18,40,0,0,0,1514,1512,1482,1517,1934,1094,1094,1094,1514,1514,1514,1514,944,2084,1514,1514,998,1998,0,0,4
315735800,315735800,18,40,0,0,0,1514,1512,1482,1517,1934,1094,1094,1094,1514,1514,1514,1514,944,2084,1514,1514,998,1998,0,0,4
315946064,315946064,18,40,0,0,0,1514,1512,1482,1517,1934,1094,1094,1094,1514,1514,1514,1514,944,2084,1514,1514,998,1998,0,0,4
316146751,316146751,18,40,0,0,0,1514,1512,1482,1517,1934,1094,1094,1094,1514,1514,1514,1514,944,2084,1514,1514,998,1998,0,0,4
316346963,316346963,18,40,0,0,0,1514,1512,1482,1517,1934,1094,1094,1094,1514,1514,1514,1514,944,2084,1514,1514,998,1998,0,0,4
316563014,316563014,18,40,0,0,0,1514,1512,1482,1517,1934,1094,1094,1094,1514,1514,1514,1514,944,2084,1514,1514,998,1998,0,0,4
316746357,316746357,18,40,0,0,0,1514,1512,1482,1517,1934,1094,1094,1094,1514,1514,1514,1514,944,2084,1514,1514,998,1998,0,0,4
316966188,316966188,18,40,0,0,0,1514,1512,1482,1517,1934,1094,1094,1094,1514,1514,1514,1514,944,2084,1514,1514,998,1998,0,0,4
317166172,317166172,18,40,0,0,0,1514,1512,1482,1517,1934,1094,1094,1094,1514,1514,1514,1514,944,2084,1514,1514,998,1998,0,0,4
317366187,317366187,18,40,0,0,0,1514,1512,1482,1517,1934,1094,1094,1094,1514,1514,1514,1514,944,2084,1514,1514,998,1998,0,0,4
317566213,317566213,18,40,0,0,0,1514,1512,1482,1517,1934,1094,1094,1094,1514,1514,1514,1514,944,2084,1514,1514,998,1998,0,0,4
317773389,317773389,18,40,0,0,0,1514,1512,1482,1517,1934,1094,1094,1094,1514,1514,1514,1514,944,2084,1514,1514,998,1998,0,0,4
317973269,317973269,18,40,0,0,0,1514,1512,1482,1517,1934,1094,1094,1094,1514,1514,1514,1514,944,2084,1514,1514,998,1998,0,0,4
318173383,318173383,18,40,0,0,0,1514,1512,1482,1517,1934,1094,1094,1094,1514,1514,1514,1514,944,2084,1514,1514,998,1998,0,0,4
318377394,318377394,18,40,0,0,0,1514,1512,1482,1517,1934,1094,1094,1094,1514,1514,1514,1514,944,2084,1514,1514,998,1998,0,0,4
318580756,318580756,18,40,0,0,0,1514,1512,1482,1517,1934,1094,1094,1094,1514,1514,1514,1514,944,2084,1514,1514,998,1998,0,0,4
318796909,318796909,18,40,0,0,0,1514,1512,1482,1517,1934,1094,1094,1094,1514,1514,1514,1514,944,2084,1514,1514,998,1998,0,0,4
318996568,318996568,18,40,0,0,0,1514,1512,1482,1517,1934,1094,1094,1094,1514,1514,1514,1514,944,2084,1514,1514,998,1998,0,0,4
319192805,319192805,18,40,0,0,0,1514,1512,1482,1517,1934,1094,1094,1094,1514,1514,1514,1514,944,2084,1514,1514,998,1998,0,0,4
319391910,319391910,18,40,0,0,0,1514,1512,1482,1517,1934,1094,1094,1094,1514,1514,1514,1514,944,2084,1514,1514,998,1998,0,0,4
319591794,319591794,18,40,0,0,0,1514,1512,1482,1517,1934,1094,1094,1094,1514,1514,1514,1514,944,2084,1514,1514,998,1998,0,0,4
319791781,319791781,18,40,0,0,0,1514,1512,1482,1517,1934,1094,1094,1094,1514,1514,1514,1514,944,2084,1514,1514,998,1998,0,0,4
319991746,319991746,18,40,0,0,0,1514,1512,1482,1517,1934,1094,1094,1094,1514,1514,1514,1514,944,2084,1514,1514,998,1998,0,0,4
320210817,320210817,18,39,0,0,0,1514,1512,1482,1517,1934,1094,1094,1094,1514,1514,1514,1514,944,2084,1514,1514,998,1998,0,0,4
320406753,320406753,18,39,0,0,0,1514,1512,1482,1517,1934,1094,1094,1094,1514,1514,1514,1514,944,2084,1514,1514,998,1998,0,0,4
